 आप्स् १। भगवांच् छ्रावस्त्यां विहरति स्म जेतवने अनाथपिण्डदस्यारामे। तत्र भगवान् भिक्षून् आमन्त्रयते स्म। इच्छथ यूयं भिक्षवः सत्वानाम् (ग्ब्म् १७०७।१) आयुःपर्यन्तं श्रोतुं। एतस्य भगवां काल, एतस्य सुगत समयो,	བཅོམ་ལྡན་འདས་མཉན་ཡོད་ན་རྒྱལ་བུ་རྒྱལ་བྱེད་ཀྱི་ཚལ་མགོན་མེད་ཟས་སྦྱིན་གྱི་ཀུན་དགའ་ར་བ་ན་བཞུགས་སོ་༎ དེ་ནས་བཅོམ་ལྡན་འདས་ཀྱིས་དགེ་སློང་རྣམས་ལ་བཀའ་སྩལ་པ་། དགེ་སློང་དག་ཁྱེད་སེམས་ཅན་རྣམས་ཀྱི་ཚེའི་མཐའ་ཐོས་པར་འདོད་དམ་། བཅོམ་ལྡན་འདས་། དེའི་དུས་ལ་བབ་ལགས་སོ་༎ བདེ་བར་གཤེགས་པ་། དེའི་དུས་ལ་བབ་ལགས་སོ་༎
 यद् भगवान् भिक्षूणां सत्वानाम् आयुःपर्यन्तं देशयेद्। भगवतः श्रुत्वा भिक्षवो धारयिष्यन्ति। तेन हि भिक्षवः (ग्ब्म् १७०७।२)	བཅོམ་ལྡན་འདས་། སེམས་ཅན་རྣམས་ཀྱི་ཚེའི་མཐའ་བསྟན་པ་བཅོམ་ལྡན་འདས་ལས་ཐོས་ནས་དགེ་སློང་དག་འཛིན་པར་བགྱིད་ལགས་སོ་༎ 
 शृणुत साधु च सुष्ठु च मनसिकुरुत,	དགེ་སློང་དག་། དེའི་ཕྱིར་ལེགས་པར་རབ་ཏུ་ཉོན་ལ་ཡིད་ལ་ཟུངས་ཤིག་དང་ངས་བཤད་དོ་༎ དགེ་སློང་དག་། དམྱལ་བ་རྣམས་ཀྱི་ཚེའི་ཚད་ནི་རིང་ན་བསྐལ་པ་གཅིག་སྟེ་། བར་མ་དོར་འཆི་བ་ནི་ཡོད་དོ་༎
 भाषिष्य। एवं भदन्तेति। ते भिक्षवो भगवतः प्रत्यश्रोषुः। अथ भगवांस् तान् भिक्षून् इदम् अवोचत्*। आप्स् २। परं भिक्षवो नरकेषु कल्प आयुषः (ग्ब्म् १७०७।३) प्रमाणम्, अस्त्य् अन्तरेण कालक्रिया।	དགེ་སློང་དག་།
 आप्स् ३। परं भिक्षवस् तिर्यक्षु कल्प आयुषः प्रमाणम्,	༄༢༡༤བ་དུད་འགྲོ་རྣམས་ཀྱི་ཚེའི་ཚད་ནི་རིང་ན་བསྐལ་པ་གཅིག་སྟེ་།
 अस्त्य् अन्तरेण कालक्रिया।	བར་མ་དོར་འཆི་བ་ནི་ཡོད་དོ་༎ དགེ་སློང་དག་།
 आप्स् ४। यानि भिक्षवो मनुष्याणां त्रिंशद् रात्रिंदिवसानि तत् प्रेतानाम् (ग्ब्म् १७०७।४) एकं रात्रिंदिवसं,	མི་རྣམས་ཀྱི་ཉིན་ཞག་སུམ་ཅུ་གང་ཡིན་པ་དེ་ཡི་དབ༹གས་རྣམས་ཀྱི་ཉིན་ཞག་གཅིག་གོ་།
 तेन रात्रिंदिवसेन त्रिंशद् रात्रकेण मासेन,	ཉིན་ཞག་དེ་སུམ་ཅུ་ལ་ཟླ་བ་གཅིག་།
 द्वादश मासकेन संवत्सरेण,	ཟླ་བ་བཅུ་གཉིས་ལ་ལོ་གཅིག་སྟེ་།
 तया संवत्सरगणनया पंच वर्षशतानि प्रेतानाम् आयुषः (ग्ब्म् १७०७।५)	ཡི་དབ༹གས་རྣམས་ཀྱི་ཚེའི་ཚད་ནི་ལོ་དེ་ལྟ་བུར་བརྩིས་པའི་ལྔ་བརྒྱ་ཐུབ་སྟེ་།
 प्रमाणां। तद् भवति मानुषिकया गणनया पंचदश वर्षसहस्राण्य् आयुषः प्रमाणम्,	དེ་མིའི་ལྟར་བརྩིས་ན་ལོ་ཁྲི་ལྔ་སྟོང་ཡོད་དེ་།
 अस्त्य् अन्तरेण कालक्रिया।	བར་མ་དོར་འཆི་བ་ནི་ཡོད་དོ་༎
 आप्स् ५। अथ भगवांस् तस्यां वेलायां गाथा भाषते।	དེ་ནས་བཅོམ་ལྡན་འདས་ཀྱིས་དེའི་ཚེ་ཚིགས་སུ་བཅད་དེ་བཀའ་སྩལ་པ་། ཇི་ལྟར་རབ་ཏུ་ཆེ་བའི་ལུས་འགྲེང་ཞིང་༎
 विशुष्ककण्ठौष्ठपुटा (ग्ब्म् १७०७।६) सुदुःखिता प्रवृद्धशैला इव उच्छ्रिताश्रया ।	མཆུ་དང་མིད་བསྐམས་ཤིན་ཏུ་སྡུག་བསྔལ་བ་༎
 स्वकेशसंच्छन्नविदारितोन्मुखा	རང་གི་སྐྲས་ཡོག་ཁ་གདངས་གནམ་དུ་ལྟ་༎
 सुसूक्ष्मसूचीसदृशा नसाः कृशा ॥ १ नग्ना स्वकेशसंछन्नो अस्थियन्त्रवदन्तता (ग्ब्म् १७०७।७) । कपालपाणयो घोराः क्रदन्तः परिधाविनः ॥ २	སྣ་ནི་ཁབ་ལྟར་རབ་ཏུ་ཕྲ་བ་དང་༎ རུས་གོང་འདྲ་ལུས་གཅེར་བུ་རང་སྐྲས་ཡོག་། གཟུགས་མི་སྡུག་པ་འགྲེང་ཞིང་ཐོད་པ་ཐོགས་༎ བཀྲེས་དང་སྐོམ་དང་ངལ་བས་ར་བ་གཟིར་གང་༎ ཆོ་ངེས་འདེབས་ཤིང་ཀུན་ཏུ་རྒྱུག་པ་དག་།
 आर्तस्वराणि क्रन्दन्तो दुःखां विन्दति वेदनाम्* ॥ ३ X X X X (ग्ब्म् १६९३।१) ^ _ व्येहे कृत्वेर्ष्यां च परस्परम्* । उत्पन्नास् ते प्रेतलोके कर्म कृत्वेह पापकः ॥ ४	ཉམ་ཐག་སྐད་འབྱིན་སྡུག་བསྔལ་ཚོར་བ་མྱོང་༎ ཕན་ཚུན་ཕྲག་དོག་སེར་སྣ་འདིར་བསྟེན་ཅིང་༎ འདིར་ནི་སྡིག་པའི་ལས་དག་བྱས་པ་ཡིས་༎ ཡི་དབ༹གས་འཇིག་རྟེན་དུ་ནི་དེ་དག་སྐྱེས་༎
 आप्स् ६। पूर्वविदेहकानां भिक्षवो मनुष्याणाम् अर्धत्रितीयानि वर्षशतान्य् आयुषः प्रमाणम्,	དགེ་སློང་དག་། ཤར་གྱི་ལུས་འཕགས་ཀྱི་མི་རྣམས་ཀྱི་ཚེའི་ཚད་ནི་ལོ་ཉིས་བརྒྱ་ལྔ་བཅུ་སྟེ་།
 अस्त्य् अन्तरेण (ग्ब्म् १६९३।२) कालक्रिया।	བར་མ་དོར་འཆི་བ་ནི་ཡོད་དོ་༎
 आप्स् ७। अवरगोदानीयकानां भिक्षवो मनुष्याणां पंच वर्षशतान्य् आयुषः प्रमाणम्,	དགེ་སློང་དག་། ནུབ་ཀྱི་བ་ལང་སྤྱོད་ཀྱི་མི་རྣམས་ཀྱི་ཚེའི་ཚད་ལོ་ལྔ་བརྒྱ་སྟེ་།
 अस्त्य् अन्तरेण कालक्रिया।	བར་མ་དོར་འཆི་བ་ནི་ཡོད་དོ་༎ དགེ་སློང་དག་། བྱང་༄༢༡༥ཨ་༌༎
 आप्स् ८। उत्तरकौरवाणां भिक्षवो मनुष्याणां वर्षसहस्राण्य् आयुषः (ग्ब्म् १६९३।३)	གི་སྒྲ་མི་སྙན་རྣམས་ཀྱི་ཚེའི་ཚད་ནི་ལོ་སྟོང་སྟེ་།
 प्रमाणम्, नास्त्य् अन्तरेण कालक्रिया।	བར་མ་དོར་འཆི་བ་ནི་མེད་དོ་༎
 आप्स् ९। केन कारणेनोत्तरकौरवाणां मनुष्याणां वर्षसहस्रम् आयुषः प्रमाणम्,	རྒྱུ་གང་གིས་སྒྲ་མི་སྙན་པ་རྣམས་ཀྱི་ཚེའི་ཚད་ནི་ལོ་སྟོང་ཐུབ་ལ་།
 नास्त्य् अन्तरेण कालक्रिया। आप्स् १०। उत्तरकौरवा भिक्षवो (ग्ब्म् १६९३।४)	བར་མ་དོར་འཆི་བ་ནི་མེད་ཅེ་ན་། དགེ་སློང་དག་།
 मनुष्या अममाश् च परिग्रहाश् च नियतायुस् + + तच् च्युता विशेषगामिन आयत्यां स्वर्गोपगाः। अनेन कारणेनोत्तरकौरवाणां भिक्षवो मनुष्याणां वर्षसहस्रम् (ग्ब्म् १६९३।५) आयुषः प्रमाणम्, नास्त्य् अन्तरेण कालक्रिया।	བྱང་གི་སྒྲ་མི་སྙན་གྱི་མི་རྣམས་ནི་བདག་གི་བ་མེད་ཅིང་ཡོངས་སུ་འཛིན་པ་མེད་ལ་ཚེ་ངེས་པ་ཡོད་ཅིང་འདི་ནས་ཤི་འཕོས་ནས་ཀྱང་ཁྱད་པར་དུ་འགྲོ་བ་སྟེ་། ཕྱི་མ་ལ་མཐོ་རིས་སུ་ཉེ་བར་འགྲོའོ་༎ དགེ་སློང་དག་། རྒྱུ་དེས་ན་བྱང་གི་སྒྲ་མི་སྙན་གྱི་མི་རྣམས་ཀྱི་ཚེའི་ཚད་ནི་ལོ་སྟོང་ཐུབ་ལ་བར་མ་དོར་འཆི་བ་ནི་མེད་དོ་༎
 आप्स् ११। अथ भगवांस् तस्यां वेलायां गाथा भाषते।	དེ་ནས་བཅོམ་ལྡན་འདས་ཀྱིས་དེའི་ཚེ་ཚིགས་སུ་བཅད་དེ་བཀའ་སྩལ་པ་།
 दरिद्र्यदुःखिता सत्वा आशंसन्ति धनं परम्* । परप्रेष्य (ग्ब्म् १६९३।६) ^ _ _ X X X X X ^ _ ^ X ॥ ५	དབུལ་བས་སྡུག་བསྔལ་སེམས་ཅན་དག་། གཞན་གྱི་ནོར་ལ་སྨོན་པར་བྱེད་༎ དེ་དག་དམ་པ་མ་བསྟེན་པས་༎ གཞན་གྱི་མངག་གཞུག་ངན་ཅིང་དམན་༎ ལོངས་སྤྱོད་དག་དང་ལྡན་པ་ཡི་༎
 आढ्या महाधना सत्वा उपभोगसमन्विताः ।	ཕྱུག་ཅིང་ནོར་མང་སེམས་ཅན་ནི་༎
 धनदान्यजनोपेतास् तैस् तु सन्त उपासित ॥ ६	ནོར་དང་འབྲུ་དང་སྐྱེ་བོར་ལྡན་༎ དེ་དག་དམ་པ་བསྟེན་པ་ཡིན་༎ བསོད་ནམས་ཕྱུག་པས་ཉེར་འཚོ་བའི་༎
 उपजीवन्ति पुण्याढ्यं कर्म कृत्वेह शोभनम् । (ग्ब्म् १६९३।६) X X X X ^ _ _ X X X X X ^ _ ^ X ॥ ७ X X X X ^ _ _ X X X X X ^ _ ^ X । ये लोके _ ।इ _ _ ।इ पूर्वदानस्य तत् फलम्* ॥ ८ मनुष्या ह्य् उत्तरे द्वीपे अमम (ग्ब्म् १६९२।१) अप्रिग्रहाः ।	དགེ་བའི་ལས་ནི་འདིར་བྱས་པས་༎ འབྱོར་པ་ཆེན་པོ་ཕུན་སུམ་ཚོགས་༎ ལྷ་བཞིན་དུ་ནི་དགའ་བར་བྱེད་༎ ལྐོག་གྱུར་གང་ཡིན་མི་སྣང་སྟེ་༎ མངོན་སུམ་འདི་ལ་བལྟ་བར་བྱོས་༎ གང་ཟག་ཁ་ཅིག་འཇིག་རྟེན་ན་༎ བདེ་ལྡན་སྔོན་བྱིན་འབྲས་བུ་ཡིན་༎ བྱང་ཕྱོགས་གླིང་གི་མི་རྣམས་ནི་༎ བདག་གི་མེད་ཅིང་ཡོངས་འཛིན་༄༢༡༥བ་མེད༏་༏དཔག་བསམ་ལས་བྱུང་གོས་སྟེན་པ་༎
 X X X कल्पदुष्याणि पूर्वदानस्य तत् फलम्* ॥ ९	དེ་ནི་སྔོན་བྱིན་འབྲས་བུ་ཡིན་༎
 न तेषां शीतम् ऊष्णं च व्याधिस् तेषां न विद्यते ।	དེ་དག་གྲང་དང་ཚ་བ་མེད་༎ དེ་དག་ལ་ནི་ནད་མེད་ཅིང་༎
 वर्णरूपेणसंपन्नाः पूर्वदानस्य तत् फलम्* ॥ १० अखण्डा विमला शालि (ग्ब्म् १६९२।२) X X X X ^ _ ^ X ।	གཟུགས་དང་ཁ་དོག་ཕུན་སུམ་ཚོགས་༎ དེ་ནི་སྔོན་བྱིན་འབྲས་བུ་ཡིན་༎ བྱང་ཕྱོགས་གླིང་ན་མ་ཉམས་ཤིང་༎ མ་གྲུགས་དག་ཅིང་གཙང་བ་དང་༎ ཤིན་ཏུ་དཀར་བའི་སའ་ལུ་སྐྱེ་༎
 X X ते ह्य् उत्तरे द्वीपे पूर्वदानस्य तत् फलम्* ॥ ११	དེ་ནི་སྔོན་བྱིན་འབྲས་བུ་ཡིན་༎
 मणिज्योतिष्करस् तेषां शुभः प्रज्वलते सदा ।	ནོར་བུ་འོད་བྱེད་འབར་བ་ཡིས་༎ དེ་རྣམས་རྟག་ཏུ་མཛེས་པ་དང་༎ དེ་དག་ཟས་ནི་འཇུ་བྱེད་གང་༎
 यस् तेषां पाचयत्य् अन्नं पूर्वदानस्य तत् फलम्* ॥ १२ न तेषां व्यंजनं (ग्ब्म् १६९२।३) _ X X X X X पविद्यते ।	དེ་ནི་སྔོན་བྱིན་འབྲས་བུ་ཡིན་༎ དེ་དག་ལ་ནི་ཚོད་མ་དང་༎ སྲན་ཚོད་ཀྱང་ནི་ཅུང་ཟད་མེད་༎
 वर्णगन्धरसोपेतं शालिं ते भुंजते सदा ॥ १३ एकस्माद् दीयते ह्य् अन्नं न क्षयो ऽस्ति हि भाजनम्* ।	ཁ་དོག་དྲི་དང་རོར་ལྡན་པའི་༎ སའ་ལུ་དག་ནི་རྟག་ཏུ་ཟ་༎ ཟས་ནི་ལན་གཅིག་བྱིན་པ་ཡིས་༎
 आसन्नान् नोत्थिता यावत् पूर्वदानस्य तत् (ग्ब्म् १६९२।४) फलम्* ॥ १४ अलाबूनां फलान्य् एषां च्छिना शाखा प्ररोहते ।	སྟན་ལས་མ་ལངས་བར་དུ་ནི་༎ ཟད་མི་ཤེས་པར་སྡེར་ལ་ཡོད་༎ དེ་ནི་སྔོན་བྱིན་འབྲས་བུ་ཡིན༏་༏ཀུ་བའི་འབྲས་བུ་འདྲ་བ་དང་༎ བཅད་ཀྱང་ཡལ་ག་ལས་སྐྱེས་ཏེ་༎ བརྔས་ནས་བཙོ་མི་དགོས་པར་ཟ་༎
 अपक्षलूनां भुंजते पूर्वदानस्य तत् फलम्* ॥ १५	དེ་ནི་སྔོན་བྱིན་འབྲས་བུ་ཡིན་༎
 नद्य सुशीतलास् तेषां अष्टांगं च जलं शुभम्* । पीतं (ग्ब्म् १६९२।५) न बाधते कुक्षिं पूर्वदानस्य तत् फलम्* ॥ १६	དེ་དག་འབབ་ཆུ་བསིལ་བ་དང་༎ འཐུངས་ཀྱང་ལྟོ་ལ་མི་གནོད་པའི་༎ ཡན་ལག་བརྒྱད་ལྡན་ཆུ་ལ་ཡོད་༎ དེ་ནི་སྔོན་བྱིན་འབྲས་བུ་ཡིན་༎ རོལ་མོའི་ལྗོན་ཤིང་གང་དག་གིས་༎ དེ་དག་རྟག་ཏུ་རྩེ་ཞིང་དགའ༎ ཡིད་ནི་རྟག་ཏུ་བདེ་དང་ལྡན་༎ དེ་ནི་སྔོན་བྱིན་འབྲས་བུ་ཡིན་༎
 वाद्यवृक्षा शुभास् तेषां चेलवृक्षा ह्य् अन ^ Xः । गन्धवृक्ष ^ _ _ Xः पूर्वदानस्य तत् फलम्* ॥ १७	དེ་དག་རོལ་མོའི་ལྗོན་ཤིང་བཟང་༎ གོས་ཀྱི་ལྗོན་ཤིང་མང་པོ་དང་༎ སྤོས་ཀྱི་ལྗོན་ཤིང་ཕུན་སུམ་ཚོགས་༎ དེ་ནི་སྔོན་བྱིན་འབྲས་༄༢༡༦ཨ་༌༎ བུ་ཡིན་༎
 वाद्यं गन्धं च पुष्पं च नि(ग्ब्म् १६९२।६) Xम् एव च चीवरम्* । कांक्षते यादृशं यो हि तद् भवत्य् अस्य तादृशम्* ॥ १८	སྤོས་དང་མེ་ཏོག་རོལ་མོ་དང་༎ དེ་བཞིན་དུ་ནི་གོས་རྣམས་ཀྱང་༎ གང་དག་ཇི་ལྟར་འདོད་པ་བཞིན་༎ དེ་དག་དེ་བཞིན་འབྱུང་བར་འགྱུར་༎ ནེའུ་གསིང་དག་ནི་སྔོན་པོ་ལ་༎
 हरितः शाद्वलस् तेषां सुमृदुस् तूलसन्निभः ।	ཤིང་བལ་ལྟ་བུར་རབ་འཇམ་པ་༎
 रमन्ते यत्र सततं पूर्वदानस्य तत् फलम्* ॥ १९ परस्परं च (ग्ब्म् १६९२।७)	གང་དུ་དེ་དག་རྟག་རྩེ་བ་༎ དེ་ནི་སྔོན་བྱིན་འབྲས་བུ་ཡིན་༎
 क्रीडन्ति क्रोषस् तेषां न विद्यते ।	དེ་དག་ལ་ནི་ཁྲོ་མེད་ཅིང་༎
 नास्ति मात्सर्यम् ईर्ष्या व पूर्वदानस्य तत् फलम्* ॥ २० रात्र्यास् तु प्रथमे यामे क्षणमात्रं हि वर्षति ।	སེར་སྣ་དང་ནི་ཕྲག་དོག་མེད་༎ ཕན་ཚུན་དག་ཏུ་རྩེ་བྱེད་པ་༎ དེ་ནི་སྔོན་བྱིན་འབྲས་བུ་ཡིན་༎ མཚན་མོ་ཐུན་ཚོད་དང་པོ་ལ་༎ སྐད་ཅིག་ཙམ་ཞིག་ཆར་འབེབས་ཅིང་༎ རྡུལ་རྣམས་མེད་པར་བྱེད་པ་སྟེ་༎
 विरजोरजो भवति पूर्वदानस्य तत् फलम्* ॥ २१	དེ་ནི་སྔོན་བྱིན་འབྲས་བུ་ཡིན་༎ དེ་དག་ཡོངས་སུ་འཛིན་མེད་པས་༎
 (ग्ब्म् १७०५।१) माता पुत्रं न जानीते नास्ति तेषां परिग्रहः ।	མ་དང་བུར་ཡང་མི་ཤེས་ཤིང་༎
 न शोचन्ति प्रियैर् नाशं पूर्वदानस्य तत् फलम्* ॥ २२ माता हि स्वपुत्रं _ X X X X X ^ _ ^ X ।	སྡུག་བསྔལ་མེད་པས་མྱ་ངན་མེད་༎ དེ་ནི་སྔོན་བྱིན་འབྲས་བུ་ཡིན་༎ མ་དག་གིས་ཀྱང་རང་གི་བུ་༎ ལམ་སྟོང་དག་ཏུ་བོར་ཏེ་འགྲོ་།
 स्रवते क्षीरं अङ्गुष्ठात् पूर्वदानस्य तत् फलम्* ॥ २३	མཐེ་བོ་ལས་ནི་འོ་མ་འཛག་། དེ་ནི་སྔོན་བྱིན་འབྲས་བུ་ཡིན་༎ དེ་དག་གང་ཡང་དུ་བ་མེད་༎
 (ग्ब्म् १७०५।२) न तेषां रोदते कश्चिद् मृतं चोत्सृज्य गच्छति ।	ཤིན་ཡང་ནི་བོར་ཏེ་འགྲོ་། བྱ་དག་གིས་ནི་གླིང་འཕྱག་པ་༎
 शोधयन्ति खगा द्वीपं पूर्वदानस्य तत् फलम्* ॥ २४	དེ་ནི་སྔོན་བྱིན་འབྲས་བུ་ཡིན་༎
 समन्तात् परिखाच्छिन्नं नृतगीतैर् मनोरमै ।	ཁོར་ཡུག་ཏུ་ནི་འོབས་ཀྱིས་བསྐོར་༎ གླུ་གར་ཡིད་དུ་འོང་བ་ཡིས་༎
 रमन्ते यत्र क्रीडन्ति पूर्वदानस्य तत् फलम्* ॥ २५	གང་དུ་རྩེ་ཞིང་དགའ་བར་བྱེད་༎ དེ་ནི་སྔོན་བྱིན་འབྲས་བུ་ཡིན་༎
 आयुर् (ग्ब्म् १७०५।३) वर्षसहस्रं हि क्षपयित्वात्र मानुषम्* ।	མི་ཡི་ཚེ་ནི་ལོ་སྟོང་པོ་༎ ཟད་པ་དག་ཏུ་བྱས་ནས་ནི་༎ བར་མ་དོར་ནི་འཆི་མེད་པ་༎
 म्रियन्ते नान्तरेणेति पूर्वदानस्य तत् फलम्* ॥ २६ हित्वा X X ^ _ _ Xं कृत्वा च विपुलं श्रियम्* ।	དེ་ནི་སྔོན་བྱིན་འབྲས་བུ་ཡིན་༎ དཔལ་ནི་རྒྱས་པར་སྤྱད་ནས་སུ་༎ མི་ཡི་ལུས་ནི་༄༢༡༦བ་བོར་ནས་ཀྱང་༎
 देवेषु नोपपद्यन्ते पूर्वदानस्य (ग्ब्म् १७०५।४) तत् फलम्* ॥ २७	ལྷ་ཡི་ནང་དུ་སྐྱེ་བར་འགྱུར་༎ དེ་ནི་སྔོན་བྱིན་འབྲས་བུ་ཡིན་༎ དགེ་སློང་དག་།
 आप्स् १२। जाम्बूद्वीपकानां भिक्षवो मनुष्याणाम् उत्कर्षापकर्षं प्रज्ञायते। जाम्बुद्वीपका भिक्षवो मनुष्या अमितायुषो ऽपि,	ཛམབུའི་གླིང་གི་མི་རྣམས་ལ་ནི་ཡར་འཕེལ་བ་དང་། མར་འགྲིབ་པ་ཡོད་དེ་། དགེ་སློང་དག་། ཛམབུའི་གླིང་གི་མི་རྣམས་ནི་ཚེ་ལོ་དཔག་ཏུ་མེད་པར་ཡང་འགྱུར་།
 अशीतिवर्षसहस्रायुषो ऽपि, (ग्ब्म् १७०५।५) वर्षशतायुषो ऽपि, दशवर्षायुषो ऽपि।	ཚེ་ལོ་བརྒྱད་ཁྲི་པ་དང་། ཚེ་ལོ་བརྒྱ་པ་དང་། ཚེ་ལོ་བཅུ་པར་ཡང་འགྱུར་རོ་༎ དགེ་སློང་དག་།
 आप्स् १३। एतर्हि भिक्षवो जाम्बूद्वीपकानां मनुष्याणां वर्षशतम् आयुषः प्रमाणं। एतर्हि भिक्षवो जाम्बूद्वीपकानां मनुष्याणां (ग्ब्म् १७०५।६) यश् चिरं जीवति स वर्षशतं किंचिद् वा भूयः सम्यक्सुखेन परिहृयमाणः। आप्स् १४। वर्षशतं खलु भिक्षवो जीवं दशावस्थाः प्रत्यनुभवति। प्रथमायाम् अवस्थायां (ग्ब्म् १७०५।७)	ཛམབུའི་གླིང་གི་མི་རྣམས་ཀྱི་ད་ལྟར་གྱི་ཚེའི་ཚད་ནི་ལོ་བརྒྱ་པ་ཡིན་ནོ་༎ དགེ་སློང་དག་། ད་ལྟར་ནི་ཛམབུའི་གླིང་གི་མི་རྣམས་ལས་རིང་དུ་འཚོ་བ་གང་ཡིན་པས་ལེགས་པར་བདེ་བར་གནས་ན་ལོ་བརྒྱའམ་། ལོ་བརྒྱ་ལས་ཅུང་ཟད་ཅིག་ལྷག་པར་ཐུབ་བོ་༎ དགེ་སློང་དག་། འཚོ་བའི་གནས་སྐབས་ནི་བཅུ་མྱོང་བར་འགྱུར་ཏེ་།
 बालो भवति मन्द उत्तानशायी। द्वितीयायाम् अवस्थायां कुमारो भवति क्रीडनजातीयः। तृतीयायाम् अवस्थायां युवा भवति कामभोगी। चतुर्थ्याम् अवस्थायां (ग्ब्म् १७०४।१)	གནས་སྐབས་དང་པོ་ནི་ཞན་ཅིང་གན་རྐྱལ་དུ་ཉལ་པ་སྟེ་བྱིས་པ་ཡིན་ནོ༏་༏གནས་སྐབས་གཉིས་པ་ནི་རྩེ་བའི་རང་བཞིན་ཅན་ཏེ་གཞོན་ནུ་ཡིན་ནོ་༎ གནས་སྐབས་གསུམ་པ་ནི་འདོད་པ་ལ་སྤྱོད་པ་སྟེ་། ལང་ཚོ་ལ་བབ་པ་ཡིན་ནོ་༎ གནས་སྐབས་བཞི་པ་ནི་སྤྲོ་བ་དང་ལྡན་ཞིང་ཉམས་སྟོབས་དང་ལྡན་པ་ཡིན་ནོ་༎
 बलवान् भवति उत्साही। पंचम्याम् अवस्थायां प्रज्ञो भवति प्रतिभानवान्*। षष्ठ्याम्	གནས་སྐབས་ལྔ་པ་ནི་སྟོབས་དང་ལྡན་ཞིང་ཤེས་རབ་དང་ལྡན་པ་ཡིན་ནོ་༎
 अवस्थायां स्मृतिमान् भवति मीमांसनजातीयः। सप्तम्याम् अवस्थायां स्थितो भवति मना (ग्ब्म् १७०४।२)	གནས་སྐབས་དྲུག་པ་ནི་དཔྱོད་པའི་རང་བཞིན་ཅན་ཏེ་དྲན་པ་དང་ལྡན་པ་ཡིན་ནོ་༎ གནས་སྐབས་བདུན་པ་ནི་ཆོས་ལུགས་ཁོང་དུ་ཆུད་པ་ཡིན་ནོ་༎
 + + प्राप्तः। अष्ठम्याम् अवस्थायां स्थविरो भवति राजन्यः। नवम्याम् अवस्थायां	གནས་སྐབས་བརྒྱད་པ་ནི་རྒྱལ་པོས་བཀུར་ཞིང་རྒན་རབས་སུ་བཀུར་བ་ཡིན་ནོ་༎
 वृद्धो भवति जराजीर्णः। दशम्याम् अवस्थायां गतायुर् भवति मरणपरायणः। वर्षशतं (ग्ब्म् १७०४।३)	༄༢༡༧ཨ་༌༎ གནས་སྐབས་དགུ་པ་ནི་རྒས་ཤིང་འཁོགས་པ་སྟེ་རྒན་པོ་ཡིན་ནོ་༎ གནས་སྐབས་བཅུ་པ་ནི་ཚེའི་མཐར་ཐུག་པ་སྟེ་འཆིར་ཉེ་བ་ཡིན་ནོ་༎ དགེ་སློང་དག་།
 खलु भिक्षवो जीवम् इह दशावस्थाः प्रत्यनुभवति।	ལོ་བརྒྱར་འཚོ་བས་གནས་སྐབས་བཅུ་པོ་དེ་དག་མྱོང་བར་འགྱུར་རོ་༎
 आप्स् १५। वर्षशतं खलु भिक्षवो जीवन् त्रीणि ऋतुशतानि जीवति, ऋतुशतं हेमन्तानां, ऋतुशतं ग्रीष्माणां (ग्ब्म् १७०४।४)	དགེ་སློང་དག་། ལོ་བརྒྱར་འཚོ་བ་ནི་དུས་ཚིགས་སུམ་བརྒྱར་འཚོ་སྟེ་། དགུན་གྱི་དུས་ཚིགས་བརྒྱ་དང་། དཔྱིད་ཀྱི་དུས་ཚིགས་བརྒྱ་དང་། དབྱར་གྱི་དུས་ཚིགས་བརྒྱ་རྣམས་སོ་༎
 ऋतुशतं वर्षाणाम्*। त्रीणि ऋतुशतानि जीवन् द्वादश मासशतानि जीवति, चत्वारि हेमन्तानां,	དུས་ཚིགས་སུམ་བརྒྱར་འཚོ་བ་ནི་ཟླ་བ་བཅུ་གཉིས་ཕྲག་བརྒྱར་འཚོ་བ་སྟེ་།
 चत्वारि ग्रीष्माणां,	དགུན་བཞི་དང་། དཔྱིད་བཞི་དང་། དབྱར་བཞི་རྣམས་སོ་༎
 चत्वारि वर्षाणां। द्वादश मासशतानि (ग्ब्म् १७०४।५) जीवं चतुर्विंशतिम् अर्धमासशतानि जीवति, अष्टौ हेमन्तानाम्,	ཟླ་བ་བཅུ་གཉིས་ཕྲག་བརྒྱར་འཚོ་བ་ནི་ཟླ་བ་ཕྱེད་ཉིས་སྟོང་བཞི་བརྒྱར་འཚོ་སྟེ་།
 अष्टौ ग्रीष्माणाम्,	དགུན་བརྒྱད་དང་། དཔྱིད་བརྒྱད་དང་། དབྱར་བརྒྱད་རྣམས་སོ་༎ ཟླ་བ་ཕྱེད་ཉིས་སྟོང་བཞི་བརྒྱར་འཚོ་བ་ནི་།
 अष्टौ वर्षाणाम्*। चतुर्विंशतिम् अर्धमासशतानि जीवं षट्त्रिंशतं रात्रिंदिवससहस्राणि (ग्ब्म् १७०४।६) जीवति द्वादश हेमन्तानां,	ཉིན་ཞག་སུམ་ཁྲི་དྲུག་སྟོང་དུ་འཚོ་སྟེ་།
 द्वादश ग्रीष्ंआणां, द्वादश वर्षाणां।	དགུན་བཅུ་གཉིས་དང་། དཔྱིད་བཅུ་གཉིས་དང་། དབྱར་བཅུ་གཉིས་རྣམས་སོ་༎
 आप्स् १६। षट्त्रिंशतं रात्रिंदिवससहस्राणि जीवन् द्वासप्ततिं भक्तसहस्राणि भुंक्ते सार्धं (ग्ब्म् १७०४।७)	ཉིན་ཞག་སུམ་ཁྲི་དྲུག་སྟོང་དུ་འཚོ་བ་ནི་བར་ཆད་དུ་གྱུར་པ་མ་གཏོགས་པར་ཟན་བདུན་ཁྲི་ཉིས་སྟོང་ཟའོ་༎
 भक्तान्तरायैः। तत्रेमे भक्तान्तरायाः, कुपितो ऽपि न भुंक्ते, दुःखितो ऽपि न भुंक्ते,	དེ་ལ་འདི་དག་ནི་ཟན་བར་ཆད་དུ་འགྱུར་བ་ཡིན་ཏེ་།
 कृच्छ्रप्रातो ऽपि न भुंक्ते, + + + + + + + + + + + + पनो ऽपि न भुंक्ते, लभमानो ऽपि न भुंक्ते (ग्ब्म् १७०२।१) अलभमानो ऽपि न भुंक्ते, सुप्तो ऽपि न भुंक्ते, मत्तो ऽपि न भुंक्ते, प्रमत्तो ऽपि न भुंक्ते,	འཁྲུགས་ནས་མ་ཟོས་པ་དང་། སྡུག་བསྔལ་བར་གྱུར་པས་མ་ཟོས་པ་དང་། ཕོངས་པ་བྱུང་ནས་མ་ཟོས་པ་དང་། བསྙུངས་པ་བྱས་ཏེ་མ་ཟོས་པ་དང་། མ་རྙེད་པས་མ་ཟོས་པ་དང་། རྙེད་ཀྱང་མ་ཟོས་པ་དང་། ༄༢༡༧བ་གཉིད་ལོག་ནས་མ་ཟོས་པ་དང་། ར་རོ་སྟེ་མ་ཟོས་པ་དང་། རབ་ཏུ་མྱོས་པས་མ་ཟོས་པ་སྟེ་།
 इति यश् च भुंक्ते यश् च न भुंक्ते तद् ऐकध्यम् अभिसंक्षिप्य द्वासप्ततिर् भक्तसहस्राणि भवन्ति (ग्ब्म् १७०२।२) सार्धं मातु स्तन्यपानेन।	ཟོས་པ་གང་ཡིན་པ་དང་། མ་ཟོས་པ་གང་ཡིན་པ་དེ་དག་གཅིག་ཏུ་བསྡོམས་ན་མའི་ནུ་ཞོ་འཐུང་བ་མ་གཏོགས་པར་ཟ་མ་བདུན་ཁྲི་ཉིས་སྟོང་དུ་འགྱུར་རོ་༎
 आप्स् १७। इति हि भिक्षवो मया जाम्बूद्वीपकाणां मनुष्याणाम् आयुर् अप्य् आख्यातम्, ऋतवो ऽपि, मासा अप्य्, अर्धमासा अपि, रात्रिंदिवसान्य् अपि, भक्तान्य् अपि, (ग्ब्म् १७०२।३) भक्तान्तरायाण्य् अप्य् आख्याता।	དགེ་སློང་། དེ་ལྟར་ངས་ཛམབུའི་གླིང་གི་མི་རྣམས་ཀྱི་ཚེ་འང་བཤད་། དུས་ཚིགས་དང་། ཟླ་བ་དང་། ཟླ་བ་ཕྱེད་པ་དང་། ཉིན་ཞག་དང༏་ཟན་དང་། ཟན་བར་ཆད་དུ་གྱུར་པའང་བཤད་པ་ཡིན་ནོ་༎
 आप्स् १८। यानि भिक्षवो मनुष्याणां पंचाशद् वर्षाणि तच् चातुर्महाराजिकानां देवानाम् एकं रात्रिंदिवसं,	དགེ་སློང་དག་། མི་རྣམས་ཀྱི་ཚེ་ལོ་ལྔ་བཅུ་གང་ཡིན་པ་དེ་ནི་རྒྱལ་ཆེན་བཞིའི་རིས་ཀྱི་ལྷ་རྣམས་ཀྱི་ཉིན་ཞག་གཅིག་གོ་།
 तेन रात्रिंदिवसेन त्रिंशद् रात्रकेन (ग्ब्म् १७०२।४)	དེ་སུམ་ཅུ་ལ་ཟླ་བ་གཅིག་།
 मासेन, द्वादश मासकेन संवत्सरेण,	ཟླ་བ་བཅུ་གཉིས་ལ་ལོ་གཅིག་སྟེ་།
 तया संवत्सरगणनया दिव्यानि पंच वर्षशतानि चातुर्महाराजिकानां देवानाम् आयुषः प्रमाणं। (ग्ब्म् १७०२।५) तद् भवति मानुषिकया गणनया नवति वर्षशतसहस्राण्य् आयुषः प्रमाणम्,	རྒྱལ་ཆེན་བཞིའི་རིས་ཀྱི་ལྷ་རྣམས་ཀྱི་ཚེའི་ཚད་ནི་ལོ་དེ་ལྟ་བུར་བརྩིས་པའི་ལྷའི་ལོ་ལྔ་བརྒྱ་སྟེ་། དེ་མིའི་ལོ་ལྟར་བརྩིས་ན་ལོ་ས་ཡ་ཕྲག་དགུ་ཡོད་དེ་།
 अस्त्य् अन्तरेण कालक्रिया।	བར་མ་དོར་འཆི་བ་ནི་ཡོད་དོ་༎
 आप्स् १९। तद् भवति संजीवे महानरके एकं रात्रिंदिवसं, (ग्ब्म् १७०२।६)	དེ་ནི་སེམས་ཅན་དམྱལ་བ་ཆེན་པོ་ཡང་སོས་ཀྱི་ཉིན་ཞག་གཅིག་གོ་།
 तेन रात्रिंदिवसेन त्रिंशद् रात्रकेण मासेन,	ཉིན་ཞག་དེ་སུམ་ཅུ་ལ་ཟླ་བ་གཅིག་།
 द्वादश मासकेन संवत्सरेण,	ཟླ་བ་བཅུ་གཉིས་ལ་ལོ་གཅིག་སྟེ་།
 तया संवत्सरगणनया पंच वर्षशतानि संजीवे महानरके नारकाणां (ग्ब्म् १७०२।७)	སེམས་ཅན་དམྱལ་བ་ཆེན་པོ་ཡང་སོས་ཀྱི་སེམས་ཅན་དམྱལ་བ་རྣམས་ཀྱི་ཚེ་ཆད་ནི་ལོ་དེ་ལྟ་བུ་བརྩིས་པའི་ལོ་ལྔ་བརྒྱ་སྟེ་།
 सत्वानाम् आयुषः प्रमाणं। तद् भवति माणुषिकया गणनया। एकं वर्षकोटीशतसहस्रं द्वाषष्टीणि च वर्षकोटीसहस्राण्य् आयुषः प्रमाणम्,	དེ་མིའི་ལྟར་བརྩིས་ན་ལོ་བྱེ་བ་ཕྲག་འབུམ་དྲུག་ཁྲི་ཉིས་སྟོང་ཡོད་དེ་།
 अस्त्य् अन्तरेण (ग्ब्म् १७०३।१) कालक्रिया।	བར་མ་དོར་འཆི་བ་ནི་ཡོད་དོ་༎
 आप्स् २०। अथ भगवांस् तस्यां वेलायां गाथा भाषते।	དེ་ནས་བཅོམ་ལྡན་འདས་ཀྱིས་དེའི་ཚེ་ཚིགས་སུ་བཅད་དེ་བཀའ་སྩལ་པ་། ལུས་ཀྱིས་ཉེས་པར་སྤྱད་བྱས་ཤིང་༎ ངག་གིས་ཉེས་པར་༄༢༡༨ཨ་༌༎
 कायदुश्चरितं कृत्वा वचोदुश्चरिताम् इव । X X X X ^ _ _ X X X X X ^ _ ^ X ॥ २८ संजीव उपपद्यन्ते (ग्ब्म् १७०३।२)	སྤྱད་པ་དང་༎ ཡིད་ཀྱིས་ཉེས་པར་སྤྱད་བྱས་ཤིང་༎ གང་ཞིག་ཉེས་པ་གཞན་ལྡན་པའི་༎ ལས་དེ་དག་གིས་ཡང་སོས་ཀྱི་༎
 नरके तेन कर्मणा ।	དམྱལ་བ་དག་ཏུ་སྐྱེ་འགྱུར་ཏེ་༎
 वर्षकोटीसहस्राणि संजीवन्ति हता हताः ॥ २९	ལོ་ནི་བྱེ་བ་ཕྲག་སྟོང་དུ་༎ གཏགས་ཤིང་བཅོམ་ཡང་ཡང་འཚོའོ་༎
 अन्योन्यवैरसंसक्ता नराः पुरुषघातकाः ।	ཕན་ཚུན་ཁོ་ན་དག་ཆགས་པ་ཡིས་༎ མི་རྣམས་གསོད་པའི་མི་དག་ནི་༎ ལས་དེ་དག་གིས་ཡང་སོས་ཀྱི་༎
 संजीव उपपद्यन्ते नरके तेन कर्मणा ॥ ३०	དམྱལ་བ་དག་ཏུ་སྐྱེ་བར་འགྱུར་༎ དགེ་སློང་དག་།
 आप्स् २१। यद् भिक्षवो (ग्ब्म् १७०३।३) मनुष्याणां वर्षशतं तद् देवाणां त्रयस्त्रिंशानाम् एकं रात्रिंदिवसं,	མི་རྣམས་ཀྱི་ལོ་བརྒྱ་གང་ཡིན་པ་དེ་ནི་སུམ་ཅུ་རྩ་གསུམ་པའི་ལྷ་རྣམས་ཀྱི་ཉིན་ཞག་གཅིག་གོ་། 
 तेन रात्रिंदिवसेन त्रिंशद् रात्रकेण मासेन,	ཉིན་ཞག་དེ་སུམ་ཅུ་ལ་ཟླ་བ་གཅིག་གོ་།
 द्वादश मासकेन संवत्सरेण, तया संवत्सरगणनया (ग्ब्म् १७०३।४)	ཟླ་བ་བཅུ་གཉིས་ལ་ལོ་གཅིག་སྟེ་།
 दिव्यं वर्षसहस्रं देवानाम् त्रयस्त्रिंशानाम् आयुषः प्रमाणं। तद् भवति मानुषिकया गणनया तिस्रो वर्षकोट्यः षष्टिश् च वर्षशतसहस्राण्य् (ग्ब्म् १७०३।५) आयुषः प्रमाणम्,	སུམ་ཅུ་རྩ་གསུམ་གྱི་ལྷ་རྣམས་ཀྱི་ཚེའི་ཚད་ནི་ལོ་དེ་ལྟ་བུར་བརྩིས་པའི་ལྷའི་ལོ་སྟོང་ཐུབ་བོ་༎ དེ་མིའི་ལྟར་བརྩིས་ན་ལོ་བྱེ་བ་ཕྲག་གསུམ་དང་། ས་ཡ་ཕྲག་དྲུག་ཡོད་དེ་།
 अस्त्य् अन्तरेण कालक्रिया।	བར་མ་དོར་འཆི་བ་ནི་ཡོད་དོ་༎
 आप्स् २२। तद् भवति कालसूत्रे महानरके एकं रात्रिंदिवसं,	དེ་ནི་སེམས་ཅན་དམྱལ་བ་ཆེན་པོ་ཐིག་ནག་གི་ཉིན་ཞག་གཅིག་གོ་།
 तेन रात्रिंदिवसेन त्रिंशद् रात्रकेण मासेन, (ग्ब्म् १७०३।६)	ཉིན་ཞག་དེ་སུམ་ཅུ་ལ་ཟླ་བ་གཅིག་གོ་།
 द्वादश मासकेन संवत्सरेण,	ཟླ་བ་བཅུ་གཉིས་ལ་ལོ་གཅིག་སྟེ་།
 तया संवत्सरगणनया वर्षसहस्रं कालसूत्रे महानरके नारकाणां सत्वानाम् आयुषः प्रमाणं। तद् भवति मानुषिकया (ग्ब्म् १७०३।७)	སེམས་ཅན་དམྱལ་བ་ཆེན་པོ་ཐིག་ནག་གི་ཚེའི་ཚད་ནི་ལོ་དེ་ལྟ་བུར་བརྩིས་པའི་ལོ་སྟོང་ཐུབ་བོ་༎ 
 गणनया द्वादश वर्षकोटीशतसहस्राणि षण्नवतिश् च वर्षकोटीसहस्राण्य् आयुषः प्रमाणम्,	དེ་མིའི་ལྟར་བརྩིས་ན་ལོ་བྱེ་བ་ཕྲག་ས་ཡ་ཉིས་འབུམ་དགུ་ཁྲི་དྲུག་སྟོང་རྩ་བཅུ་གཉིས་ཡོད་དེ་།
 अस्त्य् अन्तरेण कालक्रिया।	དུས་མ་ཡིན་པར་འཆི་བ་ནི་ཡོད་དོ་༎
 आप्स् २३। अथ भगवांस् तस्यां वेलायां (ग्ब्म् १६९४।१) गाथे भाषते।	དེ་ནས་བཅོམ་ལྡན་འདས་ཀྱིས་དེའི་ཚེ་ཚིགས་སུ་བཅད་དེ་བཀའ་སྩལ་པ་།
 मातापितृषु ये द्रुग्धा बुद्धेषु श्रावकेषु च ।	ཕ་མ་དག་དང་སངས་རྒྱས་དང་༎ ཉན་༄༢༡༨བ་ཐོས་རྣམས་ལ་འཁུ་བྱེད་པ་༎
 कालसूत्रोपपन्नास् ते दुःखा विन्दन्ति वेदना ॥ ३१ अधुर X ^ _ _ X पुरुषा मित्रभेदकाः । कालसूत्रं प्रपन्नास् (ग्ब्म् १६९४।२) ते X चका न्यतिका मृषाः ।	དེ་དག་ཐིག་ནག་སྐྱེ་འགྱུར་ཏེ་༎ སྡུག་བསྔལ་ཚོར་བ་མྱོང་བར་འགྱུར་༎ གང་ཞིག་མི་བརྩོན་འཇོག་པ་དང་༎ མི་རྣམས་མཛའ་བའི་དབྱེན་བྱེད་པ་༎ ཐིག་ནག་ཏུ་ནི་སྐྱེ་བར་འགྱུར་༎ བརྫུན་སྨྲ་བ་ཡང་དེ་བཞིན་ཏེ་༎ ལས་དེ་ཡིས་ནི་ཐིག་ནག་གི་།
 कालसूत्रं प्रपन्नास् ते नरकं तेन कर्मणा ॥ ३२	དམྱལ་བ་རྣམས་སུ་དེ་དག་སྐྱེ་༎
 आप्स् २४। यद् भिक्षवो मनुष्याणां द्वे वर्षशते तद् यमानां देवाणाम् एकं रात्रिंदिवसं, तेन रात्रिंदिवसेन (ग्ब्म् १६९४।३)	དགེ་སློང་དག་། མི་རྣམས་ཀྱི་ལོ་ཉིས་བརྒྱ་གང་ཡིན་པ་དེ་ནི་འཐབ་བྲལ་གྱི་ལྷ་རྣམས་ཀྱི་ཉིན་ཞག་གཅིག་གོ་། 
 त्रिंशद् रात्रकेण मासेन,	ཉིན་ཞག་དེ་སུམ་ཅུ་ལ་ཟླ་བ་གཅིག་།
 द्वादश मासकेन संवत्सरेण,	ཟླ་བ་བཅུ་གཉིས་ལ་ལོ་གཅིག་སྟེ་།
 तया संवत्सरगणनया दिव्ये द्वे वर्षसहस्रे यमानां देवानाम् आयुषः प्रमाणं। तद् भवति मानुषिकया (ग्ब्म् १६९४।४)	འཐབ་བྲལ་བའི་ལྷ་རྣམས་ཀྱི་ཚེའི་ཚད་ནི་ལོ་དེ་ལྟ་བུར་བརྩིས་པའི་ལྷའི་ལོ་ཉིས་སྟོང་ཐུབ་བོ་༎ 
 गणनया चतुर्दश वर्षकोट्यः चत्वारिंशच् च वर्षशतसहस्राण्य् आयुषः प्रमाणम्,	དེ་མིའི་ལྟང་བརྩིས་ན་ལོ་བྱེ་བ་ཕྲག་བཅུ་བཞི་དང་། ལོ་ཁྲི་བཞི་སྟོང་ཡོད་དེ་།
 अस्त्य् अन्तरेण कालक्रिया।	བར་མ་དོར་འཆི་བ་ནི་ཡོད་དོ་༎
 आप्स् २५। तद् भवति संघाते महानरके एकं रात्रिंदिवसं, (ग्ब्म् १६९४।५)	དེ་ནི་སེམས་ཅན་དམྱལ་བ་ཆེན་པོ་བསྡུས་འཇོམས་ཀྱི་ཉིན་ཞག་གཅིག་གོ་།
 तेन रात्रिंदिवसेन त्रिंशद् रात्रकेण मासेन,	ཉིན་ཞག་དེ་སུམ་ཅུ་ལ་ཟླ་བ་གཅིག་།
 द्वादश मासकेन संवत्सरेण,	ཟླ་བ་བཅུ་གཉིས་ལ་ལོ་གཅིག་སྟེ་།
 तया संवत्सरगणनया द्वे वर्षसहस्रे संघाते महानरके नारकाणां (ग्ब्म् १६९४।६)	སེམས་ཅན་དམྱལ་བ་ཆེན་པོ་བསྡུས་འཇོམས་ཀྱི་སེམས་ཅན་དམྱལ་བ་རྣམས་ཀྱི་ཚེའི་ཚད་ནི་ལོ་དེ་ལྟ་བུར་བརྩིས་པའི་ལོ་ཉིས་སྟོང་ཡོད་དེ་།
 सत्वानाम् आयुषः प्रमाणं। तद् भवति मानुषिकया गणनया एकवर्षकोटीणां कोटिः त्रिणी च वर्षकोटीशतसहस्राणि अष्टाषष्टीणि च वर्षकोटीसहस्राण्य् आयुषः (ग्ब्म् १६९४।७) प्रमाणम्, अस्त्य् अन्तरेण कालक्रिया।	དེ་མིའི་ལྟར་བརྩིས་ན་ལོ་བྱེ་བ་ཕྲག་སུམ་འབུམ་དྲུག་ཁྲི་བརྒྱད་སྟོང་རྩ་གཅིག་ཡོད་དེ་། བར་མ་དོར་འཆི་བ་ནི་ཡོད་དོ་༎
 आप्स् २६। अथ भगवांस् तस्यां वेलायां गाथे भाषते।	དེ་ནས་བཅོམ་ལྡན་འདས་ཀྱིས་དེའི་ཚེ་ཚིགས་སུ་བཅད་དེ་བཀའ་སྩལ་པ་། མི་དགེའི་ལས་རྣམ་གསུམ་བྱས་ཤིང་༎
 त्रिविधम् अकुशलं कृत्वा अकृत X ^ X ^ X ।	ལས་དགེ་རྣམ་གསུམ་མ་བྱས་ཏེ་༎ ལས་དེ་དག་གིས་བསྡུས་འཇོམས་ཀྱི་༎
 संघात उपपद्यन्ते नरके तेन कर्मणा ॥ ३३	དམྱལ་བ་དག་ཏུ་སྐྱེ་༄༢༡༩ཨ་༌༎ བར་འགྱུར་༎
 (ग्ब्म् १६९५।१) बलाकान् अजमहिषान् मृगान् कुकुटसूकरान् । तथान्यान् प्राणिनो हत्वा संघाते उपपद्यते ॥ ३४	བ་ལང་ར་ལུག་མ་ཧེ་དང་༎ རི་དབ༹གས་བྱ་གག་ཕག་རྣམས་དང་༎ དེ་བཞིན་སྲོག་ཆགས་གཞན་གསོད་པ་༎ བསྡུས་གཞོམ་དག་ཏུ་སྐྱེ་བར་འགྱུར་༎ དགེ་སློང་དག་།
 आप्स् २७। यानि भिक्षवो मनुष्याणां चत्वारि वर्षशतानि तानि तुषितानां देवानाम् एकं रात्रिंदिवसं (ग्ब्म् १६९५।२) रात्रिंदिवसेन त्रिंशद् रात्रकेण मासेन,	མི་རྣམས་ཀྱི་ལོ་བཞི་བརྒྱ་གང་ཡིན་པ་དེ་དགའ་ལྡན་གྱི་ལྷ་རྣམས་ཀྱི་ཉིན་ཞག་གཅིག་གོ་། ཉིན་ཞག་དེ་སུམ་ཅུ་ལ་ཟླ་བ་གཅིག་།
 द्वादश मासकेन संवत्सरेण,	ཟླ་བ་བཅུ་གཉིས་ལ་ལོ་གཅིག་སྟེ་།
 तया संवत्सरगणनया दिव्यानि चत्वारि वर्षसहस्राणि तुषितानां देवानाम् आयुषः (ग्ब्म् १६९५।३)	དགའ་ལྡན་གྱི་ལྷ་རྣམས་ཀྱི་ཚེའི་ཚད་ནི་ལོ་དེ་ལྟ་བུར་བརྩིས་པའི་ལྷའི་ལོ་བཞི་སྟོང་ཐུབ་སྟེ་། 
 प्रमाणं। तद् भवति मानुषिकया गणनया सप्तपंचाशद् वर्षकोट्यः षष्टिश् च वर्षशतसहस्राण्य् आयुषः प्रमाणम्,	དེ་མིའི་ལྟར་བརྩིས་ན་ལོ་བྱེ་བ་ཕྲག་ལྔ་བཅུ་རྩ་བདུན་དང་། ལོ་ས་ཡ་ཕྲག་དྲུག་ཡོད་དེ་།
 अस्त्य् अन्तरेण कालक्रिया। आप्स् २८। तद् भवति रौरवे महानरके (ग्ब्म् १६९५।४) एकं रात्रिंदिवसं,	བར་མ་དོར་འཆི་བ་ནི་ཡོད་དོ་༎ དེ་ནི་སེམས་ཅན་དམྱལ་བ་ཆེན་པོ་དུ་འབོད་ཀྱི་ཉིན་ཞག་གཅིག་གོ་།
 तेन रात्रिंदिवसेन त्रिंशद् रात्रकेण मासेन,	ཉིན་ཞག་དེ་སུམ་ཅུ་ལ་ཟླ་བ་གཅིག་།
 द्वादश मासकेन संवत्सरेण, तया संवत्सरगणनया चत्वारि वर्षसहस्राणि रौरवे (ग्ब्म् १६९५।५)	ཟླ་བ་བཅུ་གཉིས་ལ་ལོ་གཅིག་སྟེ་།
 महानरके नारकाणां सत्वानाम् आयुषः प्रमाणं। तद् भवति मानुषिकया गणनया अष्टौ वर्षकोटीनयुतान्य् एकोनत्रिंशच् च वर्षकोटीशतसहस्राणि (ग्ब्म् १६९५।६)	སེམས་ཅན་དམྱལ་བ་ཆེན་པོ་དུ་འབོད་ཀྱི་སེམས་ཅན་དམྱལ་བ་རྣམས་ཀྱི་ཚེའི་ཚད་ནི་ལོ་དེ་ལྟ་བུར་བརྩིས་པའི་ལོ་བཞི་སྟོང་ཐུབ་སྟེ་།
 चतुश्चत्वारिंशच् च वर्षकोटीसहस्राण्य् आयुषः प्रमाणम्,	དེ་མིའི་ལྟར་བརྩིས་ན་ལོ་བྱེ་བ་ཕྲག་ས་ཡ་གཉིས་དང་། བྱེ་བ་ཕྲག་དགུ་འབུམ་བཞི་ཁྲི་བཞི་སྟོང་དང་། བྱེ་བ་ཕྲག་བརྒྱད་ཡོད་དེ་།
 अस्त्य् अन्तरेण कालक्रिया।	བར་མ་དོར་འཆི་བ་ནི་ཡོད་དོ་༎
 आप्स् २९। अथ भगवांस् तस्यां वेलायां गाथे भाषते। X ।इ X ।इनि _ पोरा रौद्रा रुधिरपाणयः ।	དེ་ནས་བཅོམ་ལྡན་འདས་ཀྱིས་དེའི་ཚེ་ཚིགས་སུ་བཅད་དེ་བཀའ་སྩལ་པ་། འཇིགས་སུ་རུང་ལ་དྲག་ཤུལ་ཅན་༎ ལག་པ་གཉིས་ནི་ཁྲག་གིས་བསྐུས་༎
 पापकर्मसमाचारा (ग्ब्म् १६९५।७) जायन्ते रौरवे सदा ॥ ३५ विनाशयित्वा जनतां दह्यन्ते रौरवे चिरन्* । न दत्तो भैरवं नादं तूटका वटिका नराः ॥ ३६ आप्स् ३०। यानि भिक्षवो मनुष्याणाम् अष्टौ (ग्ब्म् १६९६।१)	སྡིག་པའི་ལས་ནི་སྤྱོད་པ་ཡིས་༎ རྟག་ཏུ་དུ་འབོད་འགྲོ་བར་འགྱུར་༎ གཞལ་ལུགས་ག-ཡོ་དང་སྒྱུ་བྱེད་མི་༎ སྐྱེ་བོ་༄༢༡༩བ་དག་ནི་ཡིད་ཕྱུང་བས་༎ འཇིགས་སུ་རུང་བའི་སྒྲ་འབྱིན་ཅིང་༎ ཡུན་རིང་དུ་ནི་སྲེག་འབོད་འགྱུར་༎ དགེ་སློང་དག་།
 वर्षशतानि तानि निर्माणरतीनां देवानाम् एकं रात्रिंदिवसं,	མི་རྣམས་ཀྱི་ལོ་བརྒྱད་བརྒྱ་གང་ཡིན་པ་དེ་འཕྲུལ་དགའི་ལྷ་རྣམས་ཀྱི་ཉིན་ཞག་གཅིག་གོ་།
 तेन रात्रिंदिवसेन त्रिंशद् रात्रकेण मासेन,	ཉིན་ཞག་དེ་སུམ་ཅུ་ལ་ཟླ་བ་གཅིག་།
 द्वादश मासकेन संवत्सरेण, तया संवत्सरगणनया दिव्यानि अष्टौ वर्षसहस्राणि (ग्ब्म् १६९६।२)	ཟླ་བ་བཅུ་གཉིས་ལ་ལོ་གཅིག་སྟེ་།
 निर्माणरतीनां देवानाम् आयुषः प्रमाणं। तद् भवति मानुषिकया गणनया त्रिंशद् उत्तरे द्वे वर्षकोटिशते चत्वारिंशच् च वर्षशतसहस्राण्य् आयुषः प्रमाणम्, (ग्ब्म् १६९६।३)	འཕྲུལ་དགའི་ལྷ་རྣམས་ཀྱི་ཚེ་ཚད་ནི་ལོ་དེ་ལྟ་བུར་བརྩིས་པའི་ལོ་བརྒྱད་སྟོང་ཐུབ་སྟེ་། དེ་མིའི་ལྟར་བརྩིས་ན་ལོ་བྱེ་བ་ཕྲག་ཉིས་བརྒྱ་སུམ་ཅུ་དང་། ལོ་ས་ཡ་ཕྲག་བཞི་ཡོད་དེ་།
 अस्त्य् अन्तरेण कालक्रिया।	བར་མ་དོར་འཆི་བ་ནི་ཡོད་དོ་༎
 आप्स् ३१। तद् भवति महारौरवे महानरके एकं रात्रिंदिवसं,	དེ་ནི་སེམས་ཅན་དམྱལ་བ་ཆེན་པོ་དུ་འབོད་ཆེན་པོའི་ཉིན་ཞག་གཅིག་གོ་།
 तेन रात्रिंदिवसेन त्रिंशद् रात्रकेण मासेन,	ཉིན་ཞག་དེ་སུམ་ཅུ་ལ་ཟླ་བ་གཅིག་།
 द्वादश मासकेन संवत्सरेण, तया (ग्ब्म् १६९६।४)	ཟླ་བ་བཅུ་གཉིས་ལ་ལོ་གཅིག་སྟེ་།
 संवत्सरगणनया अष्टौ वर्षसहस्राणि महारौरवे महानरके नारकाणां सत्वानाम् आयुषः प्रमाणं। तद् भवति मानुषिकया गणनया षट्षष्टि वर्षकोटीकोट्यः (ग्ब्म् १६९६।५) पंचत्रिंशच् च वर्षकोटीशतसहस्राणि द्वापंचाशच् च वर्षकोटीसहस्राण्य् आयुषः प्रमाणम्, अस्त्य् अन्तरेण कालक्रिया।	སེམས་ཅན་དམྱལ་བ་ཆེན་པོ་དུ་འབོད་ཆེན་པོའི་སེམས་ཅན་དམྱལ་བ་རྣམས་ཀྱི་ཚེའི་ཚད་ནི་ལོ་དེ་ལྟ་བུར་བརྩིས་པའི་ལོ་བརྒྱད་སྟོང་ཡོད་དོ་༎ དེ་མིའི་ལྟར་བརྩིས་ན་ལོ་བྱེ་བ་ཕྲག་ས་ཡ་གསུམ་དང་། བྱེ་བ་ཕྲག་ལྔ་འབུམ་ཁྲི་ཉིས་སྟོང་དྲུག་ཅུ་རྩ་དྲུག་ཡོད་དེ་།
 आप्स् ३२। अथ भगवांस् तस्यां वेलायां गाथा भाषते।	བར་མ་དོར་འཆི་བ་ནི་ཡོད་དོ་༎ དེ་ནས་བཅོམ་ལྡན་འདས་ཀྱིས་དེའི་ཚེ་ཚིགས་སུ་བཅད་དེ་བཀའ་སྩལ་པ་། ལྟ་བའི་ཐིབས་པོས་ཁེབས་གྱུར་ཅིང་༎
 दृष्टीगहनसंच्छन्ना तृष्णाच्छन्दनच्छादिता ।	སྲེད་པའི་ག-ཡོག་པས་ག-ཡོགས་པ་དག་།
 पापधर्मसमाचारा महारौरवगामिन ॥ ३७ महारौरवम् आसाद्य ज्वलनं रोमहर्षणं । दह्यन्ते न्त (ग्ब्म् १६९६।७)	སྡིག་པའི་ཆོས་ནི་སྤྱོད་པ་ཡིས༏་༏དུ་འབོད་དག་ཏུ་སྐྱེ་བར་འགྱུར་༎
 ^ _ रुद्धा नरा विश्वासघातका ॥ ३८	ཡིད་གཅུགས་ཉམས་པའི་མི་དག་ནི་། ཁ་སྤུ་སློང་ཞིང་འབར་བ་ཡིས་༎ བསྐོར་བའི་ཁྱིམ་གྱི་ནང་ཆུང་ནས་༎ དུ་འབོད་ཆེན་པོ་སྲེག་པར་འགྱུར་༎ ༄༢༢༠ཨ་༌༎ གཏམ་པ་བརྣོགས་པའི་མི་དག་ནི་༎
 संच्छिन्नगात्रा असिभिर् गृद्ध्रकाकोलूककुकुरैर् । विचेष्ठ्यमाना खाद्यन्ते X X X X ^ _ ^ X ॥ ३९	རལ་གྲི་ཡིས་ནི་ལུས་གཏུབ་ཅིང་༎ བྱ་རྒོད་བྱ་རོག་འུག་པ་ཁྱིས་༎ འགུལ་བཞིན་དུ་ནི་ཟ་བར་འགྱུར་༎ དགེ་སློང་དག་།
 आप्स् ३३। यानि भिक्षवो मनुष्याणां षोडश (ग्ब्म् १६९७।१) वर्षशतानि तत् परनिर्मितवशवर्तिनां देवानाम् एकं रात्रिंदिवसं,	མི་རྣམས་ཀྱི་ལོ་སྟོང་དྲུག་བརྒྱ་གང་ཡིན་པ་དེ་གཞན་འཕྲུལ་དབང་བྱེད་ཀྱི་ལྷ་རྣམས་ཀྱི་ཉིན་ཞག་གཅིག་གོ་། 
 तेन रात्रिंदिवसेन त्रिंशद् रात्रकेण मासेन,	ཉིན་ཞག་དེ་སུམ་ཅུ་ལ་ཟླ་བ་གཅིག་།
 द्वादश मासकेन संवत्सरेण, तया संवत्सरगणनया (ग्ब्म् १६९७।२) षोडश वर्षसहस्राणि)	ཟླ་བ་བཅུ་གཉིས་ལ་ལོ་གཅིག་སྟེ་།
 परनिर्मितवशवर्तिनां देवानाम् आयुषः प्रमाणं। तद् भवति मानुषिकया गणनया एकविंशति वर्षकोटि नव च वर्षकोटिशतानि षष्तिश् च वर्षशतसहस्राण्य् (ग्ब्म् १६९७।३) आयुषः प्रमाणम्,	གཞན་འཕྲུལ་དབང་བྱེད་ཀྱི་ལྷ་རྣམས་ཀྱི་ཚེའི་ཚད་ནི་ལོ་དེ་ལྟ་བུར་བརྩིས་པའི་ལྷའི་ལོ་ཁྲི་དྲུག་སྟོང་ཐུབ་བོ་༎ དེ་མིའི་ལྟར་བརྩིས་ན་ལོ་ས་ཡ་ཕྲག་དྲུག་དང་། ལོ་བྱེ་བ་ཕྲག་དགུ་བརྒྱ་ཉི་ཤུ་རྩ་གཅིག་ཡོད་དེ་།
 अस्त्य् अन्तरेण कालक्रिया।	བར་མ་དོར་འཆི་བ་ནི་ཡོད་དོ་༎
 आप्स् ३४। तद् भवति तपने महानरके एकं रात्रिंदिवसं,	དེ་ནི་སེམས་ཅན་དམྱལ་བ་ཆེན་པོ་ཚ་བའི་ཉིན་ཞག་གཅིག་གོ་།
 तेन रात्रिंदिवसेन त्रिंशद् रात्रकेण मासेन,	ཉིན་ཞག་དེ་སུམ་ཅུ་ལ་ཟླ་བ་གཅིག་།
 द्वादश मासकेन (ग्ब्म् १६९७।४) संवत्सरेण,	ཟླ་བ་བཅུ་གཉིས་ལ་ལོ་གཅིག་སྟེ་།
 तया संवत्सरगणनया षडश वर्षसहस्राणि तपने महानरके नारकाणां सत्वानाम् आयुषः प्रमाणं। तद् भवति मानुषिकया (ग्ब्म् १६९७।५)	སེམས་ཅན་དམྱལ་བ་ཆེན་པོ་ཚ་བའི་སེམས་ཅན་དམྱལ་བ་རྣམས་ཀྱི་ཚེའི་ཚད་ནི་ལོ་དེ་ལྟ་བུར་བརྩིས་པའི་ལོ་ཁྲི་དྲུག་སྟོང་ཡོད་དོ་༎
 गणनया पंच वर्षकोटीकोटिशतानि त्रिंशच् च वर्षकोटिकोट्यश् चतुरशीतिश् च वर्षकोटीशतसहस्राणि षोडश च वर्षकोटीसहस्राण्य् आयुषः प्रमाणम्, (ग्ब्म् १६९७।६) अस्त्य् अन्तरेण कालक्रिया।	དེ་མིའི་ལྟར་བརྩིས་ན་ལོ་བྱེ་བ་ས་ཡ་ཕྲག་བརྒྱད་དང་། བཞི་འབུམ་དང་། ལོ་བྱེ་བ་ཁྲག་ཁྲི་དྲུག་སྟོང་ལྔ་བརྒྱ་སུམ་ཅུ་ཡོད་དེ་།
 आप्स् ३५। अथ भगवांस् तस्यां वेलायां गाथे भाषते।	བར་མ་དོར་འཆི་བ་ནི་ཡོད་དོ་༎ དེ་ནས་བཅོམ་ལྡན་འདས་ཀྱིས་དེའི་ཚེ་ཚིགས་སུ་བཅད་དེ་བཀའ་སྩལ་པ་།
 श्रमणान् ब्राह्मणान् साधून् मातरं पितरं तथा । सन्तापयति यो शिष्टैस् तपने स प्रपद्यते ॥ ४०	དགེ་སློང་བྲམ་ཟེ་དགེ་བ་དང་༎ དེ་བཞིན་དུ་ནི་ཕ་མ་ལ་༎ གང་ཞིག་རྟག་ཏུ་གདུང་བྱེད་པ་༎ དེ་ནི་ཚ་བར་སྐྱེ་བར་འགྱུར་༎ འདིར་ནི་གང་ཞིག་གདུང་བ་ཡིས་༎
 (ग्ब्म् १६९७।७) X X X यानि कृत्वेह तापयित्वा बहुजनान्* ।	༄༢༢༠བ་སྐྱེ་བོ་མང་པོ་གདུང་བྱེད་པ་༎ ལས་དེ་དག་གིས་ཚ་བ་ཡི་༎
 तपने उपपद्यन्ते नरके तेन कर्मणा ॥ ४१	དམྱལ་བ་རྣམས་སུ་སྐྱེ་བར་འགྱུར་༎
 आप्स् ३६। इच्छथ यूयं भिक्षवः अर्बुदोपपन्नानां सत्वानाम् आयुःपर्यन्तं श्रोतुं। एतस्य (ग्ब्म् १६९८।१)	དགེ་སློང་དག་། ཁྱེད་ཆུ་བུར་ཅན་དུ་སྐྱེས་པའི་སེམས་ཅན་རྣམས་ཀྱི་ཚེའི་མཐའ་ཉན་པར་འདོད་དམ་། བཅོམ་ལྡན་འདས་། དེའི་དུས་ལ་བབ་ལགས་སོ་༎
 भगवन् काल, एतस्य सुगत समयो,	བདེ་བར་གཤེགས་པ་། དེའི་དུས་ལ་བབ་ལགས་སོ་༎
 यद् भगवान् भिक्षूणां अर्बुदोपपन्नानां सत्वानाम् आयुःपर्यन्तं देशयेद्। भगवतः श्रुत्वा भिक्षवो धारयिष्यन्ति। तेन हि भिक्षवः शृणुवन्तु (ग्ब्म् १६९८।२)	བཅོམ་ལྡན་འདས་ལས་དགེ་སློང་དག་གིས་གང་ཆུ་བུར་ཅན་དུ་སྐྱེས་པའི་སེམས་ཅན་རྣམས་ཀྱི་ཚེའི་མཐའ་བསྟན་པ་ཐོས་ནས་། དགེ་སློང་དག་། འཛིན་པར་བགྱིད་ལགས་སོ་༎ དགེ་སློང་དག་།
 साधु च सुष्ठु च मनसिकुरुत भाषिष्ये। आप्स् ३७। तद्यथा भिक्षवः इह स्याद् विंशतिखारीकः कोसलकस् तिलवाहः पूर्णस् तिलानां सचूडिकाबद्धः। ततः कश्चिद् एव पुरुषो (ग्ब्म् १६९८।३)	དེའི་ཕྱིར་ལེགས་པར་རབ་ཏུ་ཉོན་ལ་ཡིད་ལ་ཟུངས་ཤིག་དང་བཤད་དོ་༎ དགེ་སློང་དག་། འདི་ལྟ་སྟེ་།
 वर्षशतस्य वर्षशतस्यात्ययाद् एकैकं तिलम् अपनयेत्*। क्षिप्रतरं खलु भिक्षवः सविंशतिखारीकः कोसलकस् तिलवाहः अनेनोपक्रमेण परिक्षयं (ग्ब्म् १६९८।४) पर्यादानं गच्छेन्,	འདི་ལ་ཏིལ་ཡུལ་ཀོ་ས་ལའི་ཁལ་བཅུ་ཚད་ཉི་ཤུ་ཤོང་བའི་ཁལ་བཅུ་ཚད་ཉི་ཤུ་པ་ཏིལ་གྱིས་བྱུར་བུར་གང་བར་གྱུར་པ་དེ་ལས་མི་ལ་ལ་ཞིག་གིས་ལོ་བརྒྱ་འདས་ཤིང་ཏིལ་འབྲུ་གཅིག་བོར་ཏེ་། ཏིལ་ཁལ་བཅུ་ཚད་ཉི་ཤུ་ཤོང་བའི་ཁལ་བཅུ་ཚད་ཉི་ཤུ་པ་དེ་ཐབས་འདིས་མྱུར་དུ་ཡོངས་སུ་ཟད་ཅིང་གཏུགས་པར་གྱུར་ཀྱང་། དགེ་སློང་དག་།
 न त्व् एवाहं अर्बुदोपपन्नानां सत्वानाम् आयुःपर्यन्तं वदामि।	ཆུ་བུར་ཅན་དུ་སྐྱེས་པའི་སེམས་ཅན་རྣམས་ཀྱི་ཚེའི་ཚད་ནི་དེ་ལྟ་མ་ཡིན་པར་ང་སྨྲའོ་༎ ཆུ་བུར་ཅན་གྱི་ཉི་ཤུ་ཇི་ལྟ་བ་དེ་ལྟར་ཆུ་བུར་རྡོལ་གྱི་གཅིག་ཡིན་ནོ་༎
 आप्स् ३८। यथा विंशतिर् अर्बुदान्य् एवम् एकं निरर्बुदं। यथा विंशतिर् निरर्बुदान्य् (ग्ब्म् १६९८।५)	ཆུ་བུར་རྡོལ་གྱི་ཉི་ཤུ་ཇི་ལྟ་བ་དེ་ལྟར་སོ་ཐམས་ཐམས་ཀྱི་གཅིག་ཡིན་ནོ་༎
 एवम् एकम् अटटं। यथा विंशतिर् अटटान्य् एवम् एकं हहवं। यथा विंशतिर् हहवान्य् एवम् एकं हुहुवं। यथा विंशतिर् हुहुवान्य् एवम् एकम् उत्पलं। (ग्ब्म् १६९८।६)	སོ་ཐམས་ཐམས་ཀྱི་ཉི་ཤུ་ཇི་ལྟ་བ་དེ་ལྟར་ཀྱི་ཧུད་ཟེར་གྱི་གཅིག་ཡིན་ནོ་༎ ཀྱི་ཧུད་ཟེར་གྱི་ཉི་ཤུ་ཇི་ལྟ་བ་དེ་ལྟར་ཨཨ་ཆུ་ཟེར་༄༢༢༡ཨ་༌༎ གྱི་གཅིག་ཡིན་ནོ་༎ ཨཨ་ཆུ་ཟེར་གྱི་ཉི་ཤུ་ཇི་ལྟ་བ་དེ་ལྟར་ཨཽཏཔ་ལ་ལྟར་གས་པའི་གཅིག་ཡིན་ནོ་༎
 यथा विंशतिर् उत्पलान्य् एवम् एकं पद्मं। यथा विंशतिः पद्मान्य् एवम् एकं महापद्मं,	ཨཽཏཔ་ལ་ལྟར་གས་པའི་ཉི་ཤུ་ཇི་ལྟ་བ་དེ་ལྟར་པདམ་ལྟར་གས་པའི་གཅིག་ཡིན་ནོ་༎
 यत्र कोकालिको भिक्षवो देवदत्तपक्षः शारिपुत्रमौद्गल्यायनयोर् भिक्षोर् (ग्ब्म् १६९८।७) अन्तिके चित्तं प्रदूष्य स्वशरीरेणैव महापद्मे महानरके उपपन्नः।	པདམ་ལྟར་གས་པའི་ཉི་ཤུ་ཇི་ལྟ་བ་དེ་ལྟར་པདམ་ལྟར་གས་པ་ཆེན་པོའི་གཅིག་ཡིན་ནོ་༎ ལྷས་བྱིན་གྱི་ཕྱོགས་དགེ་སློང་ཀོ་ཀ་ལི་ཀས་དགེ་སློང་ཤའ་རིའི་བུ་དང་། མོཨོངགལ་གྱི་བུ་ལ་ཞེ་སྡང་གི་སེམས་བསྐྱེད་པས་རང་གི་ལུས་དེ་ཉིད་ཀྱིས་སེམས་ཅན་དམྱལ་བ་ཆེན་པོ་པདམ་ལྟར་གས་པ་ཆེན་པོར་སྐྱེས་སོ་༎ དགེ་སློང་དག་། དེ་ལྟ་བས་ན་དེའི་ཕྱིར་འདི་ལྟར་བསླབ་པར་བྱ་སྟེ་།
 आप्स् ३९। तस्मात् तर्हि भिक्षव एवं शिक्षितव्य + + + + + + + + पि चित्तम् अप्रदूषयि (ग्ब्म् १६९९।१) + + ः प्राग् एव सविज्ञानके + + इत्य् एवं वो भिक्षवो शिक्षितव्यं।	སྡོང་དུམ་ཚིག་པ་ལའང་ཞེ་སྡང་གི་སེམས་བསྐྱེད་པར་མི་བྱ་ན་རྣམ་པར་ཤེས་པ་དང་ལྡན་པའི་ལུས་ལ་ལྟ་སྨོས་ཀྱང་ཅི་དགོས་པ་དེ་ལྟར་དགེ་སློང་དག་ཁྱེད་ཀྱིས་བསླབ་པར་བྱའོ་༎
 आप्स् ४०। अथ भगवांस् तस्यां वेलायां गाथा भाषते।॥ ज़ु ४२-४६ च्फ़्। उव् ७।२-६, सुवर्णवर्णावदान, पत्नध्प् ३००-३०३, स्न् १२७।१-१५, स्न् इ १४९।१७-३१ एत्च्। पुरुषस्य हि जातस्य कुट्ःआरी जायते मुखे । च्छिनत्ति हि ययात्मानं (ग्ब्म् १६९९।२)	དེ་ནས་བཅོམ་ལྡན་འདས་ཀྱིས་དེའི་ཚེ་ཚིགས་སུ་བཅད་དེ་བཀའ་སྩལ་པ་། མི་ཞིག་སྐྱེས་པར་གྱུར་པ་ན་༎ གང་གིས་བདག་ནི་གཅོད་བྱེད་པའི་༎ ཁ་ནས་སྟ་རེའི་ཚིག་འབྱུང་བ་༎
 वाचा दुर्भाषितं वदन्* ॥ ४२ यो निन्द्यजनं प्रशंसति प्रशंस्यं च जनं विनिन्दति । स चिनोति मुखेन तं कलिं कलिना येन सुखं न विन्दति ॥ ४३	ཉེས་པར་སྨྲ་བས་སྨྲ་བ་ནི་༎ གང་དག་སྨད་བྱ་བསྟོད་བྱེད་ཅིང་༎ སྐྱེ་བོ་བསྟོད་བྱ་སྨོད་བྱེད་པའི་༎ སྡིག་གང་བདེ་བ་མི་མྱོང་བའི་༎ སྡིག་དེ་དེ་ཡི་ཁ་ན་གསོག་།
 अल्पमात्रो ह्य् अयं कलिर् य इहाक्षैः स्वधनं (ग्ब्म् १६९९।३) पराजयेत्* ।	གང་འདིར་རྒྱན་པོས་བདག་ནོར་ཡལ་༎
 अयम् अत्र महत्तरः कलिर् यः सुगतेषु मनः प्रदूष्येत्* ॥ ४४	འདི་ནི་སྡིག་པ་ཆུང་དུ་སྟེ་༎ གང་ཞིག་བདེ་གཤེགས་སྡང་སེམས་བསྐྱེད་༎ འདིར་ནི་སྡིག་པ་དེ་ཆེའོ་༎ ངག་དང་ཡིད་ཀྱིས་ཀྱང་ནི་སྡིག་བྱས་ཤིང་༎ ༄༢༢༡བ་གང་ཞིག་འཕགས་ལ་སྨོད་པ་དམྱལ་འགྲོ་སྟེ་༎
 शतं सहस्राणि निरर्बुदानां षट्त्रिंशतं पंच चैवार्बुदानि । यान् आर्यगर्ही नरकान् उपैति वाचं मनश् (ग्ब्म् १६९९।४) च प्रणिधाय पापकं ॥ ४५	སྟོང་ཕྲག་བརྒྱར་ནི་ཆུ་བུར་རྡོལ་ནས་སུ་༎ ཆུ་བུར་ཅན་དུ་སུམ་ཅུ་རྩ་དྲུག་གོ་། སྡིག་པའི་སེམས་ཀྱིས་བདེན་པར་མི་སྨྲ་བ་༎
 असताभिवदन्ति पापचित्ता नरकान् आत्मवधाय वर्धयन्ते ।	བདག་ཉིད་བརླག་ཅིང་དམྱལ་བར་འཕེན་པར་བྱེད་༎
 अनवद्यबलस् तितिक्षते तन् मनसो ऽनाविलताम् असौ प्रकुर्वन्* ॥ ४६ आप्स् ४१। प्रतापने (ग्ब्म् १६९९।५)	དེ་ཡིད་དྲི་མས་མ་རྙོགས་པར་བྱེད་དེ་༎ ཁ་ན་མ་ཐོ་མེད་པ་དེ་བཟོད་དོ་༎
 खलु भिक्षवो महानरके अर्धकल्प आयुषः प्रमाणम्,	དགེ་སློང་དག་། སེམས་ཅན་དམྱལ་བ་ཆེན་པོ་རབ་ཏུ་ཚ་བའི་ཚེའི་ཚད་ནི་བསྐལ་པ་ཕྱེད་གཅིག་ཡིན་ཏེ་།
 अस्त्य् अन्तरेण कालक्रिया।	བར་མ་དོར་འཆི་བ་ནི་ཡོད་དོ་༎
 आप्स् ४२। अथ भगवांस् तस्यां वेलायां गाथे भाषते। अपहाय फलं (ग्ब्म् १६९९।६) _ X शुभं स्वर्गोपपत्तये । अनिष्टं कर्म कृत्वेह उत्पद्यन्ते प्रतापने ॥ ४७	དེ་ནས་བཅོམ་ལྡན་འདས་ཀྱིས་དེའི་ཚེ་ཚིགས་སུ་བཅད་དེ་བཀའ་སྩལ་པ་། འབྲས་བུ་ཡིད་འོང་མཐོ་རིས་སུ་༎ སྐྱེ་འགྱུར་དགེ་བ་སྤངས་ནས་ནི་༎ འདིར་ནི་མི་སྡུག་ལས་བྱས་པས་༎ རབ་ཏུ་ཚ་བར་སྐྱེ་བར་འགྱུར་༎
 श्रमणान् ब्राह्मणान् साधून् मातरं पितरं तथा ।	དགེ་སྦྱོང་བྲམ་ཟེ་དགེ་བ་དང་༎ ཕ་དང་མ་ཡང་དེ་ཡིན་ཏེ་༎
 हन्ति यश् च गुरून् अन्यान् पच्यते स प्रतापने (ग्ब्म् १६९९।७) ॥ ४८	གང་ཡང་བླ་མ་གཞན་གསོད་པ་༎ རབ་ཏུ་ཚ་བར་དེ་འཚེད་དོ་༎
 आप्स्। ४३। अवीचौ खलु भिक्षवो महानरके कल्प आयुषः प्रमाणम्,	དགེ་སློང་དག་། དམྱལ་བ་ཆེན་པོ་མནར་མེད་པའི་ཚེའི་ཚད་ནི་བསྐལ་པ་གཅིག་སྟེ་། བར་མ་དོར་འཆི་བ་ནི་ཡོད་དོ་༎
 अस्त्य् अन्तरेण कालक्रिया। यत्र देवदत्तो मोहपुरुषः समग्रं संघं भित्वा तथागतस्यान्तिके (ग्ब्म् १७०१।१) दुष्टचित्तो रुधिरम् उत्पादयित्वा भिक्षुणीं वार्हन्तीं घातयित्वा स्वशरीरेणैव अवीचौ महानरके उपपन्नः। आप्स् ४२। अथ भगवांस् तस्यां वेलायां गाथा भाषते।	མི་གཏི་མུག་ཅན་ལྷས་བྱིན་གྱིས་དགེ་འདུན་མཐུན་པ་ཕྱེ་བ་དང་། དེ་བཞིན་གཤེགས་པ་ལ་ངན་སེམས་ཀྱིས་ཁྲག་ཕྱུང་བ་དང་། དགེ་སློང་མ་དགྲ་བཅོམ་པ་བསད་པས་རང་གི་ལུས་དེ་ཉིད་ཀྱིས་དམྱལ་བ་ཆེན་པོ་མནར་མེད་པ་དེར་སྐྱེས་སོ༏་༏དེ་ནས་བཅོམ་ལྡན་འདས་ཀྱིས་དེའི་ཚེ་ཚིགས་སུ་བཅད་དེ་བཀའ་སྩལ་པ་།
 यः (ग्ब्म् १७०१।२) शासनम् आर्याणाम् अर्हतां धर्मजीविनां । प्रतिक्रोशति दुर्मेधा दृष्टिं निशृत्य पापिकां ।	འཕགས་པ་རྣམས་ཀྱིས་བསྟན་པ་ཡི་༎ ཆོས་ཀྱིས་འོས་པར་འཚོ་རྣམས་ལ་༎ སྡིག་པའི་ལྟ་བ་ལ་༄༢༢༢ཨ་༌༎ བརྟེན་ནས་༎ བློ་ངན་གང་ཞིག་སྨོད་བྱེད་པ་༎ ཚེར་ཅན་འོད་མའི་འབྲས་བུ་ལྟར་༎
 फलं कण्टकवेणुर् वा फलत्य् आत्मवधाय सः ॥ ४९ कल्याणिकाम् एव मुञ्चेन् न तु मुञ्चेत (ग्ब्म् १७०१।३) पापिकां । मुक्त्वा कल्याणिकां श्रेयो मुक्त्वा तपति पापिकान्* ॥ ५० सचेद् मुञ्चेत् प्रतिमुञ्चेद् मुञ्चमानो हि वध्यते ।	དེ་ནི་འབྲས་བུ་རླག་པར་བྱེད་༎ དགེ་བར་འགྱུར་བ་བརྗོད་བྱ་སྟེ་༎ སྡིག་པ་ཅན་དག་མི་བརྗོད་དོ་༎ དགེ་བ་སྨྲས་ན་ལེགས་པར་འགྱུར་༎ སྡིག་པ་སྨྲས་ན་སྲེག་འགྱུར་བས་༎ གལ་ཏེ་སྨྲ་ན་དགེ་བ་སྨྲའི་༎ སྡིག་པ་སྨྲས་ན་རླག་པར་འགྱུར་༎
 न ताम् आर्या विमुञ्चन्ति बाला मुञ्चन्ति पापिकान्* ॥ ५१ अधी (ग्ब्म् १७०१।४) X X ^ कृत्वेह कर्म दुर्गतिगामिकः ।	བྱིས་པ་རྣམས་ནི་སྡིག་སྨྲ་སྟེ་༎ འཕགས་པ་རྣམས་ནི་མ་ཡིན་ནོ་༎ འདིར་ནི་ངན་འགྲོར་འགྲོ་བ་ཡི་༎ ལས་ནི་ཤས་ཆེར་བྱས་པས་ན་༎ ལས་དེ་དག་གིས་མནར་མེད་པའི་༎
 अवीचाव् उपपद्यन्ते नरके तेन कर्मणा ॥ ५२	དམྱལ་བ་དག་ཏུ་སྐྱེ་བར་འགྱུར་༎
 आप्स् ४५। ब्रह्मकायिकानां भिक्षवो देवानाम् अर्धकल्प आयुषः प्रमाणम्, (ग्ब्म् १७०१।५)	དགེ་སློང་དག་། ཚངས་རིས་ཀྱི་ལྷ་རྣམས་ཀྱི་ཚེའི་ཚད་ནི་བསྐལ་པ་ཕྱེད་དེ་།
 अस्त्य् अन्तरेण कालक्रिया।	བར་མ་དོར་འཆི་བ་ནི་ཡོད་དོ་༎
 आप्स् ४६। ब्रह्मपुरोहितानां भिक्षवो देवानां कल्प आयुषः प्रमाणम्,	དགེ་སློང་དག་། ཚངས་པའི་མདུན་ན་འདོན་གྱི་ལྷ་རྣམས་ཀྱི་ཚེའི་ཚད་ནི་བསྐལ་པའི་བཞི་ཆ་གསུམ་ཐུབ་སྟེ་།
 अस्त्य् अन्तरेण कालक्रिया।	བར་མ་དོར་འཆི་བ་ནི་ཡོད་དོ་༎ དགེ་སློང་དག་།
 आप्स् ४७। महाब्रह्माणां भिक्षवो देवानाम् अध्यर्धकल्प ॥ अद्ध्यर्धकल्प॥ आयुषः प्रमाणम्,	ཚངས་ཆེན་གྱི་ལྷ་རྣམས་ཀྱི་ཚེའི་ཚད་ནི་བསྐལ་པ་གཅིག་ཐུབ་སྟེ་།
 अस्त्य् अन्तरेण कालक्रिया।	བར་མ་དོར་འཆི་བ་ནི་ཡོད་དོ་༎
 आप्स् ४८। परीत्ताभानां भिक्षवो देवानां द्वौ कल्पाव् आयुषः प्रमाणम्। अस्त्य् अन्तरेण कालक्रिया।	དགེ་སློང་དག་། འོད་ཆུང་གི་ལྷ་རྣམས་ཀྱི་ཚེའི་ཚད་ནི་བསྐལ་པ་གཉིས་ཐུབ་སྟེ་། བར་མ་དོར་འཆི་བ་ནི་ཡོད་དོ་༎ དགེ་སློང་དག་།
 आप्स् ४९। अप्रमाणाभानां भिक्षवो देवानां (ग्ब्म् १७०१।७) चत्वारः कल्पा आयुषः प्रमाणम्,	ཚད་མེད་འོད་ཀྱི་ལྷ་རྣམས་ཀྱི་ཚེའི་ཚད་ནི་བསྐལ་པ་བཞི་ཐུབ་སྟེ་།
 अस्त्य् अन्तरेण कालक्रिया।	བར་མ་དོར་འཆི་བ་ནི་ཡོད་དོ་༎
 आप्स् ५०। आभास्वराणां भिक्षवो देवानाम् अष्टौ कल्पा आयुषः प्रमाणम्,	དགེ་སློང་དག་། འོད་གསལ་གྱི་ལྷ་རྣམས་ཀྱི་ཚེའི་ཚད་ནི་བསྐལ་པ་བརྒྱད་ཐུབ་སྟེ་།
 अस्त्य् अन्तरेण कालक्रिया। आप्स् ५१। परीत्ताशुभानां (ग्ब्म् १७००।१)	བར་མ་དོར་འཆི་བ་ནི་ཡོད་དོ་༎
 भिक्षवो देवानां षोडश कल्पा आयुषः प्रमाणम्,	དགེ་སློང་༄༢༢༢བ་དག་༏དགེ་ཆུང་གི་ལྷ་རྣམས་ཀྱི་ཚེའི་ཚད་ནི་བསྐལ་པ་བཅུ་དྲུག་ཐུབ་སྟེ་།
 अस्त्य् अन्तरेण कालक्रिया।	བར་མ་དོར་འཆི་བ་ནི་ཡོད་དོ་༎
 आप्स् ५२। अप्रंआणशुभानां भिक्षवो देवानां द्वात्रिंशत् कल्पा आयुषः प्रमाणम्,	དགེ་སློང་དག་། ཚད་མེད་དགེ་བའི་ལྷ་རྣམས་ཀྱི་ཚེའི་ཚད་ནི་བསྐལ་པ་སུམ་ཅུ་རྩ་གཉིས་ཐུབ་སྟེ་།
 अस्त्य् अन्तरेण कालक्रिया।	བར་མ་དོར་འཆི་བ་ནི་ཡོད་དོ་༎ དགེ་སློང་དག་།
 आप्स् ५३। (ग्ब्म् १७००।२) शुभकृत्स्नानां भिक्षवो देवानां चतुःषष्टिः कल्पा आयुषः प्रमाणम्,	དགེ་རྒྱས་ཀྱི་ལྷ་རྣམས་ཀྱི་ཚེའི་ཚད་ནི་བསྐལ་པ་དྲུག་ཅུ་རྩ་བཞི་ཐུབ་སྟེ་།
 अस्त्य् अन्तरेण कालक्रिया।	བར་མ་དོར་འཆི་བ་ནི་ཡོད་དོ་༎
 आप्स् ५४। अनभ्रकाणां भिक्षवो देवानां पंचविंशत्य् अधिकं कल्पशतम् आयुषः प्रमाणम्, अस्त्य् (ग्ब्म् १७००।३) अन्तरेण कालक्रिया।	དགེ་སློང་དག་། སྤྲིན་མེད་ཀྱི་ལྷ་རྣམས་ཀྱི་ཚེའི་ཚད་ནི་བསྐལ་པ་བརྒྱ་ཉི་ཤུ་རྩ་ལྔ་ཐུབ་སྟེ་། བར་མ་དོར་འཆི་བ་ནི་ཡོད་དོ་༎
 आप्स् ५५। पुण्यप्रसवानां भिक्षवो देवानाम् अर्धत्रितीयानि कल्पशतान्य् आयुषः प्रमाणम्,	དགེ་སློང་དག་། བསོད་ནམས་སྐྱེས་ཀྱི་ལྷ་རྣམས་ཀྱི་ཚེའི་ཚད་ནི་བསྐལ་པ་ཉིས་བརྒྱ་རྩ་ལྔ་བཅུ་ཐུབ་སྟེ་།
 अस्त्य् अन्तरेण कालक्रिया।	བར་མ་དོར་འཆི་བ་ནི་ཡོད་དོ་༎ དགེ་སློང་དག་།
 आप्स् ५६। बृहत्फलानां भिक्षवो देवानां (ग्ब्म् १७००।४) पंच कल्पशतान्य् आयुषः प्रमाणम्,	འབྲས་བུ་ཆེ་བའི་ལྷ་རྣམས་ཀྱི་ཚེའི་ཚད་ནི་བསྐལ་པ་ལྔ་བརྒྱ་ཐུབ་སྟེ་།
 अस्त्य् अन्तरेण कालक्रिया।	བར་མ་དོར་འཆི་བ་ནི་ཡོད་དོ་༎ དགེ་སློང་དག་།
 आप्स् ५७। तथैवासंज्ञासत्वानां पंच कल्पशतान्य् आयुषः प्रमाणम्,	འདུ་ཤེས་མེད་པའི་སེམས་ཅན་དང་། མི་ཆེ་བའི་ལྷ་རྣམས་ཀྱི་ཚེའི་ཚད་ནི་བསྐལ་པ་སྟོང་ཐུབ་སྟེ་།
 अस्त्य् अन्तरेण कालक्रिया। आप्स् ५८। अबृहानां (ग्ब्म् १७००।५)	བར་མ་དོར་འཆི་བ་ནི་ཡོད་དོ་༎ དགེ་སློང་དག་།
 भिक्षवो देवानां कल्पसहस्रम् आयुषः प्रमाणम्,	མི་གདུང་བའི་ལྷ་རྣམས་ཀྱི་ཚེའི་ཚད་ནི་བསྐལ་པ་ཉིས་སྟོང་ཐུབ་སྟེ་།
 अस्त्य् अन्तरेण कालक्रिया।	བར་མ་དོར་འཆི་བ་ནི་ཡོད་དོ་༎
 आप्स् ५९। अतपानां भिक्षवो देवानां द्वे कल्पसहस्रे आयुषः प्रमाणम्,	དགེ་སློང་དག་། ཤིན་ཏུ་མཐོང་གི་ལྷ་རྣམས་ཀྱི་ཚེའི་ཚད་ནི་བསྐལ་པ་བཞི་སྟོང་ཐུབ་སྟེ་།
 अस्त्य् अन्तरेण (ग्ब्म् १७००।६) कालक्रिया।	བར་མ་དོར་འཆི་བ་ནི་ཡོད་དོ་༎
 आप्स् ६०। सुदृशानां भिक्षवो देवानां चत्वारि कल्पसहस्राण्य् आयुषः प्रमाणम्,	དགེ་སློང་དག་། གྱ་ནོམ་སྣང་གི་ལྷ་རྣམས་ཀྱི་ཚེའི་ཚད་ནི་བསྐལ་པ་བརྒྱད་སྟོང་ཐུབ་སྟེ་།
 अस्त्य् अन्तरेण कालक्रिया। आप्स् ६१। सुदर्शनानां भिक्षवो देवानाम् अष्टौ कल्पसहस्राण्य् आयुषः (ग्ब्म् १७००।७) प्रमाणम्, अस्त्य् अन्तरेण कालक्रिया।	བར་མ་དོར་འཆི་བ་ནི་ཡོད་དོ་༎
 आप्स् ६२। अकनिष्ठानां भिक्षवो देवानां षोडश कल्पसहस्राण्य् आयुषः प्रमाणम्,	དགེ་སློང་དག་། འོག་མིན་གྱི་ལྷ་རྣམས་ཀྱི་ཚེའི་ཚད་ནི་བསྐལ་པ་ཁྲི་དྲུག་སྟོང་ཐུབ་སྟེ་། བར་མ་དོར་༄༢༢༣ཨ་༌༎
 अस्त्य् अन्तरेण कालक्रिया।	འཆི་བ་ནི་ཡོད་དོ་༎
 आप्स् ६३। आकाशानन्त्यायतनोपगानां भिक्षवो देवानां विंशतिः कल्पसहस्राण्य् आयुषः प्रमाणम्,	དགེ་སློང་དག་། ནམ་མཁའ་མཐའ་ཡས་སྐྱེ་མཆེད་དུ་ཉེ་བར་འགྲོ་བའི་ལྷ་རྣམས་ཀྱི་ཚེའི་ཚད་ནི་བསྐལ་པ་ཉི་ཁྲི་སྟེ་། 
 अस्त्य् अन्तरेण कालक्रिया।	བར་མ་དོར་འཆི་བ་ནི་ཡོད་དོ་༎
 आप्स् ६४। विज्ञानानन्त्यायतनानां भिक्षवो देवानां चत्वारिंशत् कल्पसहस्राण्य् आयुषः प्रमाणम्,	དགེ་སློང་དག་། རྣམ་ཤེས་མཐའ་ཡས་སྐྱེ་མཆེད་དུ་ཉེ་བར་འགྲོ་བའི་ལྷ་རྣམས་ཀྱི་ཚེའི་ཚད་ནི་བསྐལ་པ་བཞི་ཁྲི་སྟེ་། 
 अस्त्य् अन्तरेण कालक्रिया।	བར་མ་དོར་འཆི་བ་ནི་ཡོད་དོ་༎
 आप्स् ६५। आकिंचन्यायतनानां भिक्षवो देवानां षष्टिः कल्पसहस्राण्य् आयुषः प्रमाणम्,	དགེ་སློང་དག་། ཅི་ཡང་མེད་པའི་སྐྱེ་མཆེད་དུ་ཉེ་བར་འགྲོ་བའི་ལྷ་རྣམས་ཀྱི་ཚེའི་ཚད་ནི་བསྐལ་པ་དྲུག་ཁྲི་སྟེ་། 
 अस्त्य् अन्तरेण कालक्रिया।	བར་མ་དོར་འཆི་བ་ནི་ཡོད་དོ་༎
 आप्स् ६६। नैवसंज्ञानासंज्ञायतनानां भिक्षवो देवानाम् अशीतिः कल्पसहस्राण्य् आयुषः प्रमाणम्,	དགེ་སློང་དག་། འདུ་ཤེས་མེད་འདུ་ཤེས་མེད་མིན་སྐྱེ་མཆེད་དུ་ཉེ་བར་འགྲོ་བའི་ལྷ་རྣམས་ཀྱི་ཚེའི་ཚད་ནི་བསྐལ་པ་བརྒྱད་ཁྲི་སྟེ་།
 अस्त्य् अन्तरेण कालक्रिया।	བར་མ་དོར་འཆི་བ་ནི་ཡོད་དོ་༎ དགེ་སློང་དག་། དེ་ལྟར་དམྱལ་བ་ཆེན་པོ་མནར་མེད་པ་ནས་འདུ་ཤེས་མེད་འདུ་ཤེས་མེད་མིན་སྐྱེ་མཆེད་ཀྱི་བར་དེ་དག་ནི་། དགེ་སློང་དག་། སྲིད་པའི་རྩེ་མོ་དང་། དེ་དག་ནི་སྲིད་པའི་རྩེ་མོ་ཡིན་ནོ་༎ དེ་དག་ནི་སྲིད་པ་འབྱུང་བ་ཡིན་ཏེ་། དེ་དག་ནི་འགྲོ་བ་ལྔའི་སེམས་ཅན་རྣམས་འོང་བ་དང་། འགྲོ་བ་དང་། གནས་པ་དང་། འཆི་བ་དང་། སྐྱེ་བར་སྣང་ངོ་༎ སྲིད་པའི་འབྱུང་བས་ཆོག་ཤེས་པར་གྱིས་ཤིག་། ང་ནི་སྲིད་པ་མངོན་པར་སྒྲུབ་པ་ཆུང་དུ་ལའང་ཐ་ན་དེའི་སྐད་ཅིག་ཙམ་ཡང་བསྔགས་པ་མི་མཛད་དོ་༎ དེ་ཅིའི་ཕྱིར་ཞེ་ན་། སྲིད་པ་མངོན་པར་སྒྲུབ་པ་ནི་སྡུག་བསྔལ་ཡིན་པའི་ཕྱིར་ཏེ་། དཔེར་ན་། མི་གཙང་བ་ནི་ཉུང་དུའང་༄༢༢༣བ་མི་ཞིམ་ན་མང་པོ་ལྟ་ཅི་སྨོས་། དེ་ལྟར་དེ་བཞིན་དུ་ང་ནི་སྲིད་པ་མངོན་པར་སྒྲུབ་པ་ཆུང་དུ་ལའང་ཐ་ན་དེའི་སྐད་ཅིག་ཙམ་ཡང་བསྔགས་པ་མི་མཛད་དོ་༎ དེ་ཅིའི་ཕྱིར་ཞེ་ན་། དགེ་སློང་དག་། སྲིད་པ་མངོན་པར་སྒྲུབ་པ་ནི་སྡུག་བསྔལ་ཡིན་པའི་ཕྱིར་རོ་༎ སོ་སོའི་སྐྱེ་བོ་བྱིས་པ་ཐོས་པ་དང་མི་ལྡན་པ་དེ་དག་ནི་འགྲོ་བ་ལྔ་པོའི་འཁྲོ་བ་གང་དུ་ཡང་དང་། ཡང་དུ་དམྱལ་བ་རྣམས་དང་། ཡང་དང༏་ཡང་དུ་དུད་འགྲོ་རྣམས་དང་། ཡང་དང་། ཡང་དུ་ངན་སོང་ངན་འགྲོ་ལོག་པར་ལྟུང་བ་རྣམས་སུ་ཀུན་ཏུ་རྒྱུག་། ཀུན་ཏུ་རབ་ཏུ་རྒྱུག་གོ་། དགེ་སློང་དག་། དེ་ལྟ་བས་ན་དེའི་ཕྱིར་འདི་ལྟར་བསླབ་པར་བྱ་སྟེ་། སྲིད་པ་རྒྱུན་ཆད་པར་བྱ་བ་གང་ཡིན་པ་ལ་བརྩོན་པར་བྱ་ཞིང་སྲེད་པ་མངོན་པར་མི་བསྒྲུབ་པར་བྱའོ་༎ དགེ་སློང་དག་། ཁྱེད་ཀྱིས་དེ་ལྟར་བསླབ་པར་བྱའོ་༎ བཅོམ་ལྡན་འདས་ཀྱིས་དེ་སྐད་ཅེས་བཀའ་སྩལ་ནས་། དགེ་སློང་དེ་དག་ཡི་རངས་ཏེ་། བཅོམ་ལྡན་འདས་ཀྱིས་གསུངས་པ་ལ་མངོན་པར་བསྟོད་དོ་༎ ཚེའི་མཐའི་མདོ་རྫོགས་སོ་༎༎ རྒྱ་གར་གྱི་མཁན་པོ་བི་ཤུདདྷ་སིདྷ་དང་། ལོཙཚ་བ་བནདེ་དགེ་བའི་དཔལ་གྱིས་བསྒྱུར་།
