 (वैद्य १००) शालिस्तम्बसूत्रम् ।	༄༡༨༠ཨ་། །རྒྱ་གར་སྐད་དུ་། ཨའརྱ་ཤའ་ལི་སྟམབྷ་ནའ་མ་མཧའ་ཡའ་ན་སའུ་ཏྲ་། བོད་སྐད་དུ་། འཕགས་པ་སའ་ལུའི་ལྗང་པ་ཞེས་བྱ་བ་ཐེག་པ་ཆེན་པོའི་མདོ་། སངས་རྒྱས་དང་། བྱང་ཆུབ་སེམས་དཔའ་ཐམས་ཅད་ལ་ཕྱག་འཚལ་ལོ་༎
 एवं मया श्रुतम् ।	འདི་སྐད་བདག་གིས་ཐོས་པའི་དུས་གཅིག་ན་།
 एकस्मिन् समये भगवान् राजगृहे विहरति स्म गृध्रकूटे पर्वते महता भिक्षुसंघेन सार्धमर्धत्रयोदशभिर्भिक्षुसहस्रैः संबहुलैश्च बोधिसत्त्वमहासत्त्वैः । अथायुष्मान् शारिपुत्रो येन मैत्रेयस्य बोधिसत्त्वस्य महासत्त्वस्य चंक्रमः, तेनोपसमक्रमीत् ।	བཅོམ་ལྡན་འདས་རྒྱལ་པོའི་ཁབ་བྱ་རྒོད་ཕུང་པོའི་རི་ལ་དགེ་སློང་སྟོང་ཉིས་བརྒྱ་ལྔ་བཅུའི་དགེ་སློང་གི་དགེ་འདུན་ཆེན་པོ་དང་། བྱང་ཆུབ་སེམས་དཔའ་སེམས་དཔའ་ཆེན་པོ་རབ་ཏུ་མང་པོ་དང་ཐབས་གཅིག་ཏུ་བཞུགས་ཏེ་།
 उपसंक्रम्य अन्योन्यं संमोदनीयां कथां बहुविधां व्यतिसारयित्वा उभौ शिलातले उपाविशताम् ॥ अथायुष्मान् शारिपुत्रो मैत्रेयं बोधिसत्त्वं महासत्त्वमेतदवोचत् - अद्यात्र शालिस्तम्बमवलोक्य	དེའི་ཚེ་ན་ཚེ་དང་ལྡན་པ་ཤའ་རིའི་བུ་བྱང་ཆུབ་སེམས་དཔའ་སེམས་དཔའ་ཆེན་པོ་བྱམས་པའི་བགྲོད་པར་བྱ་བའི་ས་ཕྱོགས་ག་ལ་བ་དེར་སོང་སྟེ་ཕྱིན་ནས་ཕན་ཚུན་ཡང་དག་པར་དགའ་བར་བྱ་བའི་གཏམ་རྣམ་པ་མང་པོ་བྱས་ནས་འདུས་ཏེ་༄༡༨༠བ་གཉིས་ཀ་རྡོ་ལེབ་ལ་འཁོད་དོ་༎ དེ་ནས་ཚེ་དང་ལྡན་པ་ཤའ་རིའི་བུས་བྱང་ཆུབ་སེམས་དཔའ་སེམས་དཔའ་ཆེན་པོ་བྱམས་པ་ལ་འདི་སྐད་ཅེས་སྨྲས་སོ་༎ བྱམས་པ་།
 मैत्रेय भगवता भिक्षुभ्यः सूत्रमिदमुक्तम् - यो भिक्षवः प्रतीत्यसमुत्पादं पश्यति,	དེང་འདིར་བཅོམ་ལྡན་འདས་ཀྱིས་སའ་ལུའི་ལྗང་པ་ལ་གཟིགས་ནས་དགེ་སློང་རྣམས་ལ་མདོ་འདི་གསུངས་སོ་༎ 
 स धर्मं पश्यति ।	དགེ་སློང་དག་། སུས་རྟེན་ཅིང་འབྲེལ་པར་འབྱུང་བ་མཐོང་བ་དེས་ཆོས་མཐོང་ངོ་༎
 यो धर्मं पश्यति, स बुद्धं पश्यति ।	སུས་ཆོས་མཐོང་བ་དེས་སངས་རྒྱས་མཐོང་ངོ་ཞེས་དེ་སྐད་བཀའ་སྩལ་ནས་།
 इत्युक्त्वा भगवांस्तूष्णीं बभूवं ।	བཅོམ་ལྡན་འདས་ཅང་མི་གསུང་བར་གྱུར་ན་།
 अथ मैत्रेय सुगतोक्तसूत्रान्तस्य अर्थः कतमः?	བྱམས་པ་། བདེ་བར་གཤེགས་པས་བཀའ་སྩལ་པའི་མདོ་དེའི་དོན་ནི་ཅི་།
 प्रतीत्यसमुत्पादः कतमः?	རྟེན་ཅིང་འབྲེལ་བར་འབྱུང་བ་ནི་གང་།
 धर्म कतमः?	ཆོས་ནི་གང་།
 बुद्धः कतमः?	སངས་རྒྱས་ནི་གང་།
 कथं प्रतीत्यसमुत्पादं पश्यन् धर्मं पश्यति?	ཇི་ལྟར་རྟེན་ཅིང་འབྲེལ་བར་འབྱུང་བ་མཐོང་ན་ཆོས་མཐོང་།
 कथं धर्मं पश्यन् बुद्धं पश्यति?	ཇི་ལྟར་ཆོས་མཐོང་ན་སངས་རྒྱས་མཐོང་།
 एवमुक्ते मैत्रेयो बोधिसत्त्वो महासत्त्वः आयुष्मन्तं शारद्वतीपुत्रमेतदवोचत् -	དེ་སྐད་ཅེས་སྨྲས་པ་དང་། བྱང་ཆུབ་སེམས་དཔའ་སེམས་དཔའ་ཆེན་པོ་བྱམས་པས་ཚེ་དང་ལྡན་པ་ཤའ་རདབ༹་ཏིའི་བུ་ལ་འདི་སྐད་ཅེས་སྨྲས་སོ་༎ བཙུན་པ་ཤའ་རིའི་བུ་། འདི་ལ་བཅོམ་ལྡན་འདས་ཆོས་ཀྱི་བདགས་པོ་ཐམས་ཅད་མཁྱེན་པས་།
 अत्र यदुक्तं भदन्त शारिपुत्र भगवता धर्मस्वामिना सर्वज्ञेन - यो भिक्षवः	དགེ་སློང་དག་།
 प्रतीत्यसमुत्पादं पश्यति, स धर्मं पश्यति ।	སུས་རྟེན་ཅིང་འབྲེལ་བར་འབྱུང་བ་མཐོང་བ་དེས་ཆོས་མཐོང་ངོ་༎
 यो धर्मं पश्यति, स बुद्धं पश्यति इति, तत्र कतमः प्रतीत्यसमुत्पादो नाम?	སུས་ཆོས་མཐོང་བ་དེས་སངས་རྒྱས་མཐོང་ངོ་ཞེས་གསུངས་པ་དེ་ལ་རྟེན་ཅིང་འབྲེལ་བར་འབྱུང་བ་གང་ཞེ་ན་། 
 प्रतीत्यसमुत्पादो नाम यदिदम् - अस्मिन् सति इदं भवति,	རྟེན་ཅིང་འབྲེལ་བར་འབྱུང་བ་ཞེས་བྱ་བ་ནི་། འདི་ལྟ་སྟེ་།
 अस्योत्पादादिदमुत्पद्यते ।	འདི་ཡོད་པས་འདི་འབྱུང་༄༡༨༡ཨ་༌༎ ལ༏་འདི་སྐྱེས་པའི་ཕྱིར་འདི་སྐྱེ་བ་སྟེ་།
 यदुत अविद्याप्रत्ययाः संस्काराः ।	གང་འདི་མ་རིག་པའི་རྐྱེན་གྱིས་འདུ་བྱེད་རྣམས་།
 संस्कारप्रत्ययं विज्ञानम् ।	འདུ་བྱེད་ཀྱི་རྐྱེན་གྱིས་རྣམ་པར་ཤེས་པ་།
 विज्ञानप्रत्ययं नामरूपम् ।	རྣམ་པར་ཤེས་པའི་རྐྱེན་གྱིས་མིང་དང་གཟུགས་།
 नामरूपप्रत्ययं षडायतनम् ।	མིང་དང་། གཟུགས་ཀྱི་རྐྱེན་གྱིས་སྐྱེ་མཆེད་དྲུག་།
 षडायतनप्रत्ययः स्पर्शः ।	སྐྱེ་མཆེད་དྲུག་གི་རྐྱེན་གྱིས་རེག་པ་།
 स्पर्शप्रत्यया वेदना ।	རེག་པའི་རྐྱེན་གྱིས་ཚོར་བ་།
 वेदनाप्रत्यया तृष्णा ।	ཚོར་བའི་རྐྱེན་གྱིས་སྲེད་པ་།
 तृष्णाप्रत्ययमुपादानम् ।	སྲེད་པའི་རྐྱེན་གྱིས་ལེན་པ་།
 उपादानप्रत्ययो भवः ।	ལེན་པའི་རྐྱེན་གྱིས་སྲིད་པ་།
 भवप्रत्यया जाति ।	སྲིད་པའི་རྐྱེན་གྱིས་སྐྱེ་བ་།
 जातिप्रत्यया जरामरणशोकपरिदेवदुःखदौर्मनस्योपायासाः संभवन्ति ।	སྐྱེ་བའི་རྐྱེན་གྱིས་རྒ་ཤི་དང་། མྱ་ངན་དང་། སྨྲེ་སྔགས་འདོན་པ་དང་། སྡུག་བསྔལ་བ་དང་། ཡིད་མི་བདེ་བ་དང་། འཁྲུག་པ་རྣམས་འབྱུང་སྟེ་།
 एवमस्य केवलस्य महतो दुःखस्कन्धस्य समुदयो भवति ।	དེ་ལྟར་སྡུག་བསྔལ་གྱི་ཕུང་པོ་ཆེན་པོ་འབའ་ཞིག་པོ་འདི་འབྱུང་བར་འགྱུར་རོ་༎
 तत्र अविद्यानिरोधात् संस्कारनिरोधः ।	དེ་ལ་མ་རིག་པ་འགགས་པས་འདུ་བྱེད་འགག་།
 संस्कारनिरोधाद्विज्ञाननिरोधः ।	འདུ་བྱེད་འགགས་པས་རྣམ་པར་ཤེས་བ་འགག་།
 विज्ञाननिरोधान्नामरूपनिरोधः ।	རྣམ་པར་ཤེས་པ་འགགས་པས་མིང་དང་། གཟུགས་འགག་།
 नामरूपनिरोधात् षडायतननिरोधः ।	མིང་དང་། གཟུགས་འགགས་པས་སྐྱེ་མཆེད་དྲུག་འགག་།
 षडायतननिरोधात् स्पर्शनिरोधः ।	སྐྱེ་མཆེད་དྲུག་འགགས་པས་རེག་པ་འགག་།
 स्पर्शनिरोधात् वेदनानिरोधः ।	རེག་པ་འགགས་པས་ཚོར་བ་འགག་།
 वेदनानिरोधात् तृष्णानिरोधः ।	ཚོར་བ་འགགས་པས་སྲེད་པ་འགག་།
 तृष्णानिरोधादुपादाननिरोधः ।	སྲེད་པ་འགགས་པས་ལེན་པ་འགག་།
 उपादाननिरोधाद्भवनिरोधः ।	ལེན་པ་འགགས་པས་སྲིད་པ་འགག་།
 भवनिरोधाज्जातिनिरोधः ।	སྲིད་པ་འགགས་པས་སྐྱེ་བ་འགག་།
 जातिनिरोधाज्जरामरणशोकपरिदेवदुःखदौर्मनस्योपायासा निरुध्यन्ते ।	སྐྱེ་བ་འགགས་པས་རྒ་ཤི་དང་། མྱ་ངན་དང་། སྨྲེ་སྔགས་འདོན་པ་དང་། སྡུག་བསྔལ་བ་དང་། ཡིད་མི་བདེ་བ་དང་། འཁྲུག་པ་རྣམས་འགག་པར་འགྱུར་ཏེ་།
 एवमस्य केवलस्य महतो दुःखस्कन्धस्य निरोधो भवति ।	དེ་ལྟར་༄༡༨༡བ་སྡུག་བསྔལ་གྱི་ཕུང་པོ་ཆེན་པོ་འབའ་ཞིག་པོ་འདི་འགག་པར་འགྱུར་རོ་༎
 अयमुच्यते प्रतीत्यसमुत्पादो भगवता ॥	འདི་ནི་བཅོམ་ལྡན་འདས་ཀྱིས་རྟེན་ཅིང་འབྲེལ་བར་འབྱུང་བ་ཞེས་གསུངས་སོ་༎
 कतमो धर्मः?	ཆོས་གང་ཞེ་ན་།
 आर्याष्टाङ्गिको मार्गः ।	འཕགས་པའི་ལམ་ཡན་ལག་བརྒྱད་པ་སྟེ་།
 तद्यथा - सम्यग्दृष्टिः सम्यक्संकल्पः सम्यग्वाक् सम्यक्कर्मान्तः सम्यगाजीवः सम्यग्व्यायामः सम्यक्स्मृतिः सम्यक्समाधिः ।	འདི་ལྟ་སྟེ་། ཡང་དག་པའི་ལྟ་བ་དང་། ཡང་དག་པའི་རྟོག་པ་དང་། ཡང་དག་པའི་ངག་དང་། ཡང་དག་པའི་ལས་ཀྱི་མཐའ་དང་། ཡང་དག་པའི་འཚོ་བ་དང་། ཡང་དག་པའི་རྩོལ་བ་དང་། ཡང་དག་པའི་དྲན་པ་དང་། ཡང་དག་པའི་ཏིང་ངེ་འཛིན་ཏོ་༎
 अयमुक्तो भगवता आर्याष्टाङ्गिको मार्गः फललाभनिर्वाणैकसंगृहीतो धर्मः ॥	འདི་ནི་འཕགས་པའི་ལམ་ཡན་ལག་བརྒྱད་པ་ཞེས་བྱ་སྟེ་། འབྲས་བུ་ཐོབ་པ་དང་། མྱ་ངན་ལས་འདས་པ་གཅིག་ཏུ་བསྡུས་ཏེ་། བཅོམ་ལྡན་འདས་ཀྱིས་ཆོས་སོ་ཞེས་བཀའ་སྩལ་ཏོ་༎
 तत्र कतमो बुद्धो भगवान्?	དེ་ལ་སངས་རྒྱས་བཅོམ་ལྡན་འདས་གང་ཞེ་ན་།
 यः सर्वधर्मावबोधाद्बुद्ध उच्यते,	སུས་ཆོས་ཐམས་ཅད་ཐུགས་སུ་ཆུད་པའི་ཕྱིར་སངས་རྒྱས་ཞེས་བྱ་སྟེ་།
 स आर्यप्रज्ञानेत्रः धर्मकायसमन्वितः शैक्षाशैक्षधर्मानिमान् पश्यति ॥	དེས་འཕགས་པའི་ཤེས་རབ་ཀྱི་སྤྱན་དང་། ཆོས་ཀྱི་སྐུ་དང་ལྡན་པ་དང་། སློབ་པ་དང་། མི་སློབ་པའི་ཆོས་དེ་དག་གཟིགས་པའོ་༎
 तत्र कथं प्रतीत्यसमुत्पादं पश्यति?	དེ་ལ་རྟེན་ཅིང་འབྲེལ་བར་འབྱུང་བ་མཐོང་བ་ཇི་ལྟ་བུ་ཞེ་ན་།
 इहोक्तं भगवता - य इमं प्रतीत्यसमुत्पादं सततसमितम्, अजीवं निर्जीवं यथावदविपरीतमजातमभूतमकृतमसंस्कृतमप्रतिघमनालम्बनं शिवमभयमनाहार्यमव्ययमव्युपशमस्वभावं पश्यति, (स धर्मं पश्यति) । यस्तु एवं धर्मं (शाल्सू, वैद्य १०१) सततसमितमजीवं निर्जीवं यथावदविपरीतमजातमभूतमकृतमसंस्कृतमप्रतिघमनालम्बनं शिवमनाहार्यमव्ययमव्युपशमस्वभावं पश्यति, सो ऽनुत्तरधर्मशरीरं बुद्धं पश्यति । आर्यधर्माभिसमये सम्यग्ज्ञानोपनयेनैव ॥ प्रतीत्यसमुत्पाद इति कस्मादुच्यते? सहेतुकः सप्रत्ययो नाहेतुको नाप्रत्ययः, तस्मात् प्रतीत्यसमुत्पाद इत्युच्यते । तत्र भगवता प्रतीत्यसमुत्पादलक्षणं संक्षेपेणोक्तमिदंप्रत्ययताफलम् । उत्पादाद्वा तथागतानामनुत्पादाद्वा स्थितैवेषा धर्माणां धर्मता यावद्यैषा धर्मता धर्मस्थितिता धर्मनियामता प्रतीत्यसमुत्पादसमता तथता अविपरीततथता अनन्यतथता भूतता सत्यता अविपरीतता अविपर्ययता इति ॥ अथ च पुनरयं प्रतीत्यसमुत्पादो द्वाभ्यां कारणाभ्यामुत्पद्यते । कतमाभ्यां द्वाभ्याम्? यदिदं हेतूपनिबन्धतः प्रत्ययोपनिबन्धतश्च । सो ऽपि द्विविधो द्रष्टव्यः - बाह्यश्च आध्यात्मिकश्च । तत्र बाह्यस्य प्रतीत्यसमुत्पादस्य हेतूपनिबन्धः कतमाः? यदिदं बीजादङ्कुरः । अङ्कुरात्पत्रम् । पत्रात्काण्डम् । काण्डान्नालम् । नालाद्गण्डः । गण्डाद्गर्भम् । गर्भाच्छूकः । शूकात्पुष्पम् । पुष्पात् फलम् । असति बीजे अङ्कुरो न भवति, यावदसति पुष्पे फलं न भवति । सति तु बीजे अङ्कुरस्याभिनिर्वृत्तिर्भवति, एवं यावत् सति पुष्पे फलस्याभिनिर्वृत्तिर्भवति । तत्र बीजस्य नैवं भवति - अहमङ्कुरमभिनिर्वर्तयामीति । अङ्कुरस्यापि नैवं भवति - अहं बीजेनाभिनिर्वर्तित इति । एवं यावत् पुष्पस्य नैवं भवति - अहं फलमभिनिर्वर्तयामीति । फलस्यापि नैवं भवति - अहं पुष्पेणाभिनिर्वर्तितमिति । अथ पुनः बीजे सति अङ्कुरस्याभिनिर्वृत्तिर्भवति प्रादुर्भावः ।	འདི་ལ་བཅོམ་ལྡན་འདས་ཀྱིས་སུས་རྟེན་ཅིང་འབྲེལ་བར་འབྱུང་བ་རྟག་པ་དང་། སྲོག་མེད་པ་དང་། སྲོག་དང་བྲལ་བ་དང་། ཇི་ལྟ་བུ་ཉིད་དང་། མ་ནོར་བ་དང་། མ་སྐྱེས་པ་དང་། མ་བྱུང་བ་དང་། མ་བྱས་པ་དང་། འདུས་མ་བྱས་པ་དང་། ཐོགས་པ་མེད་པ་དང་། དམིགས་པ་མེད་པ་དང་། ཞི་བ་དང་། འཇིགས་པ་མེད་པ་དང་། མི་འཕྲོགས་པ་དང་། རྣམ་པར་ཞི་བ་མ་ཡིན་པའི་རང་༄༡༨༢ཨ་missing page་༄༡༨༢བ་missing page་༄༡༨༣ཨ་༌༎
 एवं यावत् पुष्पे सति फलस्याभिनिर्वृत्तिर्भवति प्रादुर्भावः । एवं बाह्यस्य प्रतीत्यसमुत्पादस्य हेतूपनिबन्धो द्रष्टव्यः ॥	ནས་དེ་བཞིན་དུ་མེ་ཏོག་ཡོད་ན་འབྲས་བུའི་བར་དུའང་མངོན་པར་འགྲུབ་ཅིང་འབྱུང་བར་འགྱུར་ཏེ་། དེ་ལྟར་ཕྱི་རོལ་གྱི་རྟེན་ཅིང་འབྲེལ་བར་འབྱུང་བརྒྱུ་དང་འབྲེལ་བར་བལྟའ༎
 कथं बाह्यस्य प्रतीत्यसमुत्पादस्य प्रत्ययोपनिबन्धो द्रष्टव्यः?	ཕྱི་རོལ་གྱི་རྟེན་ཅིང་འབྲེལ་བར་འབྱུང་བ་རྐྱེན་དང་འབྲེལ་བ་ཇི་ལྟར་བལྟ་ཞེ་ན་།
 षण्णां धातूना समुदायात् ।	ཁམས་དྲུག་འདུས་པའི་ཕྱིར་ཏེ་།
 कतमेषां षण्णां समवायात्?	ཁམས་དྲུག་པོ་གང་དག་འདུས་པའི་ཕྱིར་ཞེ་ན་།
 यदिदं पृथिव्यप्तेजोवाय्वाकाशऋतुधातुसमवायाद्बाह्यस्य प्रतीत्यसमुत्पादस्य प्रत्ययोपनिबन्धो द्रष्टव्यः ।	འདི་ལྟ་སྟེ་། ས་དང་། ཆུ་དང་། མེ་དང་། རླུང་དང་། ནམ་མཁའ་དང་། དུས་ཀྱི་ཁམས་རྣམས་འདུས་པ་ལས་ཕྱི་རོལ་གྱི་རྟེན་ཅིང་འབྲེལ་བར་འབྱུང་བ་རྐྱེན་དང་འབྲེལ་བར་བལྟའོ་༎ 
 तत्र पृथिवीधातुर्बीजस्य संधारणकृत्यं करोति ।	དེ་ལ་སའི་ཁམས་ནི་ས་བོན་རྟེན་པའི་བྱ་བ་བྱེད་དོ་༎
 अब्धातुर्बीजं स्नेहयति ।	ཆུའི་ཁམས་ནི་ས་བོན་བརླན་པའི་བྱ་བ་བྱེད་དོ་།
 तेजोधातुर्बीजं परिपाचयति ।	མེའི་ཁམས་ནི་ས་བོན་ཡོངས་སུ་དྲོ་བའི་བྱ་བ་བྱེད་དོ་༎
 वायुधातुर्बीजमभिनिर्हरति ।	རླུང་གི་ཁམས་ནི་ས་བོན་འབུ་བའི་བྱ་བ་བྱེད་དོ་༎
 आकाशधातुर्बीजस्यानावरणकृत्यं करोतीति ।	ནམ་མཁའི་ཁམས་ནི་ས་བོན་ལ་མི་སྒྲིབ་པའི་བྱ་བ་བྱེད་དོ་༎
 ऋतुरपि बीजस्य परिणामनाकृत्यं करोति ।	དུས་ནི་ས་བོན་འགྱུར་བའི་བྱ་བ་བྱེད་དོ་༎
 असत्सु एषु प्रत्ययेषु बीजादङ्कुरस्याभिनिर्वृत्तिर्न भवति ।	རྐྱེན་འདི་རྣམས་མེད་པར་ས་བོན་ལས་མྱུ་གུ་མངོན་པར་འགྲུབ་པར་མི་འགྱུར་གྱི་།
 यदा बाह्यश्च पृथिवीधातुरविकलो भवति, एवमप्तेजोवाय्वाकाशऋतुधातवश्चाविकला भवन्ति,	ནམ་ཕྱི་རོལ་གྱི་སའི་ཁམས་མ་ཚང་བ་མེད་པར་གྱུར་ལ་དེ་བཞིན་དུ་ཆུ་དང་། མེ་དང་། རླུང་དང་། ནམ་མཁའ་དང་། དུས་ཀྱང་མ་ཚད་བ་མེད་པར་གྱུར་ཏེ་།
 ततः सवषां समवायाद्बीजे निरुध्यमाने अङ्कुरस्याभिनिर्वृत्तिर्भवति । तत्र पृथिवीधातोर्नैवं भवति - अहं बीजस्य संधारणकृत्यं करोम्ःति ।	ཐམས་ཅད་འདུས་པ་ལས་ས་བོན་འགགས་པ་ན་དེ་ལས་མྱུ་གུ་མངོན་པར་འགྲུབ་པར་འགྱུར་རོ་༎ དེ་ལ་སའི་ཁམས་ཀྱང་འདི་སྙམ་དུ་བདག་གིས་ས་བོན་རྟེན་པའི་བྱ་བ་བྱའོ་༄༡༨༣བ་སྙམ་དུ་མི་སེམས་སོ་༎
 एवमब्धातोरपि नैवं भवति - अहं ब्ःजं स्नेहयाम्ःति ।	དེ་བཞིན་དུ་ཆུའི་ཁམས་ཀྱང་འདི་སྙམ་དུ་བདག་གིས་ས་བོན་བརླན་པར་བྱའོ་སྙམ་དུ་མི་སེམས་སོ་༎ 
 तेजोधातोरपि नैवं भवति - अहं ब्ःजं परिपाचयाम्ःति ।	མེའི་ཁམས་ཀྱང་འདི་སྙམ་དུ་བདག་གིས་ས་བོན་ཡོངས་སུ་དྲོ་བར་བྱའོ་སྙམ་དུ་མི་སོ་༎ སེམས་སོ་༎ 
 वायुधातोरपि नैवं भवति - अहं ब्ःजमभिनिर्हराम्ःति ।	རླུང་གི་ཁམས་ཀྱང་འདི་སྙམ་དུ་བདག་གིས་ས་བོན་འབུ་བར་བྱའོ་སྙམ་དུ་མི་སེམས་སོ་༎
 आकाशधातोरपि नैवं भवति - अहं ब्ःजस्यानावरणकृत्यं करोम्ःति ।	ནམ་མཁའི་ཁམས་ཀྱང་འདི་སྙམ་དུ་བདག་གིས་ས་བོན་ལ་མི་སྒྲིབ་པའི་བྱ་བ་བྱའོ་སྙམ་དུ་མི་སེམས་སོ་༎ 
 ऋतोरपि नैवं भवति - अहं ब्ःजस्य परिणामनाकृत्यं करोम्ःति ।	དུས་ཀྱང་འདི་སྙམ་དུ་བདག་གིས་ས་བོན་བསྒྱུར་བའི་བྱ་བ་བྱའོ་སྙམ་དུ་མི་སེམས་སོ་༎ མི་སེམས་སོ་༎ 
 ब्ःजस्यापि नैवं भवति - अहं ब्ःजं (अङ्कुरं?) अभिनिर्वर्तयाम्ःति ।	ས་བོན་ཡང་འདི་སྙམ་དུ་བདག་གིས་མྱུ་གུ་མངོན་པར་བསྒྲུབ་པོ་སྙམ་དུ་མི་སེམས་སོ་༎
 अङ्कुरस्यापि नैवं भवति - अहमेभिः प्रत्ययैरभिनिर्वर्तित (शाल्सू, वैद्य १०२) इति ।	མྱུ་གུའང་འདི་སྙམ་དུ་བདག་ནི་རྐྱེན་འདི་དག་གིས་མངོན་པར་བསྒྲུབས་སོ་སྙམ་དུ་མི་སེམས་མོད་ཀྱི་། 
 अथ पुनः सत्सु एतेषु प्रत्ययेषु ब्ःजे निरुध्यमाने अङ्कुरस्याभिनिर्वृत्तिएभवति ।	འོན་ཀྱང་རྐྱེན་འདི་དག་ཡོད་ལ་ས་བོན་འགག་པ་ན་མྱུ་གུ་མངོན་པར་འགྲུབ་པར་ཀྱི་། འགྱུར་རོ་༎ 
 एवं यावत् पुष्पे सति फलस्याभिनिर्वृत्तिर्भवति ।	དེ་བཞིན་དུ་མེ་ཏོག་ཡོད་ན་འབྲས་བུའི་བར་དུའང་མངོན་པར་འགྲུབ་པར་ཀྱི་། འགྱུར་རོ་༎ འགྱུར་ཏེ་། མྱུ་གུ་དེའང་བདག་གིས་མ་བྱས་། གཞན་གྱིས་མ་བྱས་། གཉིས་ཀས་མ་བྱས་།
 स च अङ्कुरो न स्वयंकृतो न परकृतो नोभयकृतो नेश्वरकृतो न कालपरिणामितो न प्रकृतिसंभूतो (न चैककारणाध्ःनो)	དབང་ཕྱུག་གིས་མ་བྱས་། དུས་ཀྱིས་མ་བསྒྱུར་། རང་བཞིན་ལས་མ་བྱུང་།
 नाप्यहेतुसमुत्पन्नः ।	རྒྱུ་མེད་པ་ལས་ཀྱང་མ་སྐྱེས་ཏེ་།
 अथ पुनः पृथिव्यप्तेजोवाय्वाकाशऋतुधातुसमवायाद् ब्ःजे निरुध्यमाने अङ्कुरस्याभिनिर्वृत्तिर्भवति ।	འོན་ཀྱང་ས་དང་། ཆུ་དང་། མེ་དང་། རླུང་དང་། ནམ་མཁའ་དང་། དུས་ཀྱི་ཁམས་རྣམས་འདུས་ནས་ས་བོན་འགག་པ་ན་མྱུ་གུ་མངོན་པར་འགྲུབ་པར་འགྱུར་ཏེ་།
 एवं बाह्यस्य प्रत्ःत्यसमुत्पादस्य प्रत्ययोपनिबन्धो द्रष्टव्यः ॥	དེ་ལྟར་ཕྱི་རོལ་གྱི་རྟེན་ཅིང་འབྲེལ་བར་འབྱུང་བ་རྐྱེན་དང་འབྲེལ་བར་བལྟའོ་།
 तत्र बाह्यः प्रतीत्यसमुत्पादः पञ्चभिराकारैर्द्रष्टव्यः ।	༄༡༨༤ཨ་༌༎ དེ་ལ་ཕྱི་རོལ་གྱི་རྟེན་ཅིང་འབྲེལ་བར་འབྱུང་བ་རྣམ་པ་ལྔར་བལྟ་སྟེ་།
 कतमैः पञ्चभिः? न शाश्वततः, नोच्छेदतः, न संक्रान्तितः,	ལྔ་གང་ཞེ་ན་།
 परीत्तहेतुतो विपुलफलाभिनिर्वृत्तितः, तत्सदृशानुप्रबन्धतश्च ।	རྟག་པར་མ་ཡིན་པ་དང་། ཆད་པར་མ་ཡིན་པ་དང་། འཕོ་བར་མ་ཡིན་པ་དང་། རྒྱུ་ཆུང་དུ་ལས་འབྲས་བུ་ཆེན་པོ་མངོན་པར་འགྲུབ་པ་དང་། དེ་དང་འདྲ་བའི་རྒྱུད་དུའོ་༎
 कथं न शाश्वतत इति?	ཇི་ལྟར་རྟག་པར་མ་ཡིན་ཞེ་ན་།
 यस्मादन्यो ऽङ्कुरः अन्यद्बीजम् ।	གང་གི་ཕྱིར་མྱུ་གུའང་གཞན་ལ་ས་བོན་ཡང་གཞན་ཏེ་།
 न च य एवाङ्कुरः तदेव बीजम् ।	མྱུ་གུ་གང་ཡིན་པ་དེ་ཉིད་ས་བོན་མ་ཡིན་ལ་།
 न च निरुद्धाद्बीजादङ्कुर उत्पद्यते नाप्यनिरुद्धात् ।	ས་བོན་འགགས་པ་ལས་མྱུ་གུ་འབྱུང་བ་མ་ཡིན་། མ་འགགས་པ་ལས་ཀྱང་མ་ཡིན་གྱི་།
 बीजं पुनर्निरुध्यते, तदैवाङ्कुरश्चोत्पद्यते ।	ས་བོན་ཡང་འགག་ལ་དེ་ཉིད་ཀྱི་ཚེ་མྱུ་གུའང་འབྱུང་སྟེ་།
 तस्मान्न शाश्वततः ।	དེའི་ཕྱིར་རྟག་པར་མ་ཡིན་ནོ་༎
 कथं नोच्छेदतः?	ཇི་ལྟར་ཆད་པར་མ་ཡིན་ཞེ་ན་།
 न च पूर्वनिरुद्धाद् बीजादङ्कुरो निष्पद्यते ।	སྔོན་འགགས་པའི་ས་བོན་ལས་མྱུ་གུ་སྐྱེ་བ་མ་ཡིན་།
 नाप्यनिरुद्धात् ।	མ་འགགས་པ་ལས་ཀྱང་མ་ཡིན་གྱི་།
 अपि च बीजं च निरुध्यते, तस्मिन्नेव समये अङ्कुर उत्पद्यते तुलादण्डोन्नामावनामवत् । अतो नोच्छेदतः ॥	ས་བོན་ཡང་འགག་ལ་དེ་ཉིད་ཀྱི་ཚེ་སྲང་མདའི་མཐོ་དམའ་བཞིན་དུ་མྱུ་གུ་སྐྱེ་བས་དེའི་ཕྱིར་ཆད་པར་མ་ཡིན་ནོ་༎
 कथं न संक्रान्तितः?	ཇི་ལྟར་འཕོ་བར་མ་ཡིན་ཞེ་ན་།
 विसदृशो बीजादङ्कुर इति ।	གང་གི་ཕྱིར་མྱུ་གུའང་གཞན་ལ་ས་བོན་ཡང་གཞན་། མྱུ་གུ་གང་ཡིན་པ་ད་ཉིད་ས་བོན་མ་ཡིན་ཏེ་།
 अतो न संक्रान्तितः ॥	དེའི་ཕྱིར་འཕོ་བར་མ་ཡིན་ནོ་༎
 कथं परीत्तहेतुतो विपुलफलाभिनिर्वृत्तितः?	ཇི་ལྟར་རྒྱུ་ཆུང་དུ་ལས་འབྲས་བུ་ཆེན་པོ་མངོན་པར་འགྲུབ་ཅེ་ན་།
 परीत्तं बीजमुप्यते, विपुलफलमभिनिर्वर्तयतीति ।	ས་བོན་ཆུང་དུ་བཏབ་པ་ལས་འབྲས་བུ་ཆེན་པོ་མངོན་པར་འགྲུབ་པར་འགྱུར་ཏེ་།
 अतः परीत्तहेतुतो विपुलफलाभिनिर्वृत्तितः ॥	དེའི་ཕྱིར་རྒྱུ་ཆུང་དུ་ལས་འབྲས་བུ་ཆེན་པོ་མངོན་པར་འགྲུབ་བོ་༎
 कथं तत्सदृशानुप्रबन्धतः? यादृशं बीजमुप्यते, तादृशं फलमभिनिर्वर्तयतीति । अतस्तत्सदृशानुप्रबन्धतश्चेति ॥	ས་བོན་ཇི་ལྟ་བུ་བཏབ་པ་དེ་ལྟ་བུའི་འབྲས་བུ་མངོན་༄༡༨༤བ་པར་འགྲུབ་པས་དེའི་ཕྱིར་དེ་དང་འདྲ་བའི་རྒྱུད་དུ་སྟེ་།
 एवं बाह्यः प्रतीत्यसमुत्पादः पञ्चभिराकारैर्द्रष्टव्यः ॥	དེ་ལྟར་ཕྱི་རོལ་གྱི་རྟེན་ཅིང་འབྲེལ་བར་འབྱུང་བ་རྣམ་པ་ལྔར་བལྟའོ་༎
 एवमाध्यात्मिको ऽपि प्रतीत्यसमुत्पादो द्वाभ्यां कारणाभ्यामुत्पद्यते ।	དེ་བཞིན་དུ་ནང་གི་རྟེན་ཅིང་འབྲེལ་བར་འབྱུང་བའང་གཉིས་ཀྱི་ཕྱིར་འབྱུང་སྟེ་།
 कतमाभ्यां द्वाभ्याम्?	གཉིས་གང་ཞེ་ན་། འདི་ལྟ་སྟེ་།
 यदिदं हेतूपनिबन्धतः प्रत्ययोपनिबन्धतश्च ।	རྒྱུ་དང་འབྲེལ་བ་དང་། རྐྱེན་དང་འབྲེལ་བའོ་༎
 तत्राध्यात्मिकस्य प्रतीत्यसमुत्पादस्य हेतूपनिबन्धः कतमः?	དེ་ལ་ནང་གི་རྟེན་ཅིང་འབྲེལ་བར་འབྱུང་བ་རྒྱུ་དང་འབྲེལ་བ་གང་ཞེ་ན་།
 यदिदमविद्याप्रत्ययाः संस्काराः, यावज्जातिप्रत्ययं जरामरणमिति ।	གང་འདི་མ་རིག་པའི་རྐྱེན་གྱིས་འདུ་བྱེད་རྣམས་ཞེས་བྱ་བ་ནས་སྐྱེ་བའི་རྐྱེན་གྱིས་རྒ་ཤི་ཞེས་བྱ་བའི་བར་དུའོ་༎
 अविद्या चेन्नाभविष्यत्, नैव संस्काराः प्रज्ञास्यन्ते ।	གལ་ཏེ་མ་རིག་པ་མ་བྱུང་ན་འདུ་བྱེད་རྣམས་ཀྱང་མི་མངོན་པ་ཞིག་།
 एवं यावज्जातिश्चेन्नाभविष्यत्, जरामरणं न प्रज्ञास्यते । अथ सत्यामविद्यायां संस्काराणामभिनिर्वृत्तिर्भवति ।	དེ་བཞིན་དུ་སྐྱེ་བ་མ་བྱུང་དུ་ཟིན་ན་རྒ་ཤིའི་བར་དུའང་མི་མངོན་པ་ཞིག་ན་།
 एवं यावज्जात्यां सत्त्यां जरामरणस्याभिनिर्वृत्तिर्भवति ।	འདི་ལྟར་མ་རིག་པ་ཡོད་པ་ལས་འདུ་བྱེད་རྣམས་མངོན་པར་འགྲུབ་པར་འགྱུར་བ་ནས་སྐྱེ་བ་ཡོད་པ་ལས་རྒ་ཤིའི་བར་དུ་མངོན་པར་འགྲུབ་པར་འགྱུར་རོ་༎ 
 तत्र अविद्याया नैवं भवति - अहं संस्कारानभिनिर्वर्तयामीति ।	དེ་ལ་མ་རིག་པའང་འདི་སྙམ་དུ་བདག་གིས་འདུ་བྱེད་རྣམས་མངོན་པར་བསྒྲུབ་བོ་སྙམ་དུ་མི་སེམས་སོ་༎
 संस्काराणामपि नैवं भवति - वयमविद्यया अभिनिर्वतिता इति । एवं यावज्जातेरपि नैवं भवति - अहं जरामरणमभिनिर्वर्तयामीति ।	འདུ་བྱེད་རྣམས་ཀྱང་འདི་སྙམ་དུ་བདག་ཅག་ནི་མ་རིག་པས་མངོན་པར་བསྒྲུབས་སོ་སྙམ་དུ་མི་སེམས་པ་ནས་དེ་བཞིན་དུ་སྐྱེ་བའང་འདི་སྙམ་དུ་བདག་གིས་རྒ་ཤི་མངོན་པར་བསྒྲུབ་པོ་སྙམ་དུ་མི་སེམས་ཤིང་།
 जरामरणस्यापि नैवं भवति - अहं जात्याभिनिर्वर्तितमिति ।	རྒ་ཤིའང་འདི་སྙམ་དུ་བདག་ནི་སྐྱེ་བས་མངོན་པར་བསྒྲུབས་སོ་སྙམ་དུ་མི་སེམས་པའི་བར་དུ་སྟེ་། 
 अथ च सत्यामविद्यायां संस्काराणामभिनिर्वृत्तिर्भवति प्रादुर्भावः ।	འོན་ཀྱང་མ་རིག་པ་ཡོད་པ་ལས་འདུ་བྱེད་རྣམས་མངོན་པར་འགྲུབ་ཅིང་འབྱུང་བར་༄༡༨༥ཨ་སྟེ་། ༌༎ འགྱུར་བ་ནས་།
 एवं यावज्जात्यां सत्यां जरामरणस्याभिनिर्वृत्तिर्भवति प्रादुर्भावः । एवमाध्यात्मिकस्य प्रतीत्यसमुत्पादस्य हेतूपनिबन्धो द्रष्टव्यः ॥	དེ་བཞིན་དུ་སྐྱེ་བ་ཡོད་པ་ལས་རྒ་ཤིའི་བར་དུ་མངོན་པར་འགྲུབ་ཅིང་འབྱུང་བར་འགྱུར་ཏེ་། དེ་ལྟར་ནང་གི་རྟེན་ཅིང་འབྲེལ་བར་འབྱུང་བ་རྒྱུ་དང་འབྲེལ་བར་བལྟའོ་༎
 कथमाध्यात्मिकस्य प्रतीत्यसमुत्पादस्य प्रत्ययोपनिबन्धो द्रष्टव्यः?	ནང་གི་རྟེན་ཅིང་འབྲེལ་བར་འབྱུང་བ་རྐྱེན་དང་འབྲེལ་བར་ཇི་ལྟར་བལྟ་ཞེ་ན་།
 षण्णां धातूनां समवायात् ।	ཁམས་དྲུག་འདུས་པའི་ཕྱིར་ཏེ་།
 कतमेषां षण्णां धातूनां समवायात्?	ཁམས་དྲུག་པོ་གང་དག་འདུས་པའི་ཕྱིར་ཞེ་ན་།
 यदिदं पृथिव्यप्तेजोवाय्वाकाशविज्ञानधातूनां समवायादाध्यात्मिकस्य प्रतीत्यसमुत्पादस्य प्रत्ययोपनिबन्धो द्रष्टव्यः ।	འདི་ལྟ་སྟེ་། ས་དང་། ཆུ་དང་། མེ་དང་། རླུང་དང་། ནམ་མཁའ་དང་། རྣམ་པར་ཤེས་པའི་ཁམས་རྣམས་འདུས་པ་ལས་ནང་གི་རྟེན་ཅིང་འབྲེལ་བར་འབྱུང་བ་རྐྱེན་དང་འབྲེལ་བར་བལྟའོ་༎ 
 तत्र आध्यात्मिकस्य प्रतीत्यसमुत्पादस्य पृथिवीधातुः कतमः?	དེ་ལ་ནང་གི་རྟེན་ཅིང་འབྲེལ་བར་འབྱུང་བའི་སའི་ཁམས་གང་ཞེ་ན་།
 यो ऽयं कायस्य संश्लेषतः कठिनभावमभिनिर्वर्तयति, अयमुच्यते पृथिवीधातुः ।	གང་འདི་འདུས་ནས་ལུས་ཀྱི་སྲ་བའི་དངོས་པོ་མངོན་པར་འགྲུབ་པར་བྱེད་པ་འདི་ནི་སའི་ཁམས་ཞེས་བྱའོ་༎ 
 यः कायस्य अनुपरिग्रहकृत्यं करोति, अयमुच्यते ऽब्धातुः ।	གང་ལུས་སྡུད་པའི་བྱ་བ་བྱེད་པ་འདི་ནི་ཆུའི་ཁམས་ཞེས་བྱའོ་༎
 यं कायस्य अशितपीतभक्षितं परिपाचयति, (शाल्सू, वैद्य १०३) अयमुच्यते तेजोधातुः । यं कायस्य आश्वासप्रश्वासकृत्यं करोति,	གང་ལུས་ཀྱིས་ཟོས་པ་དང་། འཐུངས་པ་དང་། འཆོས་པ་དང་། མྱངས་པ་རྣམས་འཇུ་བར་བྱེད་པ་འདི་ནི་མེའི་ཁམས་ཞེས་བྱའོ་༎
 अयमुच्यते वायुधातुः । यं कायस्यान्तःशौषिर्यमभिनिर्वर्तयति, अयमुच्यते आकाशधातुः ।	གང་ལུས་ཀྱི་དབུགས་ཕྱི་ནང་དུ་རྒྱུ་བའི་བྱ་བ་བྱེད་པ་འདི་ནི་རླུང་གི་ཁམས་ཞེས་བྱའོ་༎ གང་ལུས་ཀྱི་ནང་སྦུབས་ཡོད་པར་བྱེད་པ་འདི་ནི་ནམ་མཁའི་ཁམས་ཞེས་བྱའོ་༎
 य कायस्य नामरूपाङ्कुरमभिनिर्वर्तयति, नडकलापयोगेन, पञ्चविज्ञानकायसंयुक्तं सास्रवं च मनोविज्ञानम्, अयमुच्यते विज्ञानधातुः ।	གང་མདུང་ཁྱིམ་གྱི་ཚུལ་དུ་ལུས་ཀྱི་མིང་དང་གཟུགས་ཀྱི་མྱུ་གུ་མངོན་པར་འགྲུབ་པར་བྱེད་པ་རྣམ་པར་ཤེས་པའི་ཚོགས་ལྔ་འདུས་པ་དང་། ཟག་པ་དང་བཅས་པའི་༄༡༨༥བ་ཡིད་ཀྱི་རྣམ་པར་ཤེས་པ་གང་ཡིན་པ་འདི་ནི་རྣམ་པར་ཤེས་པའི་ཁམས་ཞེས་བྱའོ་༎
 तत्र असतामेषां प्रत्ययानां कायस्योत्पत्तिर्नं भवति ।	རྐྱེན་འདི་དག་མེད་པར་ལུས་སྐྱེ་བར་མི་འགྱུར་གྱི་།
 यदा आध्यात्मिकः पृथिवीधातुरविकलो भवति, एवमप्तेजोवाय्वाकाशविज्ञानधातवश्च अविकला भवन्ति,	ནམ་ནང་གི་སའི་ཁམས་ཚང་ཞིང་དེ་བཞིན་དུ་ཆུ་དང་། མེ་དང་། རླུང་དང་། ནམ་མཁའ་དང་། རྣམ་པར་ཤེས་པའི་ཁམས་རྣམས་ཀྱང་ཚང་བར་གྱུར་ལ་།
 ततः सर्वेषां समवायात् कायस्याभिनिर्वृत्तिर्भवति ।	ཐམས་ཅད་འདུས་པ་དེ་ལས་ལུས་མངོན་པར་འགྲུབ་པར་འགྱུར་རོ་༎
 तत्र पृथिवीधातोर्नैवं भवति - अहं कायस्य संश्लेषतः कठिनभावमभिनिर्वर्तयामीति ।	དེ་ལ་སའི་ཁམས་ཀྱང་འདི་སྙམ་དུ་བདག་གིས་འདུས་ནས་ལུས་ཀྱི་སྲ་བའི་དངོས་པོ་མངོན་པར་བསྒྲུབ་བོ་སྙམ་དུ་མི་སེམས་སོ་༎
 अब्धातोर्नैवं भवति - अहं कायस्य अनुपरिग्रहकृत्यं करोमीति । तेजोधातोरपि नैवं भवति - अहं कायस्य अशितपीतभक्षितं परिपाचयामीति ।	ཆུའི་ཁམས་ཀྱང་འདི་སྙམ་དུ་བདག་གིས་ལུས་ཀྱི་སྡུད་པའི་བྱ་བ་བྱའོ་སྙམ་དུ་མི་སེམས་སོ་༎ མེའི་ཁམས་ཀྱང་འདི་སྙམ་དུ་བདག་གིས་ལུས་ཀྱི་ཟོས་པ་དང་། འཐུངས་པ་དང་། འཆོས་པ་དང་། མྱངས་པ་རྣམས་འཇུ་བར་བྱའོ་སྙམ་དུ་མི་སེམས་སོ་༎
 वायुधातोर्नैवं भवति - अहं कायस्य आश्वासप्रश्वासकृत्यं करोमीति ।	རླུང་གི་ཁམས་ཀྱང་འདི་སྙམ་དུ་བདག་གིས་ལུས་ཀྱི་དབུགས་ཕྱི་ནང་དུ་རྒྱུ་བའི་བྱ་བ་བྱའོ་སྙམ་དུ་མི་སེམས་སོ་༎
 आकाशधातोर्नैवं भवति - अहं कायस्यान्तःशौषिर्यमभिनिर्वर्तयामीति ।	ནམ་མཁའི་ཁམས་ཀྱང་འདི་སྙམ་དུ་བདག་གིས་ལུས་ཀྱི་ནང་སྦུབས་ཡོད་པར་བྱའོ་སྙམ་དུ་མི་སེམས་སོ་༎ 
 विज्ञानधातोर्नैवं भवति - अहं कायस्य नामरूपमभिनिर्वर्तयामीति ।	རྣམ་པར་ཤེས་པའི་ཁམས་ཀྱང་འདི་སྙམ་དུ་བདག་གིས་ལུས་ཀྱི་མིང་དང་། གཟུགས་མངོན་པར་བསྒྲུབ་བོ་སྙམ་དུ་མི་སེམས་སོ་༎
 कायस्यापि नैवं भवति - अहमेभिः प्रत्ययैर्जनित इति ।	ལུས་ཀྱང་འདི་སྙམ་དུ་བདག་ནི་རྐྱེན་འདི་དག་གིས་བསྐྱེད་དོ་སྙམ་དུ་མི་སེམས་མོད་ཀྱི་།
 अथ च सत्सु एषु प्रत्ययेषु कायस्योत्पत्तिर्भवति ॥	འོན་ཀྱང་རྐྱེན་འདི་དག་ཡོད་ན་ལུས་སྐྱེ་བར་འགྱུར་རོ་༎ དེ་ལ་སའི་ཁམས་ནི་བདག་མ་ཡིན་། སེམས་ཅན་མ་ཡིན་། སྲོག་མ་ཡིན་། སྐྱེ་བ་པོ་མ་༄༡༨༦ཨ་༌༎ ཡིན་། ཤེད་ལས་སྐྱེས་པ་མ་ཡིན་། ཤེད་བུ་མ་ཡིན་། བུད་མེད་མ་ཡིན་།
 तत्र पृथिवीधातुर्नात्मा न सत्त्वो न जीवो न जन्तुः न मनजो न मानवो न स्त्री न पुमान् न नपुंसकं न चाहं न मम न चान्यस्य कस्यचित्	སྐྱེས་པ་མ་ཡིན་། མ་ནིང་མ་ཡིན་། ང་མ་ཡིན་། བདག་གི་མ་ཡིན་ཏེ་། གཞན་སུའི་ཡང་མ་ཡིན་ནོ་༎
 एवमब्धातुस्तेजोधातुर्वायुधातुराकाशधातुर्विज्ञानधातुः नात्मा न सत्त्वो न जीवो	དེ་བཞིན་དུ་ཆུའི་ཁམས་དང་། མེའི་ཁམས་དང་། རླུང་གི་ཁམས་དང་། ནམ་མཁའི་ཁམས་དང་། རྣམ་པར་ཤེས་པའི་ཁམས་ཀྱང་བདག་མ་ཡིན་། སེམས་ཅན་མ་ཡིན་། སྲོག་མ་ཡིན་། སྐྱེ་བ་པོ་མ་ཡིན་། ཤེད་ལས་སྐྱེས་པ་མ་ཡིན་། ཤེད་བུ་མ་ཡིན་། བུད་མེད་མ་ཡིན་།
 न जन्तुः न मनुजो न मानवो न स्त्री न पुमान् न नपुंसकं न चाहं न मम न	སྐྱེས་པ་མ་ཡིན་། མ་ནིང་མ་ཡིན་། ང་མ་ཡིན་། བདག་གི་མ་ཡིན་།
 चान्यस्य कस्यचित् ॥	གཞན་སུའི་ཡང་མ་ཡིན་ནོ་༎
 तत्र अविद्या कतमा?	དེ་ལ་མ་རིག་པ་གང་ཞེ་ན་།
 या एषामेव षण्णां धातूनामेकसंज्ञा पिण्डसंज्ञा नित्यसंज्ञा ध्रुवसंज्ञा शाश्वतसंज्ञा सुखसंज्ञा आत्मसंज्ञा सत्त्वजीवजन्तुपोषपुरुषपुद्गलसंज्ञा मनुजमानवसंज्ञा अहंकारममकारसंज्ञा,	ཁམས་དྲུག་པོ་འདི་དག་ཉིད་ལ་གང་གཅིག་པུར་འདུ་ཤེས་པ་དང་། རིལ་པོར་འདུ་ཤེས་པ་དང་། རྟག་པར་འདུ་ཤེས་པ་དང་། བརྟན་པར་འདུ་ཤེས་པ་དང་། ཐེར་ཟུག་ཏུ་འདུ་ཤེས་པ་དང་། བདེ་བར་འདུ་ཤེས་པ་དང་། བདག་ཏུ་འདུ་ཤེས་པ་དང་། སེམས་ཅན་དང་། སྲོག་དང་། སྐྱེ་བ་པོ་དང་། གསོ་བ་དང་། སྐྱེས་བུ་དང་། གང་ཟག་ཏུ་འདུ་ཤེས་པ་དང་། ཤེད་ལས་སྐྱེས་པ་དང་། ཤེད་བུར་འདུ་ཤེས་པ་དང་། ང་ཞེས་བྱ་བ་དང་། བདག་གི་ཞེས་བྱ་བར་འདུ་ཤེས་པ་སྟེ་།
 एवमादि विविधमज्ञानम् । इयमुच्यते अविद्येति । एवमविद्यायां सत्यां विषयेषु रागद्वेषमोहाः प्रवर्तन्ते ।	འདི་ལྟ་བུ་ལ་སོགས་པ་མི་ཤེས་པ་རྣམ་པ་སྣ་ཚོགས་འདི་ནི་མ་རིག་པ་ཞེས་བྱའོ་༎ དེ་ལྟར་མ་རིག་པ་ཡོད་པས་ཡུལ་རྣམས་ལ་འདོད་ཆགས་དང་། ཞེ་སྡང་དང་། གཏི་མུག་འཇུག་སྟེ་།
 तत्र ये रागद्वेषमोहा विषयेषु, अमी(अविद्याप्रत्ययाः) संस्कारा इत्युच्यन्ते ।	དེ་ལ་ཡུལ་རྣམས་ལ་འདོད་ཆགས་དང་། ཞེ་སྡང་དང་། གཏི་མུག་གང་༄༡༨༦བ་ཡིན་པ་འདི་ནི་མ་རིག་པའི་རྐྱེན་གྱིས་འདུ་བྱེད་རྣམས་ཞེས་བྱའོ་༎
 वस्तुप्रतिविज्ञप्तिर्विज्ञानम् ।	དངོས་པོ་སོ་སོར་རྣམ་པར་རིག་པ་ནི་རྣམ་པར་ཤེས་པའོ་༎
 विज्ञानसहभुवश्चत्वारः स्कन्धा अरूपिणः उपादानाख्याः तन्नाम । रूपं चत्वारि महाभूतानि तानि चोपादाय रूपम् । तच्च नाम तच्च रूपमैकध्यमभिसंक्षिप्य तन्नामरूपम् ।	རྣམ་པར་ཤེས་པ་དང་ལྷན་ཅིག་བྱུང་བ་ཉེ་བར་ལེན་པའི་ཕུང་པོ་བཞི་པོ་འདི་དག་ནི་མིང་དང་། 
 नामरूपसंनिश्रितानि इन्द्रियाणि षडायतनम् ।	གཟུགས་སོ་༎ མིང་དང་། གཟུགས་ལ་བརྟེན་པའི་དབང་པོ་རྣམས་ནི་སྐྱེ་མཆེད་དྲུག་གོ་།
 त्रयाणां धर्माणां संनिपातः स्पर्शः ।	ཆོས་གསུམ་འདུས་པ་ནི་རེག་པའོ་༎
 स्पर्शानुभवो वेदना ।	རེག་པ་མྱོང་བ་ནི་ཚོར་བའོ་༎
 वेदनाध्यवसानं तृष्णा ।	ཚོར་བ་ལ་ཞེན་པ་ནི་སྲེད་པའོ་༎
 तृष्णावैपुल्यमुपादानम् ।	སྲེད་པ་འཕེལ་བ་ནི་ལེན་པའོ་༎
 उपादाननिर्जातं पुनर्भवजनकं कर्म भवः ।	ལེན་པ་ལས་སྐྱེས་པའང་བསྐྱེད་པའི་ལས་ནི་སྲིད་པའོ་༎
 भवहेतुकः स्कन्धप्रादुर्भावो जातिः । जातस्य स्कन्धपरिपाको जरा ।	རྒྱུ་དེ་ལས་ཕུང་པོ་བྱུང་བ་ནི་སྐྱེ་པའོ༏་༏སྐྱེས་ནས་ཕུང་པོ་སྨིན་པ་ནི་རྒ་བའོ་༎
 जीर्णस्य स्कन्धस्य विनाशो मरणम् ।	རྒས་ནས་ཕུང་པོ་ཞིག་པ་ནི་འཆི་བའོ་༎
 म्रियमाणस्य संमूढस्य साभिष्वङ्गस्य अन्तःपरिदाहः शोकः ।	འཆི་ཞིང་མྱོས་ཏེ་མངོན་པར་ཆགས་པ་དང་བཅས་པའི་ནང་གི་ཡོངས་སུ་གདུང་བ་ནི་མྱ་ངན་ཏོ༏། 
 शोकोत्थमालपनं परिदेवः ।	མྱ་ངན་ལས་བྱུང་བའི་ཚིག་ཏུ་སྨྲ་བ་ནི་སྨྲེ་སྔགས་འདོན་པའོ་༎
 पञ्चविज्ञानकायसंयुक्तमसातमनुभवनं दुःखम् ।	རྣམ་པར་ཤེས་པ་ལྔའི་ཚོགས་དང་ལྡན་པའི་མི་བདེ་བ་མྱོང་བ་ནི་སྡུག་བསྔལ་ལོ་༎
 मनसिकारसंयुक्तं मानसं दुःखं दौर्मनस्यम् ।	ཡིད་ལ་བྱེད་པ་དང་ལྡན་པའི་ཡིད་ཀྱི་སྡུག་བསྔལ་ནི་ཡིད་མི་བདེ་བའོ་༎ གཞན་ཡང་།
 ये चापि अन्ये एवमादयः क्लेशाः, ते उपायासा इति ॥	འདི་ལྟ་བུ་ལ་སོགས་པའི་ཉེ་བའི་ཉོན་མོངས་པ་གང་ཡིན་པ་དེ་དག་ནི་འཁྲུག་པ་ཞེས་བྱའོ་༎ 
 तत्र महान्धकारार्थेन अविद्या ।	དེ་ལ་མུན་པ་ཆེན་པོའི་ཕྱིར་མ་རིག་པའོ་༎
 अभिसंस्कारार्थेन संस्काराः ।	མངོན་པར་འདུ་བྱེད་པའི་ཕྱིར་འདུ་བྱེད་རྣམས་སོ་༎
 विज्ञापनार्थेन विज्ञानम् ।	རྣམ་པར་རིག་པའི་ཕྱིར་རྣམ་པར་ཤེས་པའོ་༎
 अन्योन्योपस्तम्भनार्थेन नामरूपम् ।	རྟེན་པའི་ཕྱིར་མིང་དང་། གཟུགས་སོ་༎
 आयद्वारार्थेन षडायतनम् ।	སྐྱེ་བའི་༄༡༨༧ཨ་༌༎ སྒོའི་ཕྱིར་སྐྱེ་མཆེད་དྲུག་གོ་།
 स्पर्शनार्थेन स्पर्शः ।	རེག་པའི་ཕྱིར་རེག་པའོ་༎
 अनुभवनार्थेन वेदना ।	མྱོང་བའི་ཕྱིར་ཚོར་བའོ་༎
 परितर्षणार्थेन तृष्णा ।	སྐོམ་པའི་ཕྱིར་སྲེད་པའོ་༎
 उपादानर्थेन उपादानम् । पुनर्भवजननार्थेन भवः ।	ཉེ་བར་ལེན་པའི་ཕྱིར་ལེན་པའོ༏་༏ཡང་སྲིད་པ་སྐྱེ་བའི་ཕྱིར་སྲིད་པའོ་༎
 स्कन्धप्रादुर्भावार्थेन जातिः ।	ཕུང་པོ་འབྱུང་བའི་ཕྱིར་སྐྱེ་བའོ་༎
 स्कन्धपरिपाकार्थेन जरा ।	ཕུང་པོ་སྨིན་པའི་ཕྱིར་རྒ་བའོ་༎
 विनाशार्थेन (शाल्सू, वैद्य १०४) मरणम् ।	འཇིག་པའི་ཕྱིར་འཆི་བའོ་༎
 शोचनार्थेन शोकः ।	མྱ་ངན་བྱེད་པའི་ཕྱིར་མྱ་ངན་ཏོ་༎
 वचनपरिदेवनार्थेन परिदेवः ।	ཚིག་གིས་སྨྲེ་བའི་ཕྱིར་སྨྲེ་སྔགས་འདོན་པའོ་༎
 कायसंपीडनार्थेन दुःखम् ।	ལུས་ལ་གནོད་པའི་ཕྱིར་སྡུག་བསྔལ་བའོ་༎
 चित्तसंपीडनार्थेन दौर्मनस्यम् ।	སེམས་ལ་གནོད་པའི་ཕྱིར་ཡིད་མི་བདེ་བའོ་༎
 उपक्लेशार्थेन उपायासाः ॥	ཉོན་མོངས་པའི་ཕྱིར་འཁྲུག་པའོ་༎
 पुनरपरम् - तत्त्वे ऽप्रतिपत्तिर्मिथ्याप्रतिपत्तिरज्ञानमविद्या ।	གཞན་ཡང་། དེ་ཁོ་ན་མི་རྟོགས་ཤིང་ལོག་པར་ཤེས་ཏེ་མི་ཤེས་པ་ནི་མ་རིག་པའོ་༎
 एवमविद्यायां सत्यां त्रिविधाः संस्कारा अभिनिर्वर्तन्ते - पुण्योपगा अपुण्योपगा आनेञ्ज्योपगाः ।	དེ་ལྟར་མ་རིག་པ་ཡོད་ན་འདུ་བྱེད་རྣམ་གསུམ་མངོན་པར་འགྲུབ་སྟེ༏་བསོད་ནམས་སུ་ཉེ་བར་འགྲོ་བ་དང་། བསོད་ནམས་མ་ཡིན་པར་ཉེ་བར་འགྲོ་བ་དང་། མི་ག-ཡོ་བར་ཉེ་བར་འགྲོའོ་༎ འདི་དག་ནི་མ་རིག་པའི་རྐྱེན་གྱིས་འདུ་བྱེད་རྣམས་ཞེས་བྱའོ་༎
 तत्र पुण्योपगानां संस्काराणां पुण्योपगमेव विज्ञानं भवति । अपुण्योपगानां संस्काराणामपुण्योपगमेव विज्ञानं भवति ।	དེ་ལ་བསོད་ནམས་སུ་ཉེ་བར་འགྲོ་བའི་འདུ་བྱེད་རྣམས་ལས་བསོད་ནམས་སུ་ཉེ་བར་འགྲོ་བའི་རྣམ་པར་ཤེས་པ་ཉིད་དུ་འགྱུར་བ་དང་། བསོད་ནམས་མ་ཡིན་པར་ཉེ་བར་འགྲོ་བའི་འདུ་བྱེད་རྣམས་ལས་བསོད་ནམས་མ་ཡིན་པར་ཉེ་བར་འགྲོ་བའི་རྣམ་པར་ཤེས་པ་ཉིད་དུ་འགྱུར་བ་དང་། 
 आनेञ्ज्योपगानां संस्काराणामानेञ्ज्योपगमेव विज्ञानं भवति । इदमुच्यते संस्कारप्रत्ययं विज्ञानमिति ।	མི་ག-ཡོ་བར་ཉེ་བར་འགྲོ་བའི་འདུ་༄༡༨༧བ་བྱེད་རྣམས་ལས་མི་ག-ཡོ་བར་ཉེ་བར་འགྲོ་བའི་རྣམ་པར་ཤེས་པ་ཉིད་དུ་འགྱུར་བ་འདི་ནི་འདུ་བྱེད་ཀྱི་རྐྱེན་གྱིས་རྣམ་པར་ཤེས་པ་དང་། ཞེས་བྱའོ་༎ 
 विज्ञानसहभुवश्चत्वारो ऽरूपिणः स्कन्धा नामरूपम् ।	རྣམ་པར་ཤེས་པ་དང་ལྷན་ཅིག་སྐྱེས་པ་ཕུང་པོ་གཟུགས་ཅན་མ་ཡིན་དང་། ཞེས་བྱའོ་༎ པ་བཞི་དང་། 
 तद्विज्ञानप्रत्ययं नामरूपमुच्यते ।	གཟུགས་གང་ཡིན་པ་དེ་ནི་རྣམ་པར་ཤེས་པའི་རྐྱེན་དང་། ཞེས་བྱའོ་༎ པ་བཞི་དང་། གྱིས་མིང་དང་། གཟུགས་ཞེས་བྱའོ་༎
 नामरूपविवृद्ध्या षड्भिरायतनद्वारैः कृत्यक्रियाः प्रवर्तन्ते ।	མིང་དང་། གཟུགས་རྣམ་པར་འཕེལ་བས་སྐྱེ་མཆེད་དྲུག་གི་སྒོ་ནས་བྱ་བ་བྱེད་པ་རྣམས་འབྱུང་སྟེ་།
 तन्नामरूपप्रत्ययं षडायतनमित्युच्यते ।	དེ་ནི་མིང་དང་། གཟུགས་ཀྱི་རྐྱེན་གྱིས་སྐྱེ་མཆེད་དྲུག་ཅེས་བྱའོ་༎
 षड्भ्यश्चायतनेभ्यः षट् स्पर्शकायाः प्रवर्तन्ते ।	སྐྱེ་མཆེད་དྲུག་པོ་དག་ལ་རེག་པའི་ཚོགས་དྲུག་འབྱུང་སྟེ་།
 अयं षडायतनप्रत्ययः स्पर्श इत्युच्यते । यज्जातीयः स्पर्शो भवति,	དེ་ནི་སྐྱེ་མཆེད་དྲུག་གི་རྐྱེན་གྱིས་རེག་པ་ཞེས་བྱའོ་༎
 तज्जातीया वेदना प्रवर्तते ।	ཇི་ལྟ་བུར་རེག་པ་འབྱུང་བ་དེ་ལྟར་བུར་ཚོར་བ་འབྱུང་སྟེ་།
 इयमुच्यते स्पर्शप्रत्यया वेदनेति ।	དེ་ནི་རེག་པའི་རྐྱེན་གྱིས་ཚོར་བ་ཞེས་བྱའོ་༎
 यस्तां वेदनां विशेषेणास्वादयति अभिनन्दति अध्यवस्यति अध्यवसाय तिष्ठति, सा वेदनाप्रत्यया तृष्णेत्युच्यते ।	ཚོར་བའི་བྱེ་བྲག་དེ་དག་མྱོང་བ་དང་། མངོན་པར་དགའ་བ་དང་། ལྷག་པར་ཞེན་པ་དང་། ལྷག་པར་ཞེན་ནས་འདུག་པ་དེ་ནི་ཚོར་བའི་རྐྱེན་གྱིས་སྲེད་པ་ཞེས་བྱའོ་༎
 आस्वादनाभिनन्दनाध्यवसानाध्यवसायस्थानादात्मप्रियरूपसातरूपैर्वियोगो मा भूदिति नित्यमपरित्यागाय यैवं प्रार्थना,	མྱོང་བ་དང་། མངོན་པར་དགའ་བ་དང་། ལྷག་པར་ཞེན་པ་དང་། ལྷག་པར་ཞེན་ནས་འདུག་པ་ལས་བདག་སྡུག་པའི་ངོ་བོ་དང་། བདེ་བའི་ངོ་བོ་དང་འབྲལ་བར་མ་གྱུར་ཅིག་སྙམ་དུ་ཡོངས་སུ་མི་གཏོང་བར་ཕྱིར་ཞིང་སྨོན་པ་འདི་ནི་སྲེད་པའི་རྐྱེན་གྱིས་ལེན་པ་ཞེས་བྱའོ་༎ 
 इदमुच्यते तृष्णाप्रत्ययमुपादानम् । एवं प्रार्थयमानः पुनर्भवजनकं कर्म समुत्थापयति कायेन वाचा मनसा च,	དེ་ལྟར་སྨོན་ཅིང་ཡང་སྲིད་པ་བསྐྱེད་པའི་ལས་ལུས་དང་། ངག་དང་། ཡིད་ཀྱིས་ཀུན་ནས་སློང་བ་དེ་ནི་ལེན་པའི་རྐྱེན་གྱིས་སྲིད་པ་ཞེས་བྱའོ་༎ ལས་དེ་༄༡༨༨ཨ་༌༎
 स उपादानप्रत्ययो भव इत्युच्यते । तत्कर्मनिर्जातानां पञ्चस्कन्धानामभिनिर्वृत्तिर्या, सा भवप्रत्यया जातिरित्युच्यते ।	ལས་སྐྱེས་པའི་ཕུང་པོ་ལྔ་རྣམས་འགྲུབ་པ་གང་ཡིན་པ་དེ་ནི་སྲིད་པའི་རྐྱེན་གྱིས་སྐྱེ་བ་ཞེས་བྱའོ་༎ 
 जात्याभिनिर्वृत्तानां स्कन्धानामुपचयनपरिपाकाद्विनाशो भवति,	སྐྱེས་ནས་མངོན་དུ་འགྲུབ་པའི་ཕུང་པོ་རྣམས་ཀྱི་འཕེལ་བ་ཡོངས་སུ་སྨིན་པ་དང་ཞེས་བྱའོ་༎ 
 तदिदं जातिप्रत्ययं जरामरणमित्युच्यते ॥	། འཇིག་པར་འགྱུར་བ་དེ་ནི་སྐྱེ་བའི་རྐྱེན་གྱིས་རྒ་ཤི་ཞེས་བྱའོ་༎
 एवमयं द्वादशाङ्गः प्रतीत्यसमुत्पादः अन्योन्यहेतुकः अन्योन्यप्रत्ययः ।	དེ་ལྟར་རྟེན་ཅིང་འབྲེལ་བར་འབྱུང་བའི་ཡན་ལག་བཅུ་གཉིས་པོ་འདི་དག་ནི་རྒྱུ་གཞན་དང་། གཞན་ལས་བྱུང་བ་། རྐྱེན་གཞན་དང་། གཞན་ལས་བྱུང་བ་། རྟག་པ་མ་ཡིན་།
 न नित्यो नानित्यो न संस्कृतो नासंस्कृतो नाहेतुको नाप्रत्ययो न वेदयिता न क्षयधर्मो न विनाशधर्मो न निरोधधर्मो ऽनादिकालप्रवृत्तो ऽनुच्छिन्नो ऽप्रवर्तते नदीस्रोतवत् ॥	མི་རྟག་པ་མ་ཡིན་། འདུས་བྱས་མ་ཡིན་། འདུས་མ་བྱས་མ་ཡིན་། རྒྱུ་མེད་པ་མ་ཡིན་། རྐྱེན་མེད་པ་མ་ཡིན་། མྱོང་བ་ཡོད་པ་མ་ཡིན་། ཟད་པའི་ཆོས་མ་ཡིན་། འཇིག་པའི་ཆོས་མ་ཡིན་། འགོག་པའི་ཆོས་མ་ཡིན་ཏེ་། ཐོག་མ་མེད་པའི་དུས་ནས་ཞུགས་པ་། རྒྱུན་མ་ཆད་པར་ཀླུང་གི་རྒྱུན་བཞིན་དུ་རྗེས་སུ་ཞུགས་པའོ་༎
 यद्ययं द्वादशाङ्गः प्रतीत्यसमुत्पादो ऽन्योन्यहेतुको ऽन्योन्यप्रत्ययः,	རྟེན་ཅིང་འབྲེལ་བར་འབྱུང་བའི་ཡན་ལག་བཅུ་གཉིས་པོ་འདི་དག་ནི་རྒྱུ་གཞན་དང་། གཞན་ལས་བྱུང་བ་། རྐྱེན་གཞན་དང་། གཞན་ལས་བྱུང་བ་། རྟག་པ་མ་ཡིན་།
 न नित्यो नानित्यो न संस्कृतो नासंस्कृतो नाहेतुको नाप्रत्ययो न वेदयिता न क्षयधर्मो न विनाशधर्मो न निरोधधर्मो ऽनादिकालप्रवृत्तो ऽनुच्छिन्नो ऽनुप्रवर्तते नदीस्रोतवत्,	མི་རྟག་པ་མ་ཡིན་། འདུས་བྱས་མ་ཡིན་། འདུས་མ་བྱས་མ་ཡིན་། རྒྱུ་མེད་པ་མ་ཡིན་། རྐྱེན་མེད་པ་མ་ཡིན་། མྱོང་བ་ཡོད་པ་མ་ཡིན་། ཟད་པའི་ཆོས་མ་ཡིན་། འཇིག་པའི་ཆོས་མ་ཡིན་། འགོག་པའི་ཆོས་མ་ཡིན་ཏེ་། ཐོག་མ་མེད་པའི་དུས་ནས་ཞུགས་པ་། ༄༡༨༨བ་རྒྱུན་མ་ཆད་པར་ཀླུང་གི་རྒྱུན་བཞིན་དུ་རྗེས་སུ་ཞུགས་མོད་ཀྱི་།
 अथ च इमान्यस्य द्वादशाङ्गस्य प्रतीत्यसमुत्पादस्य चत्वारि अङ्गानि संघातक्रियायै हेतुत्वेन प्रवर्तन्ते ।	འོན་ཀྱང་ཡན་ལག་བཞི་པོ་འདི་དག་ནི་རྟེན་ཅིང་འབྲེལ་བར་འབྱུང་བའི་ཡན་ལག་བཅུ་གཉིས་པོ་དེ་དག་བསྡུ་བར་བྱ་བའི་རྒྱུར་འགྱུར་རོ་༎
 कतमानि चत्वारि?	བཞི་གང་ཞེ་ན་།
 यदुत अविद्या तृष्णा कर्म विज्ञानं च ।	འདི་ལྟ་སྟེ་། མ་རིག་པ་དང་། སྲེད་པ་དང་། ལས་དང་། རྣམ་པར་ཤེས་པའོ་༎
 तत्र विज्ञानं बीजस्वभावत्वेन हेतुः । कर्म क्षेत्रस्वभावेन हेतुः ।	དེ་ལ་རྣམ་པར་ཤེས་པ་ནི་ས་བོན་གྱི་རང་བཞིན་གྱིས་རྒྱུ་བྱེད་དོ༏་༏ལས་ནི་ཞིང་གི་རང་བཞིན་གྱིས་རྒྱུ་བྱེད་དོ་༎
 अविद्या तृष्णा च क्लेशस्वभावत्वेन हेतुः ।	མ་རིག་པ་དང་། སྲེད་པ་ནི་ཉོན་མོངས་པའི་རང་བཞིན་གྱིས་རྒྱུ་བྱེད་དོ་༎
 तत्र कर्मक्लेशा विज्ञानबीजं जनयन्ति ।	དེ་ལ་ལས་དང་། ཉོན་མོངས་པ་དག་ནི་ས་བོན་རྣམ་པར་ཤེས་པ་སྐྱེད་དོ་༎
 तत्र कर्म विज्ञानबीजस्य क्षेत्रकार्यं करोति ।	དེ་ལ་ལས་ནི་ས་བོན་རྣམ་པར་ཤེས་པའི་ཞིང་གི་བྱ་བ་བྱེད་དོ་༎
 तृष्णा विज्ञानबीजं स्नेहयति ।	སྲེད་པ་ནི་ས་བོན་རྣམ་པར་ཤེས་པ་རླན་པར་བྱེད་དོ་༎
 अविद्या विज्ञानबीजमवकिरति ।	མ་རིག་པ་ནི་ས་བོན་རྣམ་པར་ཤེས་པ་འདེབས་ཏེ་།
 असतामेषां प्रत्ययानां विज्ञानबीजस्याभिनिर्वृत्तिर्न भवति ।	རྐྱེན་འདི་དག་མེད་ན་ས་བོན་རྣམ་པར་ཤེས་པ་མངོན་པར་འགྲུབ་པར་མི་འགྱུར་རོ་༎
 तत्र कर्मणो नैवं भवति - अहं विज्ञानबीजस्य क्षेत्रकार्यं करोमीति ।	དེ་ལ་ལས་ཀྱང་འདི་སྙམ་དུ་བདག་གིས་ས་བོན་རྣམ་པར་ཤེས་པའི་ཞིང་གི་བྱ་བ་བྱའོ་སྙམ་དུ་མི་སེམས་སོ་༎
 तृष्णाया अपि नैवं भवति - अहं विज्ञानबीजं स्नेहयामीति ।	སྲེད་པའང་འདི་སྙམ་དུ་བདག་གིས་ས་བོན་རྣམ་པར་ཤེས་པ་བརླན་པར་བྱའོ་སྙམ་དུ་མི་སེམས་སོ་༎ 
 अविद्याया अपि नैवं भवति - अहं विज्ञानबीजमवकिरामीति ।	མ་རིག་པའང་འདི་སྙམ་དུ་བདག་གིས་ས་བོན་རྣམ་པར་ཤེས་པ་གདབ་བོ་སྙམ་དུ་སོ་༎ 
 विज्ञानबीजस्यापि नैवं भवति - अहमेभिः प्रत्ययैर्जनितमिति ।	མི་སེམས་སོ་༎ ས་བོན་རྣམ་པར་ཤེས་པའང་འདི་སྙམ་དུ་བདག་ནི་རྐྱེན་འདི་དག་གིས་བསྐྱེད་དོ་སྙམ་དུ་མི་སེམས་ཏེ་།
 अथ च विज्ञानबीजं कर्मक्षेत्रप्रतिष्ठितं तृष्णास्नेहाभिष्यन्दितमविद्यया स्ववकीर्णं विरोहति ।	༄༡༨༩ཨ་༌༎ འོན་ཀྱང་ས་བོན་རྣམ་པར་ཤེས་པ་ལས་ཀྱི་ཞིང་ལ་བརྟེན་པ་། སྲེད་པའི་རླན་གྱིས་བརླན་པ་། མ་རིག་པའི་ལུད་ཀྱིས་བྲན་པ་།
 तत्रतत्र उपपत्त्यायतनप्रतिसंधौ मातुःकुक्षौ नामरूपाङ्कुरमभिनिर्वर्तयति ।	སྐྱེ་བ་ན་སྐྱེ་བའི་གནས་ཉིང་མཚམས་སྦྱོར་བ་། མའི་མངལ་དེ་དང་། དེར་མིང་དང་། གཟུགས་ཀྱི་མྱུ་གུ་མངོན་པར་འགྲུབ་སྟེ་། མིང་དང་། གཟུགས་ཀྱི་མྱུ་གུ་དེའང་བདག་གིས་མ་བྱས་།
 स च नामरूपाङ्कुरो न स्वयंकृतो न परकृतो नोभयकृतो (शाल्सू, वैद्य १०५)	གཞན་གྱིས་མ་བྱས་། གཉིས་ཀས་མ་བྱས་། དབང་ཕྱུག་གིས་མ་བྱས་།
 नेश्वरकृतो न कालपरिणामितो न प्रकृतिसंभूतो न चैककारणाधीनो नाप्यहेतुसमुत्पन्नः ।	དུས་ཀྱིས་མ་བསྒྱུར་། རང་བཞིན་ལས་མ་བྱུང་། བྱེད་པ་ལ་རག་ལས་པ་མ་ཡིན་། རྒྱུ་མེད་པ་ལས་ཀྱང་མ་སྐྱེས་ཏེ་། འོན་ཀྱང་ཕ་དང་མ་ཕྲད་པ་དང་། ཟླ་མཚན་དང་ལྡན་པ་དང་། རྐྱེན་གཞན་ཡང་འཚོགས་ན་བདག་པོ་མེད་པའི་ཆོས་། བདག་གི་མེད་པ་། འཛིན་པ་མེད་པ་། ནམ་མཁའ་དང་མཚུངས་པ་།
 अथ च मातापितृसंयोगदृतुसमवायादन्येषां च प्रत्ययानां समवायात् तत्र तत्र आस्वादविद्धं विज्ञानबीजमुपपत्त्यायतनप्रतिसंघौ मातुः कुक्षौ नामरूपाङ्कुरमभिनिर्वर्तयति, अस्वामिकेषु धर्मेषु अममेषु अपरिग्रहेषु आकाशसमेषु मायालक्षणस्वभावेषु हेतुप्रत्ययानामवैकल्यात् ।	སྒྱུ་མའི་མཚན་ཉིད་ཀྱི་རང་བཞིན་དག་ལ་རྒྱུ་དང་། རྐྱེན་མ་ཚང་བ་མེད་པའི་ཕྱིར་སྐྱེ་བའི་གནས་ཉིང་མཚམས་སྦྱོར་བ་མའི་མངལ་དེ་དང་། དེར་མྱོང་བ་དང་ལྡན་པའི་ས་བོན་རྣམ་པར་ཤེས་པ་མིང་དང་། གཟུགས་ཀྱི་མྱུ་གུ་མངོན་པར་འགྲུབ་བོ་༎
 तद्यथा - पञ्चभिः कारणैः चक्षुर्विज्ञानमुत्पद्यते ।	འདི་ལྟ་སྟེ་། མིག་གི་རྣམ་པར་ཤེས་པ་ནི་རྒྱུ་ལྔས་འབྱུང་སྟེ་།
 कतमैः पञ्चभिः?	ལྔ་གང་ཞེ་ན་།
 यदुत चक्षुः प्रतीत्य रूपं च आलोकं च आकाशं च तज्जमनसिकारं च प्रतीत्य उत्पद्यते चक्षुर्विज्ञानम् ।	མིག་ལ་བརྟེན་པ་དང་། གཟུགས་དང་། སྣང་བ་དང་། ནམ་མཁའ་དང་། དེ་སྐྱེད་པའི་ཡིད་ལ་བྱེད་པ་ལའང་བརྟེན་ནས་མིག་གི་རྣམ་པར་ཤེས་པ་འབྱུང་ངོ་༎
 तत्र चक्षुर्विज्ञानस्य चक्षुराश्रयकृत्यं करोति ।	དེ་ལ་མིག་ནི་མིག་གི་རྣམ་པར་༄༡༨༩བ་ཤེས་པའི་རྟེན་གྱི་བྱ་བ་བྱེད་དོ་༎
 रूपं चक्षुर्विज्ञानस्य आलम्बनकृत्यं करोति ।	གཟུགས་ནི་མིག་གི་རྣམ་པར་ཤེས་པའི་དམིགས་པའི་བྱ་བ་བྱེད་དོ་༎
 आलोकः अवभासकृत्यं करोति ।	སྣང་བ་ནི་མངོན་པའི་བྱ་བ་བྱེད་དོ་༎
 आकाशमनावरणकृत्यं करोति । तज्जमनसिकारः समन्वाहारकृत्यं	ནམ་མཁའ་ནི་མི་སྒྲིབ་པའི་བྱ་བ་བྱེད་དོ༏་༏དེ་དང་འབྱུང་བ་ཡིད་ལ་བྱེད་པ་ནི་བསམ་པའི་བྱ་བ་བྱེད་དོ་༎
 करोति । असतामेषां प्रत्ययानां चक्षुर्विज्ञानं नोत्पद्यते ।	རྐྱེན་དེ་དག་མེད་ན་མིག་གི་རྣམ་པར་ཤེས་པ་འབྱུང་བར་མི་འགྱུར་གྱི་།
 यदा तु चक्षुराध्यात्मिकमायतनमविकलं भवति,	གང་གི་ཚེ་ནང་གི་སྐྱེ་མཆེད་མིག་མ་ཚང་བར་མ་གྱུར་ལ་།
 एवं रूपालोकाकाशतज्जमनसिकाराश्च अविकला भवन्ति,	དེ་བཞིན་དུ་གཟུགས་དང་། སྣང་བ་དང་། ནམ་མཁའ་དང་། དེ་དང་། འབྱུང་བ་ཡིད་ལ་བྱེད་པ་དག་མ་ཚང་བར་མ་གྱུར་ཏེ་།
 ततः सर्वेषां समवायाच्चक्षुर्विज्ञानमुत्पद्यते ।	ཐམས་ཅད་འདུས་པ་དེ་ལས་མིག་གི་རྣམ་པར་ཤེས་པ་འབྱུང་བར་འགྱུར་རོ་༎
 तत्र चक्षुषो नैवं भवति - अहं चक्षुर्विज्ञानस्याश्रयकृत्यं करोमीति ।	དེ་ལ་མིག་ནི་འདི་སྙམ་དུ་བདག་གིས་མིག་གི་རྣམ་པར་ཤེས་པའི་རྟེན་གྱི་བྱ་བ་བྱའོ་སྙམ་དུ་མི་སེམས་སོ་༎
 रूपस्यापि नैवं भवति - अहं चक्षुर्विज्ञानस्य आलम्बनकृत्यं करोमीति ।	གཟུགས་ཀྱང་འདི་སྙམ་དུ་བདག་གིས་མིག་གི་རྣམ་པར་ཤེས་པའི་དམིགས་པའི་བྱ་བ་བྱའོ་སྙམ་དུ་མི་སེམས་སོ་༎ 
 आलोकस्यापि नैवं भवति - अहं चक्षुर्विज्ञानस्य अवभासकृत्यं करोमीति ।	སྣང་བའང་འདི་སྙམ་དུ་བདག་གིས་མིག་གི་རྣམ་པར་ཤེས་པའི་མངོན་པའི་བྱ་བ་བྱའོ་སྙམ་དུ་མི་སེམས་སོ་༎
 आकाशस्यापि नैवं भवति - अहं चक्षुर्विज्ञानस्य अनावरणकृत्यं करोमीति ।	ནམ་མཁའ་ཡང་འདི་སྙམ་དུ་བདག་གིས་མིག་གི་རྣམ་པར་ཤེས་པའི་མི་སྒྲིབ་པའི་བྱ་བ་བྱའོ་སྙམ་དུ་མི་སེམས་སོ་༎
 तज्जमनसिकारस्यापि नैवं भवति - अहं चक्षुर्विज्ञानस्य समन्वाहारकृत्यं करोमीति ।	དེ་དང་། འབྱུང་བའི་ཡིད་ལ་བྱེད་པའང་འདི་སྙམ་དུ་བདག་གིས་མིག་གི་རྣམ་པར་ཤེས་པའི་བསམ་པའི་བྱ་བ་བྱའོ་སྙམ་དུ་མི་སེམས་སོ་༎
 चक्षुर्विज्ञानस्यापि नैवं भवति - अहमेभिः प्रत्ययैर्जनितमिति ।	མིག་གི་རྣམ་པར་ཤེས་པའང་འདི་སྙམ་དུ་བདག་ནི་རྐྱེན་འདི་དག་གིས་བསྐྱེད་དོ་སྙམ་དུ་༄༡༩༠ཨ་༌༎ མི་སེམས་ཏེ་།
 अथ च पुनः सत्सु एषु प्रत्ययेषु चक्षुर्विज्ञानस्योत्पत्तिर्भवति ।	འོན་ཀྱང་རྐྱེན་འདི་དག་ཡོད་པ་ལས་མིག་གི་རྣམ་པར་ཤེས་པ་སྐྱེ་བར་འགྱུར་རོ་༎
 एवं शेषाणामिन्द्रियाणां यथायोगं योज्यम् ॥	དེ་བཞིན་དུ་དབང་པོ་ལྷག་མ་རྣམས་ཀྱང་ཅི་རིགས་སུ་སྦྱར་རོ་༎
 तत्र न कश्चिद्धर्मो ऽस्माल्लोकात् परलोकं संक्रामति ।	དེ་ལ་ཆོས་གང་ཡང་འཇིག་རྟེན་འདི་ནས་འཇིག་རྟེན་ཕ་རོལ་ཏུ་མི་འཕོ་མོད་ཀྱི་།
 अस्ति च कर्मफलप्रतिविज्ञप्तिः, हेतुप्रत्ययानामवैकल्यात् ।	རྒྱུ་དང་། རྐྱེན་མ་ཚང་བ་མེད་པའི་ཕྱིར་ལས་ཀྱི་འབྲས་བུར་མངོན་པའང་ཡོད་དོ་༎
 तद्यथा सुपरिशुद्धे आदर्शमण्डले मुखप्रतिबिम्बकं दृश्यते । न च तत्र आदर्शमण्डले मुखं संक्रामति । अस्ति च मुखप्रतिविज्ञप्तिः,	འདི་ལྟ་སྟེ་། དཔེར་ན་། རབ་ཏུ་ཕྱིས་པའི་མེ་ལོང་གི་དཀྱིལ་འཁོར་ལ་བཞིན་གྱི་གཟུགས་བརྙན་སྣང་བའང་བཞིན་མེ་ལོང་གི་དཀྱིལ་འཁོར་དུ་མ་འཕོས་མོད་ཀྱི་།
 हेतुप्रत्ययानामवैकल्यात् ।	རྒྱུ་དང་། རྐྱེན་མ་ཚང་བ་མེད་པའི་ཕྱིར་བཞིན་དུ་མངོན་པའང་ཡོད་དོ་༎
 एवमस्माल्लोकात् न कश्चित् च्युतः, नाप्यन्यत्रोपपन्नः ।	དེ་བཞིན་དུ་འདི་ནས་ཀྱང་སུའང་ཤི་འཕོས་པ་མེད་ལ་གཞན་དུའང་མ་སྐྱེས་ཏེ་།
 अस्ति च कर्मफलप्रतिविज्ञप्तिः, हेतुप्रत्ययानामवैकल्यात् ।	རྒྱུ་དང་། རྐྱེན་རྣམས་མ་ཚང་བ་མེད་པའི་ཕྱིར་ལས་ཀྱི་འབྲས་བུ་མངོན་པའང་ཡོད་དོ་༎
 तद्यथा चन्द्रमण्डलं चत्वारिंशद्योजनशतमूर्ध्वं व्रजति ।	འདི་ལྟ་སྟེ་། དཔེར་ན་། ཟླ་བའི་དཀྱིལ་འཁོར་ནི་དཔག་ཚད་བཞི་ཁྲི་ཉིས་སྟོང་ནས་འགྲོ་སྟེ་།
 अथ च पुनः परीत्ते ऽभ्युदकभाजने चन्द्रस्य प्रतिबिम्बं दृश्यते । न च चन्द्रमण्डलं तस्मात्स्थानाच्च्युतम्,	འོན་ཀྱང་སྣོད་ཆུང་ངུ་ཆུས་གང་བར་ཟླ་བའི་དཀྱིལ་འཁོར་གྱི་གཟུགས་བརྙན་སྣང་བའང་ཟླ་བའི་དཀྱིལ་འཁོར་ནི་གནས་དེ་ནས་མ་འཕོས་ཏེ་།
 परीत्ते उदकस्य भाजने संक्रान्तं भवति ।	སྣོད་ཆུང་ངུ་ཆུས་གང་བའི་ནང་དུ་སོང་བའང་མེད་མོད་ཀྱི་།
 अस्ति च चन्द्रमण्डलप्रतिविज्ञप्तिः, हेतुप्रत्ययानामवैकल्यात् ।	རྒྱུ་དང་། རྐྱེན་མ་ཚང་བ་མེད་པའི་ཕྱིར་ཟླ་བའི་དཀྱིལ་འཁོར་དུ་མངོན་པའང་ཡོད་དོ་༎
 एवमस्माल्लोकान्न कश्चित् च्युतः, नाप्यन्यत्रोपपन्नः ।	དེ་བཞིན་དུ་འདི་ནས་ཀྱང་སུའང་ཤི་འཕོས་པ་མེད་ལ་གཞན་དུའང་མ་སྐྱེས་མོད་ཀྱི་།
 अस्ति च कर्मफलप्रतिविज्ञप्तिः, हेतुप्रत्ययानामवैकल्यात् ॥	རྒྱུ་དང་། རྐྱེན་༄༡༩༠བ་རྣམས་མ་ཚང་བ་མེད་པའི་ཕྱིར་ལས་ཀྱི་འབྲས་བུ་མངོན་པའང་ཡོད་དོ་༎ འདི་ལྟ་སྟེ་།
 तद्यथा अग्निरुपादानप्रत्यये सति ज्वलति,	དཔེར་ན་། མེ་ནི་རྒྱུ་དང་། རྐྱེན་མ་ཚང་ན་མི་འབར་གྱི་།
 उपादानवैकल्यान्न ज्वलति,	རྒྱུ་དང་། རྐྱེན་འཚོགས་པ་ལས་འབར་རོ་༎ དེ་བཞིན་དུ་བདག་པོ་མེད་པའི་ཆོས་། བདག་གི་མེད་པ་། འཛིན་པ་མེད་པ་། ནམ་མཁའ་དང་མཚུངས་པ་།
 एवमेव कर्मक्लेशजनितं विज्ञानबीजं तत्र तत्र उपपत्त्यायतनप्रतिसंघौ मातुः कुक्षौ नामरूपाङ्कुरमभिनिर्वर्तयति, अस्वामिकेषु धर्मेषु अममेषु अपरिग्रहेषु आकाशसमेषु मायालक्षणस्वभावेषु हेतुप्रत्ययानामवैकल्यात् ।	སྒྱུ་མའི་མཚན་ཉིད་ཀྱི་རང་བཞིན་དག་ལ་རྒྱུ་དང་། རྐྱེན་རྣམས་མ་ཚང་བ་མེད་པའི་ཕྱིར་སྐྱེ་བའི་གནས་ཉིང་མཚམས་སྦྱོར་བ་མའི་མངལ་དེ་དང་། དེར་ས་བོན་རྣམ་པར་ཤེས་པ་ལས་དང་། ཉོན་མོངས་པ་རྣམས་ཀྱིས་བསྐྱེད་པ་མིང་དང་། གཟུགས་ཀྱི་མྱུ་གུ་མངོན་པར་འགྲུབ་སྟེ་།
 एवं आध्यात्मिकस्य प्रतीत्यसमुत्पादस्य प्रत्ययोपनिबन्धो द्रष्टव्यः ॥	དེ་ལྟར་ནང་གི་རྟེན་ཅིང་འབྲེལ་བར་འབྱུང་བ་རྐྱེན་དང་འབྲེལ་བར་བལྟའོ་༎
 तत्र आध्यात्मिकः प्रतीत्यसमुत्पादः पञ्चभिराकारैर्द्रष्टव्यः ।	དེ་ལ་ནང་གི་རྟེན་ཅིང་འབྲེལ་བར་འབྱུང་བ་རྣམ་པ་ལྔར་བལྟ་སྟེ་།
 कतमैः पञ्चभिः? न शाश्वततः, नोच्छेदतः,	ལྔ་གང་ཞེ་ན་།
 न संक्रान्तितः, परीत्तहेतुतो विपुलफलाभिनिर्वृत्ततः, तत्सदृशानुप्रबन्धतश्चेति ।	རྟག་པར་མ་ཡིན་པ་དང་། ཆད་པར་མ་ཡིན་པ་དང་། འཕོ་བར་མ་ཡིན་པ་དང་། རྒྱུ་ཆུང་ངུ་ལས་འབྲས་བུ་ཆེན་པོ་འབྱུང་བ་དང་། དེ་དང་འདྲ་བའི་རྒྱུད་དུའོ་༎
 कथं न शाश्वततः? यस्मादन्ये मारणान्तिकाः स्कन्धाः,	ཇི་ལྟར་རྟག་པར་མ་ཡིན་ཞེ་ན༏་གང་གི་ཕྱིར་ཐ་མའི་འཆི་བའི་ཕུང་པོ་རྣམས་ཀྱང་གཞན་ལ་། 
 अन्ये औपपत्त्यंशिकाः (शाल्सू, वैद्य १०६) स्कन्धाः, न तु य एवं मारणान्तिकाः स्कन्धाः, त एव औपपत्त्यंशिकाः ।	སྐྱེ་བའི་ཆར་གཏོགས་པ་རྣམས་ཀྱང་གཞན་ཏེ་།
 अपि तु मारणान्तिकाः स्कन्धा निरुध्यन्ते, तस्मिन्नेव च समये औपपत्त्यंशिकाः स्कन्धाः प्रादुर्भवन्ति । अतो न शाश्वततः ॥	ཐ་མ་འཆི་བའི་ཕུང་པོ་གང་ཡིན་པ་དེ་ཉིད་སྐྱེ་བའི་ཆར་གཏོགས་པ་རྣམས་མ་ཡིན་གྱི་། ཐ་མའི་འཆི་བའི་ཕུང་པོ་རྣམས་ཀྱང་འགག་ལ་སྐྱེ་བའི་ཆར་གཏོགས་པའི་ཕུང་པོ་རྣམས་ཀྱང་འབྱུང་བས་དེའི་ཕྱིར་རྟག་པར་མ་ཡིན་ནོ་༎
 कथं नोच्छेदतः?	ཇི་ལྟར་ཆད་པར་༄༡༩༡ཨ་༌༎ མ་ཡིན་ཞེ་ན་།
 न च पूर्वनिरुद्धेषु मारणान्तिकेषु स्कन्धेषु औपपत्त्यंशिकाः स्कन्धाः प्रादुर्भवन्ति,	ཐ་མའི་འཆི་བའི་ཕུང་པོ་རྣམས་སྔོན་འགགས་པ་ལས་སྐྱེ་བའི་ཆར་གཏོགས་པའི་ཕུང་པོ་རྣམས་འབྱུང་བ་མ་ཡིན་། 
 नाप्यनिरुद्धेषु ।	མ་འགགས་པ་ལས་ཀྱང་མ་ཡིན་གྱི་།
 अपि तु मारणान्तिकाः स्कन्धा निरुध्यन्ते,	ཐ་མའི་འཆི་བའི་ཕུང་པོ་རྣམས་ཀྱང་འགགས་ལ་།
 तस्मिन्नेव च समये औपपत्त्यंशिकाः स्कन्धाः प्रादुर्भवन्ति तुलादण्डोन्नामावनामवत् ।	དེ་ཉིད་ཀྱི་ཚེ་སྐྱེ་བའི་ཆར་གཏོགས་པའི་ཕུང་པོ་རྣམས་སྲད་མདའི་མཐོ་དམའ་བཞིན་འབྱུང་བར་འགྱུར་ཏེ་། 
 अतो नोच्छेदतः ॥	དེའི་ཕྱིར་ཆད་པར་མ་ཡིན་ནོ་༎
 कथं न संक्रान्तितः?	ཇི་ལྟར་འཕོ་བར་མ་ཡིན་ཞེ་ན་།
 विसदृशाः सत्त्वनिकायाः सभागायां जात्यां जातिमभिनिर्वर्तयन्ति । अतो न संक्रान्तितः ।	སེམས་ཅན་གྱི་རིས་མི་འདྲ་བ་ནས་སྐལ་བ་མཉམ་པའི་སྐྱེ་བར་སྐྱེ་བ་མངོན་པར་སྒྲུབ་པས་དེའི་ཕྱིར་འཕོ་བར་མ་ཡིན་ནོ་༎
 कथं परीत्तहेतुतो विपुलफलाभिनिर्वृत्तितः?	ཇི་ལྟར་རྒྱུ་ཆུང་ངུ་ལས་འབྲས་བུ་ཆེན་པོ་འབྱུང་ཞེ་ན་།
 परीत्तं कर्म क्रियते, विपुलः फलविपाको ऽनुभूयते ।	ལས་ཆུང་ངུ་བྱས་པ་ལས་འབྲས་བུ་ཆེན་པོའི་རྣམ་པར་སྨིན་པ་མྱོང་སྟེ་།
 अतः परीत्तहेतुतो विपुलफलाभिनिर्वृत्तितः ॥	དེའི་ཕྱིར་རྒྱུ་ཆུང་ངུ་ལས་འབྲས་བུ་ཆེན་པོ་མངོན་པར་འགྲུབ་བོ་༎
 कथं तत्सदृशानुप्रबन्धतः? यथावेदनीयं कर्म क्रियते, तथावेदनीयो विपाको ऽनुभूयते । अतस्तत्सदृशानुप्रबन्धतश्च ॥ एवमाध्यात्मिकः प्रतीत्यसमुत्पादः पञ्चभिराकारैर्द्रष्टव्यः ॥	ཇི་ལྟར་མྱོང་བར་འགྱུར་བའི་ལས་བྱས་པ་དེ་ལྟར་མྱོང་བར་འགྱུར་བའི་རྣམ་པར་སྨིན་པ་མྱོང་བས་དེའི་ཕྱིར་དེ་དང་འདྲ་བའི་རྒྱུད་དུའོ་༎ བཙུན་པ་ཤའ་རིའི་བུ་།
 यः कश्चिद् भदन्त शारिपुत्र इमं प्रतीत्यसमुत्पादं भगवता सम्यक्प्रणीतमेवं यथाभूतं सम्यक्प्रज्ञया सततसमितमजीवं निर्जीवं यथावदविपरीतमजातमभूतमकृतमसंस्कृतमप्रतिघमनालम्बं शिवमभयमनाहार्यमव्ययमव्युपशमस्वभावं पश्यति, असतः तुच्छतः रिक्ततः असारतः रोगतः गण्डतः शल्यतः अघतः अनित्यतः दुःखतः शून्यतः अनात्मतः समनुपश्यति,	རྟེན་ཅིང་འབྲེལ་པར་འབྱུང་བ་བཅོམ་ལྡན་འདས་ཀྱིས་ཡང་དག་པར་གསུངས་པ་འདི་གང་ལ་ལ་ཞིག་གིས་ཡང་དག་པའི་ཤེས་རབ་ཀྱིས་དེ་ལྟར་ཡང་དག་པ་ཇི་ལྟ་བ་བཞིན་དུ་རྟག་པར་རྒྱུན་དུ་སྲོག་མེད་པ་དང་། སྲོག་དང་བྲལ་བ་དང་། ཇི་ལྟ་བུ་ཉིད་དང་། མ་ནོར་བ་དང་། མ་སྐྱེས་པ་དང་། མ་བྱུང་༄༡༩༡བ་བ་དང་། མ་བྱས་པ་དང་། འདུས་མ་བྱས་པ་དང་། ཐོགས་པ་མེད་པ་དང་། དམིགས་པ་མེད་པ་དང་། ཞི་བ་དང་། འཇིགས་པ་མེད་པ་དང་། མི་འཕྲོགས་པ་དང་། ཟད་པ་མེད་པ་དང༏་རྣམ་པར་ཞི་བ་མ་ཡིན་པའི་རང་བཞིན་དུ་མཐོང་བ་དང་། མེད་པ་དང་། གསོག་དང་། གསོབ་དང་། སྙིང་པོ་མེད་པ་དང་། ནད་དང་། འབྲས་དང་། ཟུག་རྔུ་དང་། སྡིག་པ་དང་། མི་རྟག་པ་དང་། སྡུག་བསྔལ་བ་དང་། སྟོང་པ་དང་། བདག་མེད་པར་ཡང་དག་པར་རྗེས་སུ་མཐོང་བ་དེ་ནི་ཅི་བདག་འདས་པའི་དུས་ན་བྱུང་བ་ཞིག་གམ་། 
 न स पूर्वान्तं प्रतिसरति - किं न्वहमभूवमतीते ऽध्वनि,	འོན་ཏེ་བདག་འདས་པའི་དུས་ན་མ་བྱུང་བ་ཞིག་།
 कथं न्वहमभूवमतीते ऽध्वनि इति ।	བདག་འདས་པའི་དུས་ན་ཅིར་གྱུར་པ་ཞིག་།
 अपरान्तं वा न पुनः प्रतिसरति - किं न्वहं भविष्याम्यनागते ऽध्वनि,	བདག་འདས་པའི་དུས་ན་ཇི་ལྟ་བུར་གྱུར་པ་ཞིག་གུ་སྙམ་དུ་སྔོན་གྱི་མཐའ་ལ་མི་རྟོག་གོ་། 
 आहोस्विन्न भविष्याम्यनागते ऽध्वनि,	ཅི་མ་འོངས་པའི་དུས་ན་འབྱུང་བར་འགྱུར་རམ་། འོན་ཏེ་མ་འོངས་པའི་དུས་ན་འབྱུང་བར་མི་འགྱུར་།
 को नु भविष्याम्यनागते ऽध्वनि,	མ་འོངས་པའི་དུས་ན་ཅིར་འགྱུར་།
 कथं नु भविष्याम्यनागते ऽध्वनि इति । प्रत्युत्पन्नं वा पुनर्नं प्रतिसरति - किं न्विदम्,	མ་འོངས་པའི་དུས་ན་ཇི་ལྟ་བུ་ཞིག་ཏུ་འགྱུར་སྙམ་དུ་ཕྱི་མའི་མཐའ་ལ་མི་རྟོག་གོ་། འདི་ཅི་ཞིག་།
 कथं न्विदम्,	འདི་ཇི་ལྟ་བུ་ཞིག་།
 के सन्तः के भविष्यामः,	ཅི་ཞིག་ཡོད་།
 इमे सत्त्वाः कुत आगताः,	ཅིར་འགྱུར་། སེམས་ཅན་འདི་དག་གང་ནས་འོངས་།
 इतश्च्युताः कुत्र गमिष्यन्तीति ।	འདི་ནས་ཤི་འཕོས་ནས་གང་དུ་འགྲོ་བར་འགྱུར་ཞེས་ད་ལྟར་བྱུང་བ་ལའང་མི་རྟོག་གོ་།
 यानि एकेषां श्रमणब्राह्मणानां पृथग् लोके दृष्टिगतानि भविष्यन्ति,	འཇིག་རྟེན་ན་དགེ་སྦྱོང་ངམ་། བྲམ་ཟེ་དག་གི་ལྟ་བར་སོང་བ་ཐ་དད་པ་གང་དག་ཡོད་པ་། འདི་ལྟ་སྟེ་། བདག་ཏུ་སྨྲ་བ་དང་ལྡན་པའམ་། སེམས་ཅན་དུ་སྨྲ་བ་དང་༄༡༩༢ཨ་༌༎ ལྡན་པའམ་། སྲོག་ཏུ་སྨྲ་བ་དང་ལྡན་པའམ་། གང་ཟག་ཏུ་སྨྲ་བ་དང་ལྡན་པའམ་།
 तद्यथा - आत्मवादप्रतिसंयुक्तानि सत्त्ववादप्रतिसंयुक्तानि जीववादप्रतिसंयुक्तानि पुद्गलवादप्रतिसंयुक्तानि कौतुकमङ्गलवादप्रतिसंयुक्तानि उन्मिञ्जितानि निमिञ्जितानि च,	དགེ་མཚན་དང་། བཀྲ་ཤིས་སུ་སྨྲ་བ་དང་ལྡན་པ་དག་ཀྱང་རུང་སྟེ་།
 तान्यस्य तस्मिन् समये प्रहीणानि भवन्ति परिज्ञातानि समुच्छिन्नमूलानि तालमस्तकवदनाभासगतानि आयत्यामनुत्पादानिरोधधर्माणि ॥	ལྷག་པར་ག-ཡོ་བ་དང་བྲལ་བར་ག-ཡོ་བ་དེ་དག་དེའི་ཚེ་ན་དེས་སྤངས་པར་འགྱུར་ཏེ་། ཡོངས་སུ་ཤེས་ནས་རྩ་བ་ནས་བཅད་དེ་། ཏ་ལའི་མགོ་བཞིན་མི་སྣང་བའི་རང་བཞིན་དུ་ཕྱིས་མི་སྐྱེ་མི་འགག་པའི་ཆོས་ཅན་དུ་འགྱུར་རོ་༎ 
 यो भदन्त शारिपुत्र एवंविधधर्मक्षान्तिसमन्वितः प्रतीत्यसमुत्पादं सम्यगवगच्छति,	བཙུན་པ་ཤའ་རིའི་བུ་། གང་ལ་ལ་ཆོས་ལ་བཟོད་པ་འདི་ལྟ་བུ་དང་ལྡན་ཏེ་། རྟེན་ཅིང་འབྲེལ་བར་འབྱུང་བའང་ཡང་དག་པར་ཁོང་དུ་ཆུད་ན་དེ་ལ་དེ་བཞིན་གཤེགས་པ་། དགྲ་བཅོམ་པ་། ཡང་དག་པར་རྫོགས་པའི་སངས་རྒྱས་། རིག་པ་དང་། ཞབས་སུ་ལྡན་པ་།
 तस्य तथागतो ऽर्हन् सम्यक्संबुद्धो विद्याचरणसंपन्नः सुगतो लोकवित् पुरुषदम्यसारथिरनत्तरः	བདེ་བར་གཤེགས་པ་། འཇིག་རྟེན་མཁྱེན་པ་། སྐྱེས་བུ་འདུལ་བའི་ཁ་ལོ་སྒྱུར་བ་།
 शास्ता देवमनुष्याणां बुद्धो भगवान् सम्यक्संबोधिं व्याकरोति - सम्यक्संबुद्धो	བླ་ན་མེད་པ་། ལྷ་དང་མི་རྣམས་ཀྱི་སྟོན་པ་། སངས་རྒྱས་བཅོམ་ལྡན་འདས་ཀྱིས་ཡང་དག་པར་རྫོགས་པའི་སངས་རྒྱས་སུ་འགྱུར་རོ་ཞེས་བླ་ན་མེད་པ་ཡང་དག་པར་རྫོགས་པའི་བྱང་ཆུབ་ཏུ་ལུང་བསྟན་ཏོ་༎ 
 बुद्धो भविष्यसीति । मैत्रेयेण बोधिसत्त्वेन महासत्त्वेन एवमुक्तम् ॥	བྱང་ཆུབ་སེམས་དཔའ་སེམས་དཔའ་ཆེན་པོ་བྱམས་པས་དེ་སྐད་ཅེས་སྨྲས་ནས་། ཚེ་དང་ལྡན་པ་ཤའ་རིའི་བུ་དང་། ལྷ་དང་། མི་དང༏་ལྷ་མ་ཡིན་དང་། དྲི་ཟར་བཅས་པའི་འཇིག་རྟེན་ཡི་རངས་ཏེ་།
 अथ खल्वायुष्मान् शारिपुत्रो मैत्रेयस्य बोधिसत्त्वस्य महासत्त्वस्य भाषितमभिनन्द्य अनुप्रमोद्य उत्थायासनात् प्रक्रान्तः । प्रक्रान्तास्ते च भिक्षवः ॥	བྱང་ཆུབ་སེམས་དཔའ་སེམས་དཔའ་ཆེན་པོ་བྱམས་པས་བཤད་པ་ལ་མངོན་པར་བསྟོད་དོ་༎
