 अद्वयपरमार्था नामसंगीति ॐ नमः श्रीमहामञ्जुनाथाय अथ वज्रधरः श्रीमान् दुर्दान्तदमकः परः ।	དེ་ནས་དཔལ་ལྡན་རྡོ་རྗེ་འཆང་༎ གདུལ་དཀའ་འདུལ་བ་རྣམས་ཀྱི་མཆོག་།
 त्रिलोकविजयी वीरो गुह्यराट् कुलिशेश्वरः ॥ म्न्स्_१ ॥	དཔའ་བོ་འཇིག་རྟེན་གསུམ་ལས་རྒྱལ་༎ རྡོ་རྗེ་དབང་ཕྱུག་གསང་བའི་རྒྱལ་༎
 विबुद्धपुण्डरीकाक्षः प्रोत्फुल्लकमलाननः ।	རྣམ་རྒྱས་པདམ་དཀར་པོའི་སྤྱན༏་༏པདམ་རབ་ཏུ་རྒྱས་པའི་ཞལ་༎ རང་གི་ལག་གི་རྡོ་རྗེ་མཆོག་།
 प्रोल्लालयन् वज्रवरं स्वकरेण मुहुर्मुहुः ॥ म्न्स्_२ ॥	ཡང་དང་ཡང་དུ་གསོར་བྱེད་པ་༎ ཁྲོ་གཉེར་ལྡན་པའི་རླབས་ལ་སོགས་༎
 भृकुटीतरङ्गप्रमुखैर् अनन्तैर् वज्रपाणिभिः । दुर्दान्तदमकैर् वीरैर् वीरबीभत्सरूपिभिः ॥ म्न्स्_३ ॥	ལག་ན་རྡོ་རྗེ་མཐའ་ཡས་པ་༎ ༼༌༎ རྒྱལ་བ་གཉིས་པ་འཇམ་མགོན་བློ་བཟང་གྲགས་༎༽ ༼༌༎ མཁས་བཙུན་བཟང་གྲུབ ༧རྒྱལ་མཆོག་ཐུབ་བསྟན་མཚོན་ཁ་?་༽ ༄༢བ་དཔའ་བོ་གདུལ་དཀའ་འདུལ་བ་པོ་༎ དཔའ་བོ་འཇིགས་རུང་གཟུགས་ཅན་དང་༎ རྡོ་རྗེ་རྩེ་མོ་རབ་འཕྲོ་བ་༎
 उल्लालयद्भिः स्वकरैः प्रस्फुरद्वज्रकोटिभिः ।	རང་གི་ལག་གིས་གསོར་བྱེད་པ་༎
 प्रज्ञोपायमहाकरुणा- जगदर्थकरैः परः ॥ म्न्स्_४ ॥	ཤེས་རབ་ཐབས་དང་སྙིང་རྗེ་ཆེ་༎ འགྲོ་དོན་བྱེད་པ་རྣམས་ཀྱི་མཆོག་། དགའ་མགུ་རངས་པའི་བསམས་པ་ཅན་༎
 हृष्टतुष्टाशयैर् मुदितैः क्रोधविग्रहरूपिभिः ।	ཁྲོ་བོའི་ལུས་ཀྱི་གཟུགས་ལྡན་པ་༎ སངས་རྒྱས་འཕྲིན་ལས་བྱེད་པའི་མགོན་༎
 बुद्धकृत्यकरैर् नाथैः सार्द्धं प्रणतविग्रहैः ॥ म्न्स्_५ ॥	ལུས་བཏུད་རྣམས་ཀྱིས་ལྷན་ཅིག་ཏུ་༎
 प्रणम्य नाथं संबुद्धं भगवन्तं तथागतम् ।	མགོན་པོ་བཅོམ་ལྡན་དེ་བཞིན་གཤེགས་༎ རྫོགས་སངས་རྒྱས་ལ་ཕྱག་འཚལ་ཏེ་༎
 कृताञ्जलिपुटो भूत्वा इदम् आह स्थितो ऽग्रतः ॥ म्न्स्_६ ॥	ཐལ་མོ་སྦྱར་བ་བྱས་གྱུར་ནས་༎ སྤྱན་སྔར་འདུག་སྟེ་འདི་སྐད་གསོལ་༎
 मद्धिताय ममार्थाय अनुकम्पाय मे विभो ।	ཁྱབ་བདག་བདག་ལ་སྨན་པ་དང་༎ བདག་དོན་བདག་ལ་ཐུགས་བརྩེའི་ཕྱིར་༎
 मायाजालाभिसंबोधिं यथा लाभी भवाम्य् अहम् ॥ म्न्स्_७ ॥	སྒྱུ་འཕྲུལ་དྲ་བས་མངོན་རྫོགས་པའི་༎ བྱང་ཆུབ་ཇི་ལྟར་བདག་ཐོབ་མཛོད་༎ ཉོན་མོངས་པས་ནི་སེམས་དཀྲུགས་ཤིང་༎
 अज्ञानपङ्कमग्नानां क्लेशव्याकुलचेतसाम् ।	མི་ཤེས་འདམ་དུ་བྱིང་བ་ཡི་༎
 हिताय सर्वसत्त्वानाम् अनुत्तरफलाप्तये ॥ म्न्स्_८ ॥	༄༣ཨ་༅༎ སེམས་ཅན་ཀུན་ལ་སྨན་པ་དང་༎ བླ་མེད་འབྲས་བུ་ཐོབ་པའི་ཕྱིར་༎
 प्रकाशयतु संबुद्धो भगवाञ् शास्ता जगद्गुरुः ।	བཅོམ་ལྡན་སྟོན་པ་རྫོགས་སངས་རྒྱས་༎ འགྲོ་བའི་བླ་མས་བཤད་དུ་གསོལ་༎
 महासमयतत्त्वज्ञ इन्द्रयाशयवित् परः ॥ म्न्स्_९ ॥	དམ་ཚིག་ཆེན་པོ་དེ་ཉིད་མཁྱེན་༎ དབང་པོ་བསམ་པ་རིག་པ་མཆོག་། བཅོམ་ལྡན་འདས་ཀྱི་ཡེ་ཤེས་སྐུ་༎
 भगवज्ज्ञानकायस्य महोष्णीषस्य गीष्पतेह् ।	གཙུག་ཏོར་ཆེན་པོ་ཚིག་གི་བདག་༎
 मञ्जुश्रीज्ञानसत्त्वस्य ज्ञानमूर्तेः स्वयम्भुवः ॥ म्न्स्_१० ॥	འཇམ་དཔལ་ཡེ་ཤེས་སེམས་དཔའ་ཡི་༎ ཡེ་ཤེས་སྐུ་སྟེ་རང་བྱུང་བ་༎
 गम्भीरार्थाम् उदारार्थं महार्थाम् असमां शिवाम् । आदिमध्यान्तकल्याणीं नामसंगीतिम् उत्तमाम् ॥ म्न्स्_११ ॥	དོན་ཟབ་དོན་ནི་རྒྱ་ཆེ་ཞིང་༎ དོན་ཆེན་མཚུངས་མེད་རབ་ཞི་བ་༎ ཐོག་མ་བར་དང་མཐར་དགེ་བ་༎ མཚན་ཡང་དག་པར་བརྗོད་པ་མཆོག་།
 यातीतैर् भाषिता बुद्धैर् भाषिष्यन्ते ह्य् अनागताः ।	འདས་པའི་སངས་རྒྱས་རྣམས་ཀྱིས་གསུངས་༎
 प्रत्युत्पन्नाश् च संबुद्धा यां भाषन्ते पुनः पुनः ॥ म्न्स्_१२ ॥	མ་འོངས་རྣམས་ཀྱང་གསུང་འགྱུར་ལ་༎ ད་ལྟར་བྱུང་བའི་རྫོགས་སངས་རྒྱས་༎ གང་ཡང་ཡང་ཡང་གསུང་བ་གང་༎
 मायाजाले महातन्त्रे या चास्मिन् संप्रगीयते ।	རྒྱུད་ཆེན་སྒྱུ་འཕྲུལ་དྲ་པ་འདིར་༎
 महावज्रधरैर् हृष्टैर् अमेयैर् मन्त्रधारिभिः ॥ म्न्स्_१३ ॥	རྡོ་རྗེ་འཆང་ཆེན་གསང་སྔགས་འཆང་༎ དཔག་མེད་རྣམས་༄༣བ་ཀྱིས་དགྱེས་པ་ཡིས་༎ གང་ཡང་ཡང་དག་རབ་གསུངས་པ་༎
 अहं चैनां धारयिष्याम्य् आ निर्याणां दृढाशयः ।	བདག་ཀྱང་འདི་ནི་གཟུང་བར་བགྱི་༎ བསམ་པ་བརྟན་པོས་ངེས་འབྱུང་བར་༎
 यथा भवाम्य् अहं नाथ सर्वसंबुद्धगुह्यधृक् ॥ म्न्स्_१४ ॥ प्रकाशयिष्ये सत्त्वानां यथाशयविशेषतः ।	མགོན་པོ་རྫོགས་སངས་རྒྱས་ཀུན་གྱི་༎ གསང་འཛིན་ཇི་ལྟར་བདག་འགྱུར་བགྱི་༎
 अशेषक्लेशनाशाय अशेषाज्ञानहानये ॥ म्न्स्_१५ ॥	ཉོན་མོངས་མ་ལུས་བསལ་བ་དང་༎ མི་ཤེས་མ་ལུས་སྤང་བའི་ཕྱིར་༎ སེམས་ཅན་རྣམས་ཀྱི་བསམ་པ་ཡི་༎ ཁྱད་པར་ཇི་བཞིན་རབ་བཤད་འཚལ་༎
 एवम् अध्येष्य गुह्येन्द्रो वज्रपाणिस् तथागतम् ।	གསང་དབང་ལག་ན་རྡོ་རྗེ་ཡིས་༎ དེ་བཞིན་གཤེགས་ལ་དེ་སྐད་དུ་༎ གསོལ་བཏབ་པ་ཐལ་མོ་སྦྱར་བྱས་ཏེ་༎
 कृताञ्जलिपुटो भूत्वा प्रह्वकायः स्थितो ऽग्रतः ॥ म्न्स्_१६ ॥ इति अध्येषणज्ञानगाथाः षोडश ।	ལུས་བཏུད་ནས་ནི་སྤྱན་སྔར་འདུག་།
 अथ शाक्यमुनिर् भगवान् संबुद्धो द्विपदोत्तमः ।	དེ་ནས་བཅོམ་ལྡན་ཤའཀྱ་ཐུབ་༎ རྫོགས་པའི་སངས་རྒྱས་རྐང་གཉིས་མཆོག་།
 निर्णमय्यायतां स्फीतं स्वजिह्वां स्वमुखाच् छुभाम् ॥ म्न्स्_१७ ॥	ཉིད་ཀྱི་ཞལ་ནས་ལྗགས་བཟང་དགེ་༎ རིང་ཞིང་ཡངས་པ་བརྐྱང་མཛད་དེ་༎ འཇིག་རྟེན་གསུམ་པོ་སྣང་བྱེད་ཅིང་༎ བདུད་བཞིའི་དགྲ་རྣམས་འདུལ་བྱེད་པ་༎
 स्मितं संदर्श्य लोकानाम् अपायत्रयशोधनम् । त्रिलोकाभासकरणं चतुर्मारारिशासनम् ॥ म्न्स्_१८ ॥	འཇིག་རྟེན་རྣམས་ཀྱི་ངན་སོང་གསུམ་༎ སྦྱོང་བར་བྱེད་པའི་འཛུམ་བསྟན་ནས་༎
 त्रिलोकम् आपूरयन्त्या ब्राह्म्या मधुरया गिरा ।	ཚངས་པའི་གསུང་ནི་སྙན་པ་ཡིས་༎ འཇིག་རྟེན་གསུམ་པོ་ཀུན་བཀང་སྟེ་༎
 प्रत्यभाषत गुह्येन्द्रं वज्रपाणिं महाबलम् ॥ म्न्स्_१९ ॥	ལག་ན་རྡོ་རྗེ་སྟོབས་པོ་ཆེ་༎ གསང་དབང་ལ་ནི་སླར་གསུངས་པ་༎
 साधु वज्रधर श्रीमन् साधु ते वज्रपाणये ।	ལེགས་སོ་དཔལ་ལྡན་རྡོ་རྗེ་འཆང་༎ ལག་ན་རྡོ་རྗེ་ཁྱོད་ལེགས་སོ་༎
 यस् तं जगद्धितार्थाय महाकरुणयान्वितः ॥ म्न्स्_२० ॥ महार्थां नामसंगीतिं पवित्राम् अघनाशिनीम् ।	འགྲོ་ལ་ཕན་པའི་དོན་དུ་ཁྱོད༏་༏སྙིང་རྗེ་ཆེ་དང་ལྡན་གྱུར་ཏེ་༎
 मञ्जुश्रीज्ञानकायस्य मत्तः श्रोतुं समुद्यतः ॥ म्न्स्_२१ ॥	འཇམ་དཔལ་ཡེ་ཤེས་སྐུ་ཡི་མཚན་༎ ཡང་དག་བརྗོད་པ་དོན་ཆེ་བ་༎ དག་པར་བྱེད་ཅིང་སྡིག་སེལ་བ་༎
 तत् साधु देशयाम्य् एषः अहं ते गुह्यकाधिप ।	ང་ལས་ཉན་པར་བརྩོན་པ་ནི་༎ ༄༤ཨ་༌༎ གསང་བའི་བདག་པོ་ཁྱོད་ལེགས་སོ་༎ དེ་ཕྱིར་འདི་ནི་ངས་བཤད་བྱ་༎
 शृणु त्वम् एकाग्रमनास् तत् साधु भगवन्न् इति ॥ म्न्स्_२२ ॥ इति प्रतिवचनज्ञानगाथाः षट् ।	ཁྱོད་ནི་རྩེ་གཅིག་ཡིད་ཀྱིས་ཉོན་༎ བཅོམ་ལྡན་དེ་ནི་ལེགས་ཞེས་གསོལ་༎
 अथ शाक्यमुनिर् भगवान् सकलं मन्त्रकुलं महत् ।	ད་ནས་བཅོམ་ལྡན་ཤའཀྱ་ཐུབ་༎ གསང་སྔགས་མཐའ་དག་རིགས་ཆེན་པོ་༎
 मन्त्रविद्याधरकुलं व्यवलोक्य कुलत्रयम् ॥ म्न्स्_२३ ॥	གསང་སྔགས་རིག་པ་འཆང་བའི་རིགས་༎ རིགས་གསུམ་ལ་ནི་རྣམ་པར་གཟིགས་༎
 लोकलोकोत्तरकुलं लोकालोककुलं महत् ।	འཇིག་རྟེན་འཇིག་རྟེན་འདས་པའི་རིགས་༎
 महामुद्राकुलं चाग्र्यं महोष्णीषकुलं महत् ॥ म्न्स्_२४ ॥ इति षट्कुलावलोकनज्ञानगाथे द्वे ।	འཇིག་རྟེན་སྣང་བྱེད་རིགས་ཆེན་དང་༎ ཕྱག་རྒྱ་ཆེན་པོའི་རིགས་མཆོག་དང་༎ གཙུག་ཏོར་ཆེན་པོའི་རིགས་ཆེན་ནོ་༎
 इमां षण्मन्त्रराजानां संयुक्ताम् अद्वयोदयाम् ।	གསང་སྔགས་རྒྱལ་པོ་དྲུག་ལྡན་ཞིགན་༎ གཉིས་སུ་མེད་པར་འབྱུང་བ་དང་༎ སྐྱེ་བ་མེད་པའི་ཆོས་ཅན་འདི་༎
 अनुत्पादधर्मिणीं गाथां भाषते स्म गिरां पतेः ॥ म्न्स्_२५ ॥	ཚིག་གི་བདག་པོས་ཚིགས་བཅད་གསུངས་༎ ཨཨ་ཨའ་། ཨཻ་ཨའི་། ཨཽ་ཨའུ་། ཨཨེ་ཨཨེཨེ་། ཨཨོ་ཨཨོཨོ་།
 अ आ इ ई उ ऊ ए ऐ ओ औ अं अः स्थितो हृदि । ज्ञानमूर्तिर् अहं बुद्धो बुद्धानां त्र्यध्ववर्तिनाम् ॥ म्न्स्_२६ ॥	ཨཨམ་ཨཨ༔སཐི་ཏོ་ཧྲི་དི་། ཛཉའ་ན་མའུརྟི་ར་ཧམ་བུདདྷོ་བུདདྷ་ནའམ།
 ॐ वज्रतीक्ष्णदुःखच्छेदप्रज्ञाज्ञानमूर्तये ।*	ཏྲྱ་དྷབ༹་བ་རཏཏི་ནམ་ཨཨོམ་བཛྲ་ཏིཀཤན་དུ༔ཁ་ཙཚེ་དེ༔པྲ་ཛཉའ་ཛཉའ་ན་མའུརཏཏ་ཡེ་། ཛཉའ་ན་ཀའ་ཡ་།
 ज्ञानकायवागिश्वरारापचनाय ते नमः ॥ म्न्स्_२७ ॥* इति मायाजालाभिसंबोधिक्रमगाथास् तिस्रः ।	ཝའ་གའི་ཤབ༹་ར་ཨཨ་ར་པ་ཙ་ན་ཡ་ཏེ་ན་མ༔༎
 तद् यथा भगवान् बुद्धः संबुद्धो ऽकारसम्भवः ।	འདི་ལྟར་སངས་རྒྱས་བཅོམ་ལྡན་འདས་༎ རྫོགས་པའི་སངས་རྒྱས་ཨཨ་ཡིག་བྱུང་༎
 अकारः सर्ववर्णाग्र्यो महार्थः परमाक्षरः ॥ म्न्स्_२८ ॥	ཨཨ་ཡིག་ཡིག་འབྲུ་ཀུན་གྱི་མཆོག་། དོན་ཆེན་འགྱུར་མེད་དམ་པ་ཡིན་༎
 महाप्राणो ह्य् अनुत्पादो वागुदाहारवर्जितः ।	སྲོག་ཆེན་པོ་སྟེ་སྐྱེ་བ་མེད༏་༏ཚིག་ཏུ་བརྗོད་པ་སྤངས་པ་སྟེ་༎
 सर्वाभिलापहेत्वग्र्यः सर्ववाक्सुप्रभास्वरः ॥ म्न्स्_२९ ॥	བརྗོད་པ་ཀུན་གྱི་རྒྱུ་ཡི་མཆོག་། ཚིག་ཀུན་རབ་ཏུ་གསལ་བར་བྱེད་༎
 महामहमहारागः सर्वसत्त्वरतिंकरः ।	མཆོད་པ་ཆེན་པོ་འདོད་ཆགས་ཆེ་༎ སེམས་ཅན་ཐམས་ཅད་༄༤བ་དགའ་བར་བྱེད་༎
 महामहमहाद्वेषः सर्वक्लेशमहारिपुः ॥ म्न्स्_३० ॥	མཆོད་པ་ཆེན་པོ་ཞེ་སྡང་ཆེ་༎ ཉོན་མོངས་ཀུན་གྱི་ངག་ཆེ་བ་༎
 महामहमहामोहो मूढधीमोहसूदनः ।	མཆོད་པ་ཆེན་པོ་གཏི་མུག་ཆེ་༎ གཏི་མུག་བློ་སྟེ་གཏི་མུག་སེལ་༎
 महामहमहाक्रोधो महाक्रोधरिपुर् महान् ॥ म्न्स्_३१ ॥	མཆོད་པ་ཆེན་པོ་ཁྲོ་བ་ཆེ་༎ ཁྲོ་བ་ཆེན་པོ་དགྲ་ཆེ་བ་༎
 महामहमहालोभः सर्वलोभनिषूदनः ।	མཆོད་པ་ཆེན་པོ་ཆགས་པ་ཆེ་༎ ཆགས་པ་ཐམས་ཅད་སེལ་བར་བྱེད་༎
 महाकामो महासौख्यो महामोदो महारतिः ॥ म्न्स्_३२ ॥	འདོད་པ་ཆེན་པོ་བ་དེ་བ་ཆེ་༎
 महारूपो महाकायो महावर्णो महावपुः ।	དགའ་བ་ཆེན་པོ་མགུ་བ་ཆེ་༎ གཟུགས་ཆེ་ལུས་ཀྱང་ཆེ་བ་སྟེ་༎ ཁ་དོག་ཆེ་ཞིང་ལུས་བོད་ཆེ་༎
 महानामा महोदारो महाविपुलमण्डलः ॥ म्न्स्_३३ ॥	མིང་ཡང་ཆེ་ཞིང་རྒྱ་ཆེ་བ་༎ དཀྱིལ་འཁོར་ཆེན་པོ་ཡངས་པ་ཡིན་༎ ཤེས་རབ་ཆེན་པོ་མཚོན་འཆད་བ་༎
 महाप्रज्ञायुधधरो महाक्लेशाङ्कुशो ऽग्रणीः ।	ཉོན་མོངས་ལྕགས་ཀྱུ་ཆེ་བའི་མཆོག་།
 महायशा महाकीर्तिर् महाज्योतिर् महाद्युतिः ॥ म्न्स्_३४ ॥	གྲགས་ཆེན་སྙན་གྲགས་ཆེན་པོ་སྟེ་༎ སྣང་བ་ཆེན་པོ་གསལ་བ་ཆེ་༎ མཁས་པ་སྒྱུ་འཕྲུལ་ཆེན་པོ་འཆང་༎
 महामायाधरो विद्वान् महामायार्थसाधकः ।	སྒྱུ་འཕྲུལ་ཆེན་པོ་དོན་སྒྲུབ་པ་༎
 महामायारतिरतो महामायेन्द्रजालिकः ॥ म्न्स्_३५ ॥	སྒྱུ་འཕྲུལ་ཆེན་པོ་དགའ་བས་དགའ༎ སྒྱུ་འཕྲུལ་ཆེན་པོ་མིག་འཕྲུལ་ཅན་༎
 महादानपतिः श्रेष्ठो महाशीलधरो ऽग्रणीः ।	སྦྱིན་བདག་ཆེན་པོ་གཙོ་བོ་སྟེ་༎ ཚུལ་ཁྲིམས་ཆེན་པོ་འཆང་བའི་མཆོག་།
 महाक्षान्तिधरो धीरो महावीर्यपराक्रमः ॥ म्न्स्_३६ ॥	བཟད་ཆེན་འཆང་བ་བརྟན་པ་སྟེ་༎ བརྩོན་འགྲུས་ཆེན་པོ་ཕ་རོལ་གནོན་༎
 महाध्यानसमाधिस्थो महाप्रज्ञाशरीरद्ःऋक् ।	བསམ་གཏན་ཆེན་པོ་ཏིང་འཛིན་གནས་༎ ཤེས་རབ་ཆེན་པོ་ལུས་འཆང་བ་༎
 महाबलो महोपायः प्रणिधिर् ज्ञनसागरः ॥ म्न्स्_३७ ॥	སྟོབས་པོ་ཆེ་ལ་ཐབས་ཆེ་བ་༎ སྨོན་ལམ་ཡེ་ཤེས་རྒྱ་མཚོ་སྟེ་༎ བྱམས་ཆེན་རང་བཞིན་དཔག་ཏུ་མེད་༎
 महामैत्रीमयो ऽमेयो महाकारुणिको ऽग्रधीः ।	སྙིང་རྗེ་ཆེན་པོ་བློ་ཡི་མཆོག་།
 महाप्रज्ञो महाधीमान् महोपायो महाकृतिः ॥ म्न्स्_३८ ॥	ཤེས་རབ་ཆེན་པོ་བློ་ཆེན་ལྡན་༎ ཐབས་ཆེན་བྱེད་པ་ཆེན་པོ་སྟེ་༎
 महाऋद्धिबलोपेतो महावेगो महाजवः ।	རྫུ་འཕྲུལ་ཆེན་པོ་སྟོབས་དང་ལྡན་༎ ཤུགས་ཆེན་མགྱོགས་པ་ཆེན་པོ་སྟེ་༎
 महर्द्धिको महेशाख्यो महाबलपराक्रमः ॥ म्न्स्_३९ ॥	རྫུ་འཕྲུལ་ཆེན་པོ་ཆེར་གྲགས་པ་༎ སྟོབས་ཆེན་༄༥ཨ་༌༎ ཕ་རོལ་གནོན་པ་པོ་༎
 महाभवाद्रीसंभेत्ता महावज्रधरो घनः ।	སྲིད་པའི་རི་བོ་ཆེན་པོ་འཇོམས་༎ མཁྲེགས་ཤིང་རྡོ་རྗེ་ཆེན་པོ་འཆང་༎
 महाक्रूरो महारौद्रो महाभयभयंकरः ॥ म्न्स्_४० ॥	དྲག་པོ་ཆེན་པོ་དྲག་ཤུལ་ཆེ་༎ འཇིགས་ཆེན་འཇིགས་པར་བྱེད་པ་པོ༏་༏མགོན་པོ་རིགས་མཆོག་ཆེན་པོ་སྟེ་༎
 महाविद्योत्तमो नाथो महामन्त्रोत्तमो गुरुः ।	བླ་མ་གསང་སྔགས་ཆེ་བ་མཆོག་།
 महायाननयारूढो महायाननयोत्तमः ॥ म्न्स्_४१ ॥ इति वज्रधातुमण्डलज्ञानगाथाश् चतुर्दश ।	ཐེག་པ་ཆེན་པོའི་ཚུལ་ལ་གནས་༎ ཐེག་པ་ཆེན་པོའི་ཚུལ་གྱི་མཆོག་༎ སངས་རྒྱས་རྣམ་པར་སྣད་མཛད་ཆེ་།
 महावैरोचनो बुद्धो महामौनी महामुनिः ।	ཐུབ་པ་ཆེན་པོ་ཐུབ་ཆེན་ལྡན་།
 महामन्त्रनयोद्भूतो महामन्त्रनयात्मकः ॥ म्न्स्_४२ ॥	གསང་སྔགས་ཚུལ་ཆེན་ལས་བྱུང་བ་༎ གསང་སྔགས་ཚུལ་ཆེན་བདག་ཉིད་ཅན་༎
 दशपारमिताप्रप्तो दशपारमिताश्रयः ।	ཕ་རོལ་ཕྱིན་བཅུ་ཐོབ་པ་སྟེ་༎ ཕ་རོལ་པྱིན་པ་བཅུ་ལ་གནས་༎
 दशपारमिताशुद्धिर् दशपारमितानयः ॥ म्न्स्_४३ ॥	ཕ་རོལ་ཕྱིན་བཅུ་དག་པ་སྟེ་༎ ཕ་རོལ་ཕྱིན་པ་བཅུ་ཡི་ཚུལ་༎
 दशभूमीश्वरो नाथो दशभूमिप्रतिष्ठितः ।	ས་བཅུའི་དབང་ཕྱུག་མགོན་པོ་སྟེ་༎ ས་ཅུ་ལ་ནི་རབ་ཏུ་གནས་༎
 दशज्ञानविशुद्धात्मा दशज्ञानविशुद्धधृक् ॥ म्न्स्_४४ ॥	ཤེས་བཅུ་རྣམ་དག་བདག་ཉིད་ཅན་༎
 दशाकारो दशार्थार्थो मुनीन्द्रो दशबलो विभुः ।	ཤེས་བཅུ་རྣམ་དག་འཆང་བ་པོ༏་༏རྣམ་པ་བཅུ་པོ་དོན་བཅུའི་དོན་༎ ཐུབ་དབང་སྟོབས་བཅུ་ཁྱབ་པའི་བདག་།
 अशेषविश्वार्थकरो दशाकारवशी महान् ॥ म्न्स्_४५ ॥	ཀུན་གྱི་དོན་ནི་མ་ལུས་བྱེད་༎ རྣམ་བཅུ་དབང་ལྡན་ཆེ་བ་པོ་༎
 अनादिर् निष्प्रपञ्चात्मा शुद्धात्मा तथतात्मकः ।	ཐོག་མ་མེད་པ་སྤྲོས་མེད་བདག་༎ དེ་བཞིན་ཉིད་དག་དག་པའི་བདག་། ཡང་དག་སྨྲ་ཞིང་ཆིག་གཞན་མེད་༎
 भूतवादी यथावादी तथाकारी अनन्यवाक् ॥ म्न्स्_४६ ॥	ཇི་སྐད་སྨྲས་པ་དེ་བཞིན་བྱེད་༎
 अद्वयो ऽद्वयवादी च भूतकोटिव्यवस्थितः ।	གཉིས་སུ་མེད་པ་གཉིས་མེད་སྨྲ་༎ ཡང་དག་མཐའ་ལ་རྣམ་པར་གནས་༎
 नैरात्म्यसिंहनिर्णादी कुतीर्थ्यमृगभीकरः ॥ म्न्स्_४७ ॥	བདག་མེད་སེངྒེའི་སྒྲ་དང་ལྡན་༎ མུ་སྟེགས་རི་དབ༹གས་ངན་འཇིགས་བྱེད་༎
 सर्वत्रगो ऽमोघगतिस् तथागतमनोजवः ।	ཀུན་ཏུ་འགྲོ་པ་དོན་ཡོད་བགྲོད་༎ དེ་བཞིན་གཤེགས་པའི་ཡིད་ལྟར་མགྱོགས་༎
 जिनो जितारिर् विजयो चक्रवर्ती महाबलः ॥ म्न्स्_४८ ॥	རྒྱལ་བ་དགྲ་རྒྱལ་རྣམ་པར་རྒྱལ་༎ ༄༥བ་འཁོར་ལོས་བསྒྱུར་བ་སྟོབས་པོ་ཆེ་༎
 गणमुख्यो गणाचार्यो गणेशो गणपतिर् वशी ।	ཚོགས་ཀྱི་སློབ་དཔོན་ཚོགས་ཀྱི་གཙོ་༎ ཚོགས་རྗེ་ཚོགས་བདག་དབང་དང་ལྡན་༎
 महानुभावो धौरेयो ऽनन्यनेयो महानयः ॥ म्न्स्_४९ ॥	མཐུ་ཆེན་གཅེས་པར་འཛིན་པ་སྟེ་༎ ཚུལ་ཆེན་གཞན་གྱི་འདྲེན་པ་མིན་༎
 वागीशो वाक्पतिर् वाग्मी वाचस्पतिर् अनन्तगीः ।	ཚིག་རྗེ་ཚིག་བདག་སྨྲ་མཁས་པ་༎
 सत्यवाक् सत्यवादी च चतुःसत्योपदेशकः ॥ म्न्स्_५० ॥	ཚིག་ལ་དབང་བ་ཚིག་མཐའ་ཡས་༎ ཚིག་བདེན་བདེན་པར་སྨྲ་བ་དང་༎ བདེན་པ་བཞི་ནི་སྟོན་པ་པོ་༎
 अवैवर्तिको ह्य् अनागामी खड्गः प्रत्येकनायकः ।	ཕྱིར་མི་ལྡོག་པ་ཕྱིར་མི་འོང་༎ བསེ་རུ་སོ་སོར་འདྲེན་པ་སྟེ༏་༏ངེས་འབྱུང་སྣ་ཚོགས་ངེས་འབྱུང་བ་༎
 नानानिर्याणनिर्यातो महाभूतैककारणः ॥ म्न्स्_५१ ॥	འབྱུང་བ་ཆེན་པོ་རྒྱུ་གཅིག་པུ་༎
 अर्हन् क्षीणास्रवो भिक्षुर् वीतरागो जितेन्द्रियः ।	དགེ་སློང་དགྲ་བཅོམ་ཟག་པ་ཟད་༎ འདོད་ཆགས་བྲལ་བ་དབང་པོ་ཐུལ་༎
 क्षेमप्राप्तो ऽभयप्राप्तः शीतीभूतो ह्य् अनाविलः ॥ म्न्स्_५२ ॥	བདེ་བ་རྙེད་པ་འཇིགས་མེད་ཐོབ་༎ བསིལ་བར་གྱུར་པ་གོས་པ་མེད་༎
 विद्याचरणसंपन्नः सुगतो लोकवित् परः ।	རིག་པ་དང་ནི་རྐང་པར་ལྡན་༎ བདེར་གཤེགས་འཇིག་རྟེན་རིག་པ་མཆོག་།
 निर्ममो निरहंकारः सत्यद्वयनयस्थितः ॥ म्न्स्_५३ ॥	བདག་གིར་མི་འཛིན་ངར་མི་འཛིན་༎ བདེན་པ་གཉིས་ཀྱི་ཚུལ་ལ་གནས་༎ འཁྲོ་བའི་ཕ་རོལ་མཐར་གནས་པ་༎
 संसारपारकोटिस्थः कृतकृत्यः स्थलस्थितः ।	བྱ་བ་བྱས་པ་སྐམ་སར་གནས་༎ ཡེ་ཤེས་འབའ་ཞིག་ངེས་འབྱུང་བ་༎
 कैवल्यज्ञाननिष्ठ्यूतः प्रज्ञाशस्त्रो विदारणः ॥ म्न्स्_५४ ॥	ཤེས་རབ་མཚོན་ཆས་རྣམ་འཇོམས་པ་༎
 सद्धर्मो धर्मराड् भास्वांल् लोकालोककरः परः ।	དམ་ཆོས་ཆོས་རྒྱལ་གསལ་བར་ལྡན་༎ འཇིག་རྟེན་སྣང་བར་བྱེད་པའི་མཆོག་།
 धर्मेश्वरो धर्मराजः श्रेयोमार्गोपदेशकः ॥ म्न्स्_५५ ॥	ཆོས་ཀྱི་དབང་ཕྱུག་ཆོས་ཀྱི་རྒྱལ་༎ ལེགས་པའི་ལམ་ནི་སྟོན་པ་པོ་༎
 सिद्धार्थः सिद्धसंकल्पः सर्वसंकल्पवर्जितह् ।	དོན་གྲུབ་གྲུབ་པའི་ཀུན་རྟོག་ནི་༎ ཀུན་ཏུ་རྟོག་པ་ཐམས་ཅད་སྤངས་༎
 निर्विकल्पो ऽक्षयो धातुर् धर्मधातुः परो ऽव्ययः ॥ म्न्स्_५६ ॥	རྣམ་པར་མི་རྟོག་དབྱིངས་མི་ཟད༏་༏ཆོས་དབྱིངས་དམ་པ་ཟད་མི་ཤེས་༎
 पुण्यवान् पुण्यसंभारो ज्ञानं ज्ञानाकरं महत् । ज्ञानवान् सदसज्ज्ञानी संभारद्वयसंभृतः ॥ म्न्स्_५७ ॥	བསོད་ནམས་ལྡན་པ་བསོད་ནམས་ཚོགས་༎ ཡེ་ཤེས་ཡེ་ཤེས་འབྱུང་གནས་ཆེ་༎ ཡེ་ཤེས་ལྡན་པ་ཡོད་མེད་ཤེས་༎ ཚོགས་གཉིས་ཚོགས་དང་ཡང་༄༦ཨ་༌༎ དག་ལྡན་༎ རྟག་པ་ཀུན་རྒྱལ་རྣལ་འབྱོར་ཅན་༎
 शाश्वतो विश्वराड् योगी ध्यानं ध्येयो धियां पतिः ।	བསམ་གཏན་བསམ་བྱས་བློ་ཡི་བདག་།
 प्रत्यात्मवेद्यो ह्य् अचलः परमाद्यस् त्रिकायधृक् ॥ म्न्स्_५८ ॥	སོ་སོ་རང་རིག་མི་ག-ཡོ་བ་༎ མཆོག་གི་དང་པོ་སྐུ་གསུམ་འཆང་༎
 पञ्चकायात्मको बुद्धः पञ्चज्ञानात्मको विभुः ।	སངས་རྒྱས་སྐུ་ལྔའི་བདག་ཉིད་ཅན་༎ ཁྱབ་བདག་ཡེ་ཤེས་ལྔ་ཡི་བདག་། སངས་རྒྱས་ལྔ་བདག་ཅོད་པན་ཅན་༎
 पञ्चबुद्धात्ममुकुटः पञ्चचक्षुर् असङ्गधृक् ॥ म्न्स्_५९ ॥	སྤྱན་ལྔ་ཆགས་པ་མེད་པ་འཆང་༎
 जनकः सर्वबुद्धानां बुद्धपुत्रः परो वरः ।	སངས་རྒྱས་ཐམས་ཅད་སྐྱེད་པ་པོ་༎ སངས་རྒྱས་སྲས་པོ་དམ་པ་མཆོག་།
 प्रज्ञाभवोद्भवो योनिर् धर्मयोनिर् भवान्तकृत् ॥ म्न्स्_६० ॥	ཤེས་རབ་སྲིད་འབྱུང་སྐྱེ་གནས་ཏེ་༎ ཆོས་ཀྱི་སྐྱེ་གནས་སྲིད་མཐར་བྱེད་༎
 घनैकसारो वज्रात्मा सद्योजातो जगत्पतिः ।	གཅིག་པུ་སྲེ་མཁྲེགས་རྡོ་རྗེའི་བདག་། འཕྲལ་དུ་བསྐྱེད་པ་འགྲོ་བའི་བདག་།
 गगनोद्भवः स्वयम्भूः प्रज्ञाज्ञानानलो महान् ॥ म्न्स्_६१ ॥	ནམ་མཁའ་ལས་བྱུང་རང་བྱུང་བ་༎ ཤེས་རབ་ཡེ་ཤེས་མེ་བོ་ཆ་༎
 वैरोचनो महादीप्तिर् ज्ञानज्योतिर् विरोचनः ।	འོད་ཆེན་རྣམ་པར་སྣང་བར་བྱེད་༎
 जगत्प्रदीपो ज्ञानोल्को महातेजाः प्रभास्वरः ॥ म्न्स्_६२ ॥	ཡེ་ཤེས་སྣང་བ་ལམ་མེ་བ་༎ འགྲོ་བའི་མར་མེ་ཡེ་ཤེས་སྒྲོན་༎ གཟི་བརྗིད་ཆེན་པོ་འོད་གསལ་བ༏་༏རིག་པའི་རྒྱལ་མཆོག་སྔགས་དབང་པོ་༎
 विद्याराजो ऽग्रमन्त्रेशो मन्त्रराजो महार्थकृत् ।	གསང་སྔགས་རྒྱལ་པོ་དོན་ཆེན་བྱེད་༎
 महोष्णीषो ऽद्भूतोष्णीषो विश्वदर्शी वियत्पतिः ॥ म्न्स्_६३ ॥	གཙུག་ཏོར་ཆེན་པོ་རྨད་བྱུང་གཙུག་། ནམ་མཁའི་བདག་པོ་སྣ་ཚོགས་སྟོན་༎
 सर्वबुद्धात्मभावाग्र्यो जगदानन्दलोचनः ।	སངས་རྒྱས་ཀུན་བདག་དངོས་པོ་མཆོག་། འགྲོ་བ་དགའ་བའི་མིག་དང་ལྡན་༎ སྣ་ཚོགས་གཟུགས་ཅན་སྐྱེད་པ་པོ་༎
 विश्वरूपी विधाता च पूज्यो मान्यो महाऋषिः ॥ म्न्स्_६४ ॥	མཆོད་འོས་རྗེད་འོས་དྲང་སྲོང་ཆེ་༎
 कुलत्रयधरो मन्त्री महासमयमन्त्रधृक् ।	རིགས་གསུམ་འཆང་བ་གསང་སྔགས་ལྡན་༎ དམ་ཚིག་ཆེན་པོ་གསང་སྔགས་འཇིན་༎ གཙོ་བོ་དཀོན་མཆོག་གསུམ་འཛིན་པ་༎
 रत्नत्रयधरः श्रेष्ठस् त्रियानोत्तमदेशकः ॥ म्न्स्_६५ ॥	ཐེག་པ་མཆོག་གསུམ་སྟོན་པ་པོ་༎ དོན་ཡོད་ཞགས་པ་རྣམ་པར་རྒྱལ་།
 अमोघपाशो विजयी वज्रपाशो महाग्रहः ।	འཛིན་པ་ཆེན་པོ་རྡོ་རྗེ་ཞགས་།
 वज्राङ्कुशो महापाशः वज्रभैरवभीकरः ॥ म्न्स्_६६ ॥ इति सुचिशुद्धधर्मधातुज्ञानगाथाः पादोनपञ्चविंशतिः ।	རྡོ་རྗེ་ལྕགས་ཀྱུ་༄༦བ་ཞགས་པ་ཆེ་༎ རྡོ་རྗེ་འཇིགས་བྱེད་འཇིགས་པར་བྱེད་༎
 क्रोधराट् षण्मुखो भीमः षण्नेत्रः षड्भूजो बली ।	ཁྲོ་བོའི་རྒྱལ་པོ་གདོང་དྲུག་འཇིགས་༎ མིག་དྲུག་ལག་དྲུག་སྟོབས་དང་ལྡན་།
 दंष्ट्रकरालः कङ्कालो हलाहलः शताननः ॥ म्न्स्_६७ ॥	ཀེང་རུས་མཆེ་བ་གཙིགས་པ་པོ་༎ ཧ་ལ་ཧ་ལ་གདོང་བརྒྱ་པ་༎
 यमान्तको विघ्नराजो वज्रवेगो भयंकरः ।	གཤིན་རྗེ་མཐར་བྱེད་བགེགས་ཀྱི་རྒྱལ་༎ རྡོ་རྗེ་ཤུགས་ཅན་འཇིགས་བྱེད་པ་༎ རྡོ་རྗེ་གྲགས་པ་རྡོ་རྗེ་སྙིང་༎
 विघुष्टवज्रो हृद्वज्रो मायावाज्रो महोदरः ॥ म्न्स्_६८ ॥	སྒྱུ་འཕྲུལ་རྡོ་རྗེ་གསུས་པོ་ཆེ་༎ རྡོ་རྗེ་སྐྱེ་གནས་རྡོ་རྗེའི་དབང་༎
 कुलिशेशो वज्रयोनिर् वज्रमण्डो नभोपमः ।	རྡོ་རྗེ་སྙིང་པོ་མཁའ་འདྲ་བ༏་༏མི་ག-ཡོ་རལ་པ་གཅིག་བསྒྱིངས་པ་༎
 अचलैकजटाटोपो गजचर्मपटार्द्रधृक् ॥ म्न्स्_६९ ॥	གླང་ཆེན་པགས་པ་རློན་པ་འཆང་༎
 हाहाकारो महाघोरो हीहीकारो भयानकः ।	དྲག་ཆེན་ཧའ་ཧའ་ཞེས་སྒྲོག་པ་༎ ཧི་ཧི་ཞེས་སྒྲོག་འཇིགས་པར་བྱེད་༎
 अट्टहासो महाहासो वज्रहासो महारवः ॥ म्न्स्_७० ॥	གད་མོ་ཆེན་པོ་གད་རྒྱངས་ཅན་༎ རྡོ་རྗེ་གད་མོ་ཆེར་སྒྲོག་པ་༎
 वज्रसत्त्वो महासत्त्वो वज्रराजो महासुखः ।	རྡོ་རྗེ་སེམས་དཔའ་སེམས་དཔའ་ཆེ་༎ རྡོ་རྗེ་རྒྱལ་པོ་བདེ་བ་ཆེ་༎ རྡོ་རྗེ་གཏུམ་པོ་དགའ་བ་ཆེ་༎
 वज्रचण्डो महामोदो वज्रहूंकारहूंकृतिः ॥ म्न्स्_७१ ॥	རྡོ་རྗེ་ཧའུམ་མཛད་ཧའུམ་གི་གཟུགས་༎
 वज्रबाणायुधधरो वज्रखड्गो निकृन्तनः ।	རྡོ་རྗེ་མདའ་ཡི་མཚོན་འཆང་བ་༎ རྡོ་རྗེ་རལ་གྲིས་གཅོད་མཛད་པ་༎
 विश्ववज्रधरो वज्री एकवज्री रणञ्जहः ॥ म्न्स्_७२ ॥	རྡོ་རྗེ་ཀུན་འཆང་རྡོ་རྗེ་ཅན་༎ རྡོ་རྗེ་གཅིག་པུ་ག-ཡུལ་སེལ་བ་༎ རྡོ་རྗེ་འབར་བ་གཙིགས་པའི་མིག་༎
 वज्रज्वालाकरालाक्षो वज्रज्वालाशिरोरुहः ।	མགོ་སྐྱེས་རྡོ་རྗེ་འབར་བ་སྟེ་༎
 वज्रावेशो महावेशः शताक्षो वज्रलोचनः ॥ म्न्स्_७३ ॥	རྡོ་རྗེ་འབེབས་པ་འབེབས་པ་ཆེ་༎ མིག་བརྒྱ་པ་སྟེ་རྡོ་རྗེའི་མིག་།
 वज्ररोमाङ्कुरतनुर् वज्ररोमैकविग्रहः ।	རྡོ་རྗེའི་སྤུ་ནི་མྱུ་གུ་ལུས་༎ རྡོ་རྗེའི་སྤུ་ནི་ལུས་གཅིག་པུ་༎ རྡོ་རྗེ་རྩེ་མོ་སེན་མོས་བརྩམས་༎
 वज्रकोटिनखारम्भो वज्रसारघनच्छविः ॥ म्न्स्_७४ ॥	རྡོ་རྗེ་སྙིང་པོ་པགས་པ་མཁྲེགས་༎
 वज्रमालाधरः श्रीमान् वज्राभरणभूषितः ।	རྡོ་རྗེ་ཕྲེང་ཐོགས་དཔལ་དང་ལྡན་༎ རྡོ་རྗེའི་རྒྱན་གྱིས་བརྒྱན་པ་སྟེ་༎ གད་རྒྱངས་ཧའ་ཧའ་ངས་པར་སྒྲོག་།
 हाहाट्टहासो निर्घोषो वज्रघोषः षडक्षरः ॥ म्न्स्_७५ ॥	ཡི་གེ་དྲུག་པ་རྡོ་རྗེའི་སྒྲ་༎
 मञ्जुघोषो महानादस् त्रैलोक्यैकरवो महान् ।	འཇམ་པའི་དབྱངས་ནི་སྒྲ་ཆེ་བ་༎ འཇིག་རྟེན་གསུམ་གཅིག་སྒྲ་ཆེན་པོ་༎
 आकाशधातुपर्यन्त- घोषो घोषवतां वरः ॥ म्न्स्_७६ ॥ इत्य् आदर्शज्ञानगाथाः पादेन सार्धं दश ।	ནམ་མཁའི་ཁམས་ཀྱི་མཐར་ཐུག་༄༧ཨ་༌༎ སྒྲ༏་༏སྒྲ་དང་ལྡན་པ་རྣམས་ཀྱི་མཆོག་།
 तथताभूतनैरात्म्य- भूतकोटिर् अनक्षरः ।	ཡང་དག་མེད་དེ་དེ་བཞིན་ཉིད་༎ ཡང་དག་མཐའ་སྟེ་ཡི་གེ་མེད་༎
 शून्यतावादिवृषभो गम्भीरोदारगर्जनः ॥ म्न्स्_७७ ॥	སྟོང་ཉིད་སྨྲ་བའི་ཁྱུ་མཆོག་སྟེ་༎ ཟབ་ཅིང་རྒྱ་ཆེའི་སྒྲ་སྒྲོག་པ་༎
 धर्मशङ्ख्यो महाशब्दो धर्मगण्डी महारणः ।	ཆོས་ཀྱི་དུང་སྟེ་སྒྲ་ཆེན་པེ་༎ ཆོས་ཀྱི་གནདའི་སྒྲ་བོ་ཆེ་༎
 अप्रतिष्ठतनिर्वाणो दशदिग्धर्मदुन्दुभिः ॥ म्न्स्_७८ ॥	རབ་ཏུ་མི་གནས་མྱ་ངན་འདས་༎ ཕྱོགས་བཅུར་ཆོས་ཀྱི་རྔ་བོ་ཆེ་༎
 अरूपो रूपवान् अग्र्यो नानरूपो मनोमयः ।	གཟུགས་མེད་གཟུགས་ལྡན་དམ་པ་སྟེ་༎ སྣ་ཚོགས་གཟུགས་ཅན་ཡིད་རང་བཞིན་༎
 सर्वरूपावभासश्रीर् अशेषप्रतिबिम्बधृक् ॥ म्न्स्_७९ ॥	གཟུགས་རྣམས་ཐམས་ཅད་སྣང་བའི་དཔལ་༎ གཟུགས་བརྙན་མ་ལུས་འཆང་བ་པོ་༎ སྣང་བ་མེད་ཅིང་ཆེ་བར་གྲགས་༎
 अप्रधृष्यो महेशाख्यस् त्रैधातुकमहेश्वरः ।	ཁམས་གསུམ་དབང་ཕྱུག་ཆེན་པོ་སྟེ༏་༏འཕགས་ལམ་ཤིན་ཏུ་མཐོ་ལ་གནས་༎
 समुच्छ्रितार्यमार्गस्थो धर्मकेतुर् महोदयः ॥ म्न्स्_८० ॥	ཆོས་ཀྱི་ཏོག་ནི་ཆེར་འབྱུང་བ་༎
 त्रैलोक्यैककुमाराङ्गः स्थविरो वृद्धः प्रजापतिः ।	འཇིག་རྟེན་གསུམ་པོ་གཅིག་གཞོན་ལུས་༎ གནས་བརྟན་རྒན་པོ་སྐྱེ་རྒུའི་བདག་།
 द्वात्रिंशल्लक्षणधरः कान्तस् त्रैलोक्यसुन्दरः ॥ म्न्स्_८१ ॥	སུམ་ཅུ་རྩ་གཉིས་མཚན་འཆང་བ་༎ སྡུག་གུ་འཇིག་རྟེན་གསུམ་ན་མཛེས་༎
 लोकज्ञानगुणाचार्यो लोकाचार्यो विशारदः ।	སློབ་དཔོན་འཇིག་རྟེན་ཡོན་ཏན་ཤེས་༎ འཇིག་རྟེན་སློབ་དཔོན་འཇིགས་པ་མེད་༎
 नाथस् त्राता त्रिलोकाप्तः शरणं ताय्य् अनुत्तरः ॥ म्न्स्_८२ ॥	མགོན་སྐྱོབ་འཇིག་རྟེན་གསུམ་ཁྱབ་པ་༎ སྐྱབས་དང་སྐྱོབ་པ་བླ་ན་མེད་༎
 गगनाभोगसंभोगः सर्वज्ञज्ञानसागरः ।	ནམ་མཁའ་ཁྱབ་པ་ལོངས་སྤྱོད་པ་༎ ཐམས་ཅད་མཁྱེན་པ་ཡེ་ཤེས་མཚོ་༎
 अविद्याण्डकोशसंभेत्ता भवपञ्जरदारणः ॥ म्न्स्_८३ ॥	མ་རིག་སྒོ་ངའི་སྦུབས་འབྱེད་པ་༎ སྲིད་པའི་དྲ་བ་འཇོམས་པ་པོ་༎
 शमिताशेषसंक्लेशः संसारार्णवपारगः ।	ཉོན་མོངས་མ་ལུས་ཞི་བྱེད་པ་༎ འཁོར་བའི་རྒྱ་མཚོ་ཕ་རོལ་སོན་༎
 ज्ञानाभिषेकमुकुटः सम्यक्संबुद्धभूषणः ॥ म्न्स्_८४ ॥	ཡེ་ཤེས་དབང་བསྐུར་ཅོད་པན་ཅན་༎ ཡང་དག་རྫོགས་པའི་སངས་རྒྱས་རྒྱན་༎
 त्रिदुःखदुःखशमनस् त्र्यन्तो ऽनन्तस् त्रिमुक्तिगः ।	སྡུག་བསྔལ་གསུམ་གྱི་སྡུག་བསྔལ་༄༧བ་ཞི༏་༏གསུམ་མཐའ་མཐའ་ཡས་གྲོལ་གསུམ་པ་༎
 सर्वावरणनिर्मुक्त आकाशसमतां गतः ॥ म्न्स्_८५ ॥	སྒྲིབ་པ་ཐམས་ཅད་ངེས་པར་གྲོལ་༎ མཁའ་ལྟར་མཉམ་པ་ཉིད་ལ་གནས་༎ ཉོན་མོངས་དྲི་མ་ཀུན་ལས་འདས་༎
 सर्वक्लेशमलातितस् त्र्यध्वानध्वगतिं गतः ।	དུས་གསུམ་དུས་མེད་རྟོག་པར་གནས་༎
 सर्वसत्त्वमहानागो गुणशेखरशेखरः ॥ म्न्स्_८६ ॥	སེམས་ཅན་ཀུན་གྱི་ཀླུ་ཆེན་པོ་༎ ཡོན་ཏན་ཐོད་ཅན་རྣམས་ཀྱི་ཐོད་༎
 सर्वोपाधिविनिर्मुक्तो व्योमवर्त्मनि सुस्थितः ।	ལྷག་མ་ཀུན་ལས་རྣམ་གྲོལ་བ་༎ ནམ་མཁའི་ལམ་ལ་རབ་གནས་པ་༎
 महाचिन्तामणिधरः सर्वरत्नोत्तमो विभुः ॥ म्न्स्_८७ ॥	ཡིད་བཞིན་ནོར་བུ་ཆེན་པོ་འཆང་༎ ཁྱབ་བདག་རིན་ཆེན་ཀུན་གྱི་མཆོག་།
 महाकल्पतरुः स्फीतो महाभद्रघटोत्तमः ।	དཔག་བསམ་ཤིང་ཆེན་རྒྱས་པ་སྟེ་༎ བུམ་པ་བཟང་པོ་ཆེ་བའི་མཆོག་།
 सर्वसत्त्वार्थकृत् कर्ता हितैषी सत्त्ववत्सलः ॥ म्न्स्_८८ ॥	བྱེད་པ་སེམས་ཅན་ཀུན་དོན་བྱེད་༎ ཕན་ཐོགས་སེམས་ཅན་མཉེས་གཤིན་པ་༎
 शुभाशुभज्ञः कालज्ञः समयज्ञः समयी विभुः ।	བཟང་ངན་ཤེས་པ་དུས་ཤེས་པ་༎ ཁྱབ་བདག་དམ་ཤེས་དམ་ཚིག་ལྡན་༎ དུས་ཤེས་སེམས་ཅན་དབང་པོ་ཤེས་༎
 सत्त्वेन्द्रियज्ञो वेलज्ञो विमुक्तित्रयकोविदः ॥ म्न्स्_८९ ॥	རྣམ་གྲོལ་གསུམ་ལ་མཁས་པ་པོ་༎
 गुणी गुणज्ञो धर्मज्ञः प्रशस्तो मङ्गलोदयः ।	ཡོན་ཏན་ལྡན་ཞིང་ཡོན་ཏན་ཤེས་༎ ཆོས་ཤེས་རབ་ཞི་བཀྲ་ཤིས་འབྱུང་༎ བཀྲ་ཤིས་ཀུན་གྱི་བཀྲ་ཤིས་པ་༎
 सर्वमङ्गलमाङ्गल्यः कीर्तिर् लक्ष्मीर् यशः शुभः ॥ म्न्स्_९० ॥	གྲགས་པ་དཔལ་མོ་སྙན་པ་དགེ་༎
 महोत्सवो महाश्वासो महानन्दो महारतिः ।	དབུགས་འབྱིན་ཆེན་པོ་དགའ་སྟོན་ཆེ་༎ དགའ་བ་ཆེན་པོ་རོལ་པ་ཆེ་༎
 सत्कारः सत्कृतिर् भूतिः प्रमोदः श्रीर् यशस्पतिः ॥ म्न्स्_९१ ॥	བཀུར་སྟི་རིམ་གྲོ་ཕུན་སུམ་ཚོགས་༎ རབ་ཏུ་དགའ་བ་གྲགས་བདག་དཔལ་༎
 वरेण्यो वरदः श्रेष्ठः शरण्यः शरणोत्तमः ।	མཆོག་ལྡན་མཆོག་སྤྱིན་གཙོ་བོ་སྟེ་༎ སྐྱབས་ཀྱི་དམ་པ་སྐྱབས་སུ་འོས་༎
 महाभयारिः प्रवरो निःशेषभयनाशनः ॥ म्न्स्_९२ ॥	རབ་མཆོག་འཇིགས་པ་ཆེན་པོའི་དགྲ༏་༏འཇིགས་པ་མ་ལུས་སེལ་བ་པོ་༎
 शिखी शिखण्डी जटिलो जटी मौण्डी किरीटिमान् ।	གཙུག་ཕུད་ཕུད་བུ་རལ་པ་ཅན་༎ རལ་བ་མགོ་རེག་ཅོད་པ་ན་ལྡན་༎
 पञ्चाननः पञ्चशिखः पञ्चचीरकशेखरः ॥ म्न्स्_९३ ॥	གདོང་ལྔ་གཙུག་ཕུད་ལྔ་དང་ལྡན་༎ ཟུར་ཕུད་ལྔ་དང་ལྡན་པའི་ཐོད་༎ མགོ་ཟླུམ་༄༨ཨ་༌༎ བརྟུལ་ཞུགས་ཆེན་པོ་འཆང་༎
 महाव्रतधरो मौञ्जी ब्रह्मचारी व्रतोत्तमः ।	ཚངས་པར་སྤྱོད་པ་བརྟུལ་ཞུགས་མཆོག་།
 महातपास् तपोनिष्ठः स्नातको गौतमो ऽग्रणीः ॥ म्न्स्_९४ ॥	དཀའ་ཐུབ་མཐར་ཕྱིན་དཀའ་ཐུབ་ཆེ་༎ ཁྲུས་ལྡན་གོཨོའུ་ཏ་མ་མཆོག་།
 ब्रह्मविद् ब्राह्मणो ब्रह्मा ब्रह्मनिर्वाणम् आप्तवान् ।	བྲམ་ཟེ་། ཚངས་པ་ཚངས་པ་རིག་། ཚངས་པ་མྱ་ངན་འདས་པ་ཐོབ་༎
 मुक्तिर् मोक्षो विमोक्षाङ्गो विमुक्तिः शान्तता शिवः ॥ म्न्स्_९५ ॥	གྲོལ་བ་ཐར་པ་རྣམ་གྲོལ་ལུས་༎ རྣམ་གྲོལ་ཞི་བ་ཞི་བ་ཉིད་༎
 निर्वाणं निर्वृतिः शान्तिः श्रेयो निर्याणम् अन्तगः ।	མྱ་ངན་འདས་ཞི་མྱ་ངན་འདས་༎
 सुखदुःखान्तकृन् निष्ठा वैराग्यम् उपाधिक्षयः ॥ म्न्स्_९६ ॥	ལེགས་པར་ངེས་འབྱུང་མཐར་བྱེད་བ༏་༏བདེ་བ་སྡུག་བསྔལ་མཐར་བྱེད་གནས་༎ འདོད་ཆགས་བྲལ་བ་བརྟགས་པ་ཟད་༎
 अजयो ऽनुपमो ऽव्यक्तो निराभासो निरञ्जनः ।	ཐུབ་པ་མེད་པ་དཔེ་མེད་པ་༎ གསལ་མིན་མི་སྣང་གོས་པ་མེད་༎
 निष्कलः सर्वगो व्यापी सूक्ष्मो बीजम् अनाश्रवः ॥ म्न्स्_९७ ॥	ཆ་མེད་ཀུན་འགྲོ་ཁྱབ་པ་པོ་༎ ཕྲ་མོ་ས་བོན་ཟག་པ་མེད་༎
 अरजो विरजो विमलो वान्तदोषो निरामयः ।	རྡུལ་མེད་རྡུལ་བྲལ་དྲི་མ་མེད་༎ ཉེས་པ་སྤངས་པ་སྐྱོན་མེད་པ་༎ ཤིན་ཏུ་རབ་སད་རྣམ་སད་བདག་།
 सुप्रबुद्धो विबुद्धात्मा सर्वज्ञाः सर्ववित् परः ॥ म्न्स्_९८ ॥	ཐམས་ཅད་ཡེ་ཤེས་ཀུན་རིག་མཆོག་།
 विज्ञानधर्मतातीतो ज्ञान् अमद्वयरूपधृक् ।	རྣམ་པར་ཤེས་པའི་ཆོས་ཉིད་འདས་༎ ཡེ་ཤེས་གཉིས་མང་ཚུལ་འཆང་བ་༎
 निर्विकल्पो निराभोगस् त्र्यध्वसंबुद्धकार्यकृत् ॥ म्न्स्_९९ ॥	རྣམ་པར་རྟོག་མེད་ལྷུན་གྱིས་གྲུབ་༎ དུས་གསུམ་སངས་རྒྱས་ལས་བྱེད་པ་༎
 अनादिनिधनो बुद्ध आदिबुद्धो निरन्वयः ।	སངས་རྒྱས་ཐོག་མ་ཐ་མ་མེད་༎ དང་པོའི་སངས་རྒྱས་རིགས་མེད་པ་༎
 ज्ञानैकचक्षुर् अमलो ज्ञानमूर्तिस् तथागतः ॥ म्न्स्_१०० ॥	ཡེ་ཤེས་མིག་གཅིག་དྲི་མ་མེད་༎ ཡེ་ཤེས་ལུས་ཅན་དེ་བཞིན་གཤེགས་༎
 वागीश्वरो महावादी वादिराड् वादिपुङ्गवः ।	ཚིག་གི་དབང་ཕྱུག་སྨྲ་བ་ཆེ་༎ སྨྲ་བའི་སྐྱེས་མཆོག་སྨྲ་བའི་རྒྱལ་༎ སྨྲ་བའི་དམ་པ་མཆོག་གི་གནས་༎
 वदतां वरो वरिष्ठो वादिसिंहो ऽपराजितः ॥ म्न्स्_१०१ ॥	སྨྲ་བའི་སེངྒེ་ཐུབ་པ་མེད་༎
 समन्तदर्शी प्रमोद्यस् तेजोमाली सुदर्शनः ।	ཀུན་ཏུ་ལྟ་བ་མཆོག་ཏུ་དགའ༎
 श्रीवत्सः सुप्रभो दीप्तिर् भा भासुरकरद्युतिः ॥ म्न्स्_१०२ ॥	གཟི་བརྗིད་ཕྲེང་ལྡན་བལྟ་ན་སྡུག་། འོད་བཟང་འབར་བ་དཔལ་གྱི་བེའུ་༎ སྣང་བ་གསལ་བར་བྱེད་༄༨བ་པའི་འོད་༎
 महाभिषग्वरः श्रेष्थः शल्यहर्ता निरुत्तरः ।	སྨན་པ་ཆེ་མཆོག་གཙོ་བོ་སྟེ་༎ ཟུག་རྡུ་འབྱིན་པ་བླ་ན་མེད་༎ སྨན་རྣམས་མ་ལུས་ལྗོན་པའི་ཤིང་༎
 अशेषभैषज्यतरुः क्लेशव्याधिर् महारिपुः ॥ म्न्स्_१०३ ॥	ཉོན་མོངས་ནད་ཀྱི་དགྲ་ཆེ་བ་༎
 त्रैलोक्यतिलकः कान्तः श्रीमान् नक्षत्रमण्डलः ।	སྡུག་གུ་འཇིག་རྟེན་གསུམ་གྱི་མཆོག་། དཔལ་ལྡན་རྒྱུ་སྐར་དཀྱིལ་འཁོར་ཙན་༎
 दशदिग्व्योमपर्य्यन्तो धर्मध्वजमहोच्छ्रयः ॥ म्न्स्_१०४ ॥	ཕྱོགས་བཅུ་ནམ་མཁའི་མཐར་ཐུག་པ་༎ ཆོས་ཀྱི་རྒྱལ་མཚན་ཆེན་པོ་སྒྲེང་༎ འགྲོ་བའི་གདུགས་གཅིག་ཡངས་པ་སྟེ་༎
 जगच्छत्रैकविपुलो मैत्रीकरुणमण्डलः ।	བྱམས་དང་སྙིང་རྗེའི་དཀྱིལ་འཁོར་ཅན་༎
 पद्मनृत्येश्वरः श्रीमान् रत्नच्छत्रो महाविभुः ॥ म्न्स्_१०५ ॥	དཔལ་ལྡན་པདམ་གར་དབང་ཕྱུག་། ཁྱབ་བདག་ཆེན་པོ་རིན་ཆེན་གདུགས་༎
 सर्वबुद्धमहाराजः सर्वबुद्धात्मभावधृक् ।	སངས་རྒྱས་ཀུན་གྱི་རྒྱལ་པོ་ཆེ་༎ སངས་རྒྱས་ཀུན་བདག་དངོས་པོ་འཛིན་༎
 सर्वबुद्धमहायोगः सर्वबुद्धैकशासनः ॥ म्न्स्_१०६ ॥	སངས་རྒྱས་ཀུན་གྱི་རྣལ་འབྱོར་ཆེ་༎ སངས་རྒྱས་ཀུན་གྱི་བསྟན་པ་གཅིག་།
 वज्ररत्नाभिषेकश्रीः सर्वरत्नाधिपेश्वरः ।	རྡོ་རྗེ་རིན་ཆེན་དབང་བསྐུར་དཔལ་༎ རིན་ཆེན་ཀུན་བདག་དབང་ཕྱུག་སྟེ་༎
 सर्वलोकेश्वरपतिः सर्ववज्रधराधिपः ॥ म्न्स्_१०७ ॥	འཇིག་རྟེན་དབང་ཕྱུག་ཀུན་གྱི་བདག་། རྡོ་རྗེ་ཀུན་འཆང་མངའ་བདག་སྟེ་༎
 सर्वबुद्धमहाचित्तः सर्वबुद्धमनोगतिः ।	སངས་རྒྱས་ཀུན་གྱི་ཐུགས་ཆེ་བ་༎ སངས་རྒྱས་ཀུན་གྱི་ཐུགས་ལ་གནས་༎
 सर्वबुद्धमहाकायः सर्वबुद्धसरस्वती ॥ म्न्स्_१०८ ॥	སངས་རྒྱས་ཀུན་གྱི་སྐུ་ཆེ་བ་༎ སངས་རྒྱས་ཀུན་གྱི་མཚོ་དང་ལྡན་༎
 वज्रसूर्यो महालोको वज्रेन्दुविमलप्रभः ।	རྡོ་རྗེ་ཉི་མ་སྣང་བ་ཆེ་༎ རྡོ་རྗེ་ཟླ་བ་དྲི་མེད་འོད་༎
 विरागादिमहारागो विश्ववर्णोज्ज्वलप्रभः ॥ म्न्स्_१०९ ॥	ཆགས་བྲལ་དང་པོ་ཆགས་པ་ཆེ་༎ ཁ་དོག་སྣ་ཚོགས་འབར་བའི་འོད་༎
 संबुद्धवज्रपर्यङ्को बुद्धसंगीतिधर्मधृक् ।	རྡོ་རྗེ་སྐྱིལ་ཀྲུང་རྫོགས་སངས་རྒྱས་༎ སངས་རྒྱས་བརྗོད་པའི་ཆོས་འཛིན་པ་༎
 बुद्धपद्मोद्भवः श्रीमान् सर्वज्ञज्ञानकोषधृक् ॥ म्न्स्_११० ॥	དཔལ་ལྡན་སངས་རྒྱས་པདམ་སྐྱེས་༎ ཀུན་མཁྱེན་ཡེ་ཤེས་མཛོད་འཇིན་པ་༎ རྒྱལ་པོ་སྒྱུ་འཕྲུལ་སྣ་ཚོགས་འཆང་༎
 विश्वमायाधरो राजा बुद्धविद्याधरो महान् ।	ཆེ་བ་སངས་རྒྱས་རིག་བ་འཆང་༎
 वज्रतीक्ष्नो महाखड्गो विशुद्धः परमाक्षरः ॥ म्न्स्_१११ ॥	རྡོ་རྗེ་རྣོན་བོ་རལ་གྲི་ཆེ་༎ རྣམ་པར་དག་པ་འགྱུར་མེད་མཆོག་།
 दुःखच्छेदमहायान- वज्रधर्ममहायुधः ।	༄༩ཨ་༌༎ ཐེག་པ་ཆེན་པོ་སྡུག་བསྔལ་གཅོད་༎ མཚོན་ཆ་ཆེན་པོ་རྡོ་རྗེ་ཆོས་༎ རྡོ་རྗེ་ཟབ་མོ་ཛིན་ཛིཀ་།
 जिनजिग् वज्रगाम्भीर्यो वज्रबुद्धिर् यथार्थवित् ॥ म्न्स्_११२ ॥	རྡོ་རྗེ་བློ་གྲོས་དོན་བཞིན་རིག་།
 सर्वपारमितापूरी सर्वभूमिविभूषणः ।	ཕ་རོལ་ཕྱིན་པ་ཀུན་རྫོགས་པ་༎ ས་རྣམས་ཐམས་ཅད་རྣམ་པར་བརྒྱན་༎
 विशुद्धधर्मनैरात्म्यः सम्यग्ज्ञानेन्दुहृत्प्रभः ॥ म्न्स्_११३ ॥	རྣམ་པར་དག་པ་བདག་མེད་ཆོས་༎ ཡང་དག་ཡེ་ཤེས་ཟླ་སྙིང་འོད་༎
 मायाजालमहोद्योगः सर्वतन्त्राधिपः परः ।	སྒྱུ་འཕྲུལ་དྲ་བ་རྣལ་འབྱོར་ཆེ་༎ རྒྱུད་ཀུན་གྱི་ནི་བདག་པོ་མཆོག་།
 अशेषवज्रपर्यङ्को निःशेषज्ञानकायधृक् ॥ म्न्स्_११४ ॥	མ་ལུས་རྡོ་རྗེ་སྐྱིལ་ཀླུང་སྟེ་༎ ཡེ་ཤེས་སྐུ་རྣམས་མ་ལུས་འཆང་༎
 समन्तभद्रः सुमतिः क्षितिगर्भो जगद्धृतिः ।	ཀུན་ཏུ་བཟང་པོ་བློ་གྲོས་བཟང་༎
 सर्वबुद्धमहागर्भो विश्वनिर्माणचक्रधृक् ॥ म्न्स्_११५ ॥	ས་ཡི་སྙིང་པོ་འགྲོ་བ་འཛིན་༎ སངས་རྒྱས་ཀུན་གྱི་སྙིང་པོ་ཆེ་༎ སྣ་ཚོགས་སྤྲུལ་པའི་འཁོར་ལོ་འཆང་༎
 सर्वभावस्वभावाग्र्यः सर्वभावस्वभाववद्ःर्क् ।	དངོས་པོ་ཀུན་གྱི་རང་བཞིན་མཆོག་། དངོས་པོ་ཀུན་གྱི་རང་བཞིན་འཛིན་༎
 अनुत्पादधर्मा विश्वार्थः सर्वधर्मस्वभावद्ःर्क् ॥ म्न्स्_११६ ॥	སྐྱེ་མེད་ཆོས་ཏེ་སྣ་ཚོགས་དོན་༎ ཆོས་ཀུན་ངོ་བོ་ཉིད་འཆང་བ་༎
 एकक्षणमहाप्रज्ञः सर्वधर्मावबोधधृक् ।	སྐད་ཅིག་གཅིག་ལ་ཤེས་རབ་ཆེ་༎ ཆོས་ཀུན་ཁོང་དུ་ཆུད་། པ་འཆང་༎
 सर्वधर्माभिसमयो भूतान्तमुनिर् अग्रधीः ॥ म्न्स्_११७ ॥	ཆོས་ཀུན་མངོན་པར་རྟོགས་པ་སྟེ་༎ ཐུབ་པ་བློ་མཆོག་ཡང་དག་མཐའ། མི་ག-ཡོ་རབ་ཏུ་དང་བའི་བདག་༎
 स्तिमितः सुप्रसन्नात्मा सम्यक्संबुद्धबोधिधृक् ।	རྫོགས་པའི་སངས་རྒྱས་བྱང་ཆུབ་འཆང་༎
 प्रत्यक्षः सर्वबुद्धानां ज्ञानार्चिः सुप्रभास्वरः ॥ म्न्स्_११८ ॥ इति प्रत्यवेक्षणज्ञानगाथाः द्वाचत्वारिंशत् ।	སངས་རྒྱས་ཀུན་གྱི་མངོན་གསུམ་པ་༎ ཡེ་ཤེས་མེ་ལྕེ་འོད་རབ་གསལ་༎
 इष्टार्थसाधकः परः सर्वापायविशोधकः ।	འདོད་པའི་དོན་སྒྲུབ་དམ་པ་སྟེ་༎ ངན་སོང་ཐམས་ཅད་རྣམ་སྦྱོང་བ་༎
 सर्वसत्त्वोत्तमो नाथः सर्वसत्त्वप्रमोचकः ॥ म्न्स्_११९ ॥	མགོན་པོ་སེམས་ཅན་ཀུན་གྱི་མཆོག་༎ སེམས་ཅན་ཐམས་ཅད་རབ་གོལ་བདེ་༎
 क्लेशसंग्रामशूरैकः अज्ञानरिपुदर्पहा ।	ཉོན་མོངས་ག-ཡུལ་དུ་གཅིག་དཔའ་བ་༎ མི་ཤེས་དགྲ་ཡེ་དྲེགས་པ་འཇོམས་༎
 धीः शृङ्गारधरः श्रीमान् वीरबीभत्सरूपधृक् ॥ म्न्स्_१२० ॥	བློ་ནི་སྒེག་འཆང་དཔལ་དང་ལྡན་༎ དཔའ་བོ་མི་སྡུག་གཟུགས་འཆང་བ་༎
 बाहुदुण्डशताक्षेपः पदनिक्षेपनर्त्तनः ।	ལག་པའི་དབྱུག་༄༩བ་པ་བརྒྱ་བསྐྱོད་ཅིང་༎
 श्रीमच्छतभुजाभोग- गगनाभोगनर्त्तनः ॥ म्न्स्_१२१ ॥	རྐང་པ་བསྐྱོད་པས་གར་བྱེད་པ་༎ དཔལ་ལྡན་ལག་པ་བརྒྱས་གང་ལ་༎ ནམ་མཁའ་ཁྱབ་པར་གར་བྱེད་པ་༎
 एकपादतलाक्रान्त- महीमण्डतले स्थितः ।	རྐང་པ་གཅིག་གིས་མཐིལ་གནོན་པ་༎
 ब्रह्माण्डशिखराक्रान्त- पादाङ्गुष्ठनखे स्थितः ॥ म्न्स्_१२२ ॥	ས་ཡི་སྙིང་པོ་མཐིལ་ལ་གནས་ཚངས་པའི་སྒོ་ངའི་རྩེ་མོ་གནོན་༎ རྐང་མཐེབ་སེན་མོ་ལ་གནས་པ་༎
 एकार्थो ऽद्वयधर्मार्थः परमार्थो ऽविनश्वरः ।	དོན་གཅིག་གཉིས་མེད་ཆོས་ཀྱི་དོན་༎ དམ་པའི་དོན་ཏེ་འཇིགས་པ་མེད་༎
 नानाविज्ञप्तिरूपार्थश् चित्तविज्ञानसंततिः ॥ म्न्स्_१२३ ॥	རྣམ་རིག་སྣ་ཚོགས་རང་བཞིན་དོན་༎ སེམས་དང་རྣམ་ཤེས་རྒྱུད་དང་ལྡན་༎
 अशेषभावार्थरतिः शून्यतारतिर् अग्रधीः ।	དངོས་པོ་མ་ལུས་དོན་དགའ་བ་༎ སྟོང་པ་ཉིད་དགའ་མཆོག་གི་བློ་།
 भवरागाद्यतीतश् च भवत्रयमहारतिः ॥ म्न्स्_१२४ ॥	སྲིད་པའི་འདོད་ཆགས་ལ་སོགས་འདས་༎ སྲིད་པ་གསུམ་པོ་དགའ་བ་ཆེ་༎
 शुद्धः शुभ्राभ्रधवलः शरच्चन्द्रांशुसुप्रभः ।	དག་པ་སྤྲིན་དཀར་བཞིན་དུ་དཀར་༎ འོད་བཟང་སྟོན་ཀའི་ཟླ་བའི་འོད་༎ ཉི་མ་འཆར་ཀའི་དཀྱིལ་ལྟར་མཛེས་༎
 बालार्कमण्डलच्छायो महारागनखप्रभः ॥ म्न्स्_१२५ ॥	འདོད་ཆགས་ཆེན་པོ་སེན་མོའི་འོད་༎ ཟུར་ཕུད་བཟང་པོ་མཐོན་ཁ་མཆོག་།
 इन्द्रनीलाग्रसच्चीरो महानीलकचाग्रधृक् ।	སྐྲ་མཆོག་མཐོན་ཁ་ཆེན་པོ་འཆང་༎
 महामणिमयूखश्रीर् बुद्धनिर्वाणभूषणः ॥ म्न्स्_१२६ ॥ लोकधातुशताकम्पी ऋद्धिपादमहाक्रमः ।	ནོར་བུ་ཆེན་པོ་འོད་ཆགས་དཔལ་༎ སངས་རྒྱས་སྤྲུལ་པའི་རྒྱན་དང་ལྡན་༎ འཇིག་རྟེན་ཁམས་བརྒྱ་ཀུན་བསྐྱོར་པ་༎ རྫུ་འཕྲུལ་རྐང་པ་སྟོབས་ཆེན་ལྡན་༎
 महास्मृतिधरस् तत्त्वश् चतुःस्मृतिसमाधिराट् ॥ म्न्स्_१२७ ॥	དེ་ཉིད་དྲན་པ་ཆེན་པོ་འཆང་༎ དྲན་པ་བཞི་པོ་ཏིང་འཛིན་རྒྱལ་༎
 बोध्यङ्गकुसुमामोदस् तथागतगुणोदधिः ।	བྱང་ཆུབ་ཡན་ལག་མེ་ཏོག་དགའ༎ དེ་བཞིན་གཤེགས་པ་ཡོན་ཏན་མཚོ་༎
 अष्टाङ्गमार्गनयवित् सम्यक्संबुद्धमार्गवित् ॥ म्न्स्_१२८ ॥	ལམ་གྱི་ཡན་ལག་བརྒྱད་ཚུལ་རིག་། ཡང་དག་སངས་རྒྱས་ལམ་རིག་པ་༎ སེམས་ཅན་ཀུན་ལ་ཤས་ཆེར་ཆགས་༎
 सर्वसत्त्वमहासङ्गो निःसङ्गो गगनोपमः ।	ནམ་མཁའ་ལྟ་བུར་ཆགས་པ་མེད་༎
 सर्वसत्त्वमनोजातः सर्वसत्त्वमनोजवः ॥ म्न्स्_१२९ ॥	སེམས་ཅན་ཀུན་གྱི་ཡིད་ལས་སྐྱེས་༎ སེམས་ཅན་ཀུན་གྱི་ཡིད་ལྟར་མགྱོགས་༎
 सर्वसत्त्वेन्द्रियार्थज्ञः सर्वसत्त्वमनोहरः ।	སེམས་ཅན་ཀུན་གྱི་དབང་དོན་ཤེས་༎ སེམས་༄༡༠ཨ་༌༎ ཅན་ཀུན་གྱི་ཡིད་འཕྲོག་པ་༎
 पञ्चस्कन्धार्थतत्त्वज्ञः पञ्चस्कन्धविशुद्धधृक् ॥ म्न्स्_१३० ॥	ཕུང་པོ་ལྔ་དོན་དེ་ཉིད་ཤེས་༎ རྣམ་དག་ཕུང་པོ་ལྔ་འཆང་བ་༎ ཐམས་ཅད་ངེས་འབྱུང་མཐའ་ལ་གནས་༎
 सर्वनिर्याणकोटिस्थः सर्वनिर्याणकोविदः ।	ཐམས་ཅད་ངེས་པར་འབྱུང་བ་མཁའ་ཐམས་ཅད་ངེས་འབྱུང་ལམ་ལ་གནས་༎
 सर्वनिर्याणमार्गस्थः सर्वनिर्याणदेशकः ॥ म्न्स्_१३१ ॥	ཐམས་ཅད་ངེས་འབྱུང་སྟོན་པ་པོ་༎
 द्वादशाङ्गभवोत्खातो द्वादशाकारशुद्धधृक् ।	ཡན་ལག་བཅུ་གཉིས་སྲིད་རྩ་བཏོན་༎ དག་པ་རྣམ་པ་བཅུ་གཉིས་འཆང་༎ དབེན་བཞིའི་ཚུལ་གྱི་རྣམ་པ་ཅན་།
 चतुःसत्यनयाकारो अष्टज्ञानावबोधधृक् ॥ म्न्स्_१३२ ॥	ཤེས་པ་བརྒྱད་པོ་རྟོགས་པ་འཆང་༎
 द्वादशाकारसत्यार्थः षोडशाकारतत्त्ववित् ।	བདེན་དོན་རྣམ་པ་བཅུ་གཉིས་ལྡན་༎ དེ་ཉིད་རྣམ་པ་བཅུ་དྲུག་རིག་།
 विंशत्याकारसंबोधिर् विबुद्धः सर्ववित् परः ॥ म्न्स्_१३३ ॥	རྣམ་པ་ཉི་ཤུས་བྱང་ཆུབ་པ་༎ རྣམ་པར་སངས་རྒྱས་ཀུན་རིག་མཆོག་།
 अमेयबुद्धनिर्माण- कायकोटिविभावकः ।	དཔག་མེད་སངས་རྒྱས་སྤྲུལ་པ་ཡི་༎ སྐུ་ཡི་མཐའ་ནི་རྣམ་སྒོམ་པ་༎
 सर्वक्षणाभिसमयः सर्वचित्तक्षणार्थवित् ॥ म्न्स्_१३४ ॥	སྐད་ཅིག་ཐམས་ཅད་མངོན་པར་རྟོགས་༎ སེམས་ཀྱི་སྐད་ཅིག་དོན་ཀུན་རིག་།
 नानायाननयोपाय- जगदर्थविभावकः ।	ཐེག་པ་སྣ་ཚོགས་ཐབས་ཚུལ་གྱི་༎ འགྲོ་བའི་དོན་གྱི་རྣམ་དབྱེ་ཅན་༎
 यानत्रितयनिर्यात एकयानफले स्थिथः ॥ म्न्स्_१३५ ॥	ཐེག་པ་གསུམ་གྱི་ངེས་འབྱུང་ནི་༎ ཐེག་པ་གཅིག་གི་འབྲས་བུར་གནས་༎
 क्लेशधातुविशुद्धात्मा कर्मधातुक्षयंकरः ।	ཉོན་མོངས་ཁམས་རྣམས་རྣམ་དག་བདག་།
 ओघोदधिसमुत्तीर्णो योगकान्तारनिःसृतः ॥ म्न्स्_१३६ ॥	ལས་ཀྱི་ཁམས་རྣམས་ཟད་བྱེད་པ༏་༏ཆུ་བོ་རྒྱ་མཚོ་ཀུན་ལས་རྒལ་༎ སྦྱོར་བའི་དགོན་པ་ལས་བྱུང་བ་༎
 क्लेशोपक्लेशसंक्लेश- सुप्रहीणसवासनः ।	ཉོན་མོངས་ཉེ་ཉོན་ཀུན་ཉོན་མོངས་༎ བག་ཆགས་བཅས་པ་རབ་སྤངས་པ་༎
 प्रज्ञोपायमहाकरुणा अमोघजगदर्थकृत् ॥ म्न्स्_१३७ ॥	སྙིང་རྗེ་ཆེན་པོ་ཤེས་རབ་ཐབས་༎ དོན་ཡོད་འགྲོ་བའི་དོན་མཛད་པ་༎ འདུ་ཤེས་ཐམས་ཅད་རབ་སྤངས་དོན་༎
 सर्वसंज्ञाप्रहीणार्थो विज्ञानार्थो निरोधकृत् ।	རྣམ་ཤེས་དོན་ནི་འགོག་པ་འཆང་༎
 सर्वसत्त्वमनोविषयः सर्वसत्त्वमनोगतिः ॥ म्न्स्_१३८ ॥	སེམས་ཅན་ཀུན་གྱི་ཡིད་ཀྱི་ཡུལ་༎ སེམས་ཅན་ཀུན་གྱི་ཡིད་གནས་པ་༎ སེམས་ཅན་ཀུན་༄༡༠བ་གྱི་ཡིད་ན་གནས་༎
 सर्वसत्त्वमनोऽन्तस्थस् तच्चित्तसमतां गतः ।	དེ་དག་སེམས་དང་མཉམ་ཉིད་སོན་༎
 सर्वसत्त्वमनोह्लादी सर्वसत्त्वमनोरतिः ॥ म्न्स्_१३९ ॥	སེམས་ཅན་ཀུན་ཡིད་ཚིམ་པར་བྱེད་༎ སེམས་ཅན་ཀུན་གྱི་ཡིད་དགའ་བ་༎ གྲུབ་མཐའ་འཁྲུལ་པ་ལྡན་པ་མིན་༎
 सिद्धान्तो विभ्रमापेतः सर्वभ्रान्तिविवर्जितः ।	འཁྲུལ་པ་ཐམས་ཅད་རྣམ་པར་སྤངས་༎
 निःसंदिग्धमतिस् त्र्यर्थः सर्वार्थस् त्रिगुणात्मकः ॥ म्न्स्_१४० ॥	དོན་གསུམ་ཐེ་ཚོམ་མེད་པའི་བློ་༎ ཀུན་དོན་ཡོན་ཏན་གསུམ་གྱི་བདག་༎
 पञ्चस्कन्धार्थस् त्रिकालः सर्वक्षणविभावकः ।	དུས་གསུམ་ཕུང་པོ་ལྔ་ཡི་དོན་༎ སྐད་ཅིག་ཐམས་ཅད་རྣམ་སྒོམ་པ་༎
 एकक्षणाभिसंबुद्धः सर्वबुद्धस्वभावधृक् ॥ म्न्स्_१४१ ॥	སྐད་ཅིག་གཅིག་མངོན་རྫོགས་སངས་རྒྱས་༎ སངས་རྒྱས་ཀུན་གྱི་རང་བཞིན་འཆང་༎
 अनङ्गकायः कायाग्र्यः कायकोटिविभावकः ।	ལུས་མེད་སྐུས་ཏེ་སྐུ་ཡི་མཆོག་། སྐུ་ནི་བྱེ་བ་རྣམ་པར་འགྱེད་༎ གཟུགས་རྣམས་མ་ལུས་ཀུན་ཏུ་སྟོན་༎
 अशेषरूपसन्दर्शी रत्नकेतुर् महामणिः ॥ म्न्स्_१४२ ॥ इति समताज्ञानतथाश्चतुर्विंशतिः ।	སྣོར་བུ་ཆེན་པོ་རིན་ཆེན་ཏོག་།
 सर्वसंबुद्धबोद्धव्यो बुद्धबोधिर् अनुत्तरः ।	སངས་རྒྱས་ཀུན་གྱིས་རྟོགས་བྱ་བ་༎ སངས་རྒྱས་བྱང་ཆུབ་བླ་ན་མེད་༎
 अनक्षरो मन्त्रयोनिर् महामन्त्रकुलत्रयः ॥ म्न्स्_१४३ ॥	གསང་སྔགས་སྐྱེ་གནས་ཡི་གེ་མེད་༎ གསང་སྔགས་ཆེན་པོ་རིགས་གསུམ་པ་༎
 सर्वमन्त्रार्थजनको महाबिन्दुर् अनक्षरः ।	གསང་སྔགས་དོན་ཀུན་སྐྱེད་པ་པོ་༎ ཐིག་ལེ་ཆེན་པོ་ཡི་གེ་མེད་༎
 पञ्चाक्षरो महाशून्यो बिन्दुशून्यः षडक्षरः ॥ म्न्स्_१४४ ॥	སྟོང་པ་ཆེན་པོ་ཡི་གེ་ལྔ་༎ ཐིག་ལེ་སྟོང་པ་ཡི་གེ་དྲུག་།
 सर्वाकारो निराकारः षोडशार्धार्धबिन्दुधृक् ।	རྣམ་པ་ཐམས་ཅད་རྣམ་པ་མེད་༎ བཅུ་དྲུག་ཕྱེད་ཕྱེད་ཐིག་ལེ་ཅན་༎ ཆ་མེད་ཆ་ལྡན་ལས་འདས་པ་༎
 अकलः कलनातीतश् चतुर्थध्यानकोटिधृक् ॥ म्न्स्_१४५ ॥	བསམ་གཏན་བཞི་པའི་རྩེ་མོ་འཆང་༎
 सर्वध्यानकलाभिज्ञाः समाधिकुलगोत्रवित् ।	བསམ་གཏན་ཡན་ལག་ཀུན་ཤེས་ཤིང་༎ ཏིང་འཛིན་རིག་དང་རྒྱུད་རིག་པ་༎
 समाधिकायः कायाग्र्यः सर्वसंभोगकायराट् ॥ म्न्स्_१४६ ॥	ཏིང་འཛིན་སྐུ་སྟེ་སྐུ་ཡི་མཆོག་། ལོངས་སྤྱོད་རྫོགས་སྐུ་ཀུན་གྱི་རྒྱལ་༎
 निर्माणकायः कायान्ग्र्यो बुद्धनिर्माणवंशधृक् ।	སྤྲུལ་པའི་སྐུ་སྟེ་སྐུ་ཡི་མཆོག་། སངས་རྒྱས་སྤྲུལ་པའི་རྒྱུད་འཆང་བ་༎
 दशदिग्विश्वनिर्माणो यथावज् जगदर्थकृत् ॥ म्न्स्_१४७ ॥	ཕྱོགས་བཅུར་སྤྲུལ་པ་སྣ་ཚོགས་འགྱེད་༎ ཇི་བཞིན་འགྲོ་བའི་དོན་བྱེད་པ་༎
 देवातिदेवो देवेन्द्रः सुरेन्द्रो दानवाधिपः । अमरेन्द्रः सुरगुरुः प्रमथः प्रमथेश्वरः ॥ म्न्स्_१४८ ॥	ལྷ་ཡི་དབང་པོ་ལྷ་ཡི་ལྷ་༎ ལྷ་མིན་དབང་པོ་སྦྱིན་བྱེད་བདག་། ༄༡༡ཨ་༌༎ ལྷ་ཡི་བླ་མ་འཆི་མེད་དབང་༎ རབ་འཇོམས་རབ་འཇོམས་དབང་ཕྱུག་པོ་༎
 उत्तीर्णभवकान्तार एकः शास्ता जगद्गुरुः ।	སྲིད་པའི་དགོན་པ་ལས་རྒལ་བ་༎ སྟོན་པ་གཅིག་པུ་འགྲོ་བའི་བླ་༎
 प्रख्यातदशदिग्लोको धर्मदानपतिर् महान् ॥ म्न्स्_१४९ ॥	འཇིག་རྟེན་ཕྱོགས་བཅུར་རབ་གྲགས་པ་༎ ཆོས་ཀྱི་སྦྱིན་བདག་ཆེ་བ་པོ་༎
 मैत्रीसन्नहसन्नद्धः करुणावर्मवर्मितः ।	བྱམས་པའི་གོ་ཆ་ཆས་པ་སྟེ་༎ སྙིང་རྗེ་ཡི་ནི་ཡ་ལད་བགོས་༎
 प्रज्ञाखड्गधनुर्बाणः क्लेशाज्ञानरणंजहः ॥ म्न्स्_१५० ॥	ཤེས་རབ་རལ་གྲི་མདའ་གཞུ་ཐོགས་༎ ཉོན་མོངས་མི་ཤེས་ག-ཡུལ་ངོ་སེལ༏་༏དཔའ་བོ་བདུད་དགྲ་བདུད་འདུལ་བ་༎
 मारारिर् मारजिद् वीरश् चतुर्मारभयान्तकृत् ।	བདུད་བཞིའི་འཇིགས་པ་མཐར་བྱེད་པ་༎ བདུད་དཔུང་ཐམས་ཅད་ཕམ་པར་བྱེད་༎
 सर्वमारचमूजेता संबुद्धो लोकनायकः ॥ म्न्स्_१५१ ॥	རྫོགས་པའི་སངས་རྒྱས་འཇིག་རྟེན་འདྲེན་༎ མཆོད་འོས་བསྟོད་འོས་ཕྱག་གི་གནས་༎ རྟག་ཏུ་རིམ་གྲོ་བྱ་བའི་འོས་༎
 वन्द्यः पूज्यो ऽभिवाद्यश् च माननीयश् च नित्यशः ।	བཀུར་འོས་རྗེད་པར་བྱ་བའི་མཆོག་།
 अर्चनीयतमो मान्यो नमस्यः परमो गुरुः ॥ म्न्स्_१५२ ॥	ཕྱག་བྱར་འོས་པ་བླ་མའི་མཆོག་།
 त्रैलोक्यैकक्रमगतिर् व्योमपर्य्यन्तविक्रमः ।	འཇིག་རྟེན་གསུམ་པོ་གོམ་གཅིག་བགྲོད་༎ ནམ་མཁའ་མཐའ་མེད་རྣམ་པར་གནོན་༎
 त्रैविद्यः श्रोत्रियः पूतः षडभिज्ञः षडनुस्मृतिः ॥ म्न्स्_१५३ ॥	གསུམ་རིག་གཙང་མ་དག་པ་སྟེ་༎ མངོན་ཤེས་དྲུག་ལྡན་རྗེས་དྲན་དྲུག་།
 बोधिसत्त्वो महासत्त्वो लोकातीतो महर्द्धिकः ।	བྱང་ཆུབ་སེམས་དཔའ་སེམས་དཔའ་ཆེ་༎ རྫུ་འཕྲུལ་ཆེན་པོ་འཇིག་རྟེན་འདས༏་༏ཤེས་རབ་ཕ་རོལ་ཕྱིན་པའི་མཐའ༎
 प्रज्ञापारमितानिष्ठः प्रज्ञातत्त्वत्वम् आगतः ॥ म्न्स्_१५४ ॥	ཤེས་རབ་ཀྱི་ནི་དེ་ཉིད་ཐོབ་༎ བདག་རིག་གཞན་རིག་ཐམས་ཅད་པ་༎
 आत्मवित् परवित् सर्वः सवीर्यो ह्य् अग्रपुद्गलः ।	ཀུན་ལ་ཕན་པ་གང་ཟག་མཆོག་། འཇིག་རྟེན་དཔེ་ལས་འདས་པ་སྟེ་༎
 सर्वोपमाम् अतिक्रान्तो ज्ञेयो ज्ञानाधिपः परः ॥ म्न्स्_१५५ ॥	ཤེས་དང་ཤེས་བྱའི་བདག་པོ་མཆོག་།
 धर्मदानपतिः श्रेष्ठश् चतुर्मुद्रार्थदेशकः ।	གཙོ་པོ་ཆོས་ཀྱི་སྦྱིན་པའི་བདག་། ཕྱག་རྒྱ་བཞི་པོའི་དོན་སྟོན་པ་༎ འགྲོ་བའི་བསྙེན་བཀུར་གནས་ཀྱི་མཆོག་།
 पर्युपास्यतमो जगतां निर्याणत्रययायिनाम् ॥ म्न्स्_१५६ ॥	ངེས་འབྱུང་གསུམ་པོ་བགྲོད་རྣམས་༄༡༡བ་ཀྱི༏་༏དོན་གྱི་དམ་པ་རྣམ་དག་དཔལ་༎
 परमार्थविशुद्धश्रीस् त्रैलोक्यसुभगो महान् ।	འཇིག་རྟེན་གསུམ་གྱི་སྐལ་བཟང་ཆེ་༎
 सर्वसम्पत्करः श्रीमान् मञ्जुश्रीः श्रीमतां वरः ॥ म्न्स्_१५७ ॥ इति कृत्यानुष्ठानज्ञानगाथाः पञ्चदशः ।	དཔལ་ལྡན་འབྱོར་པ་ཀུན་བྱེད་པ་༎ འཇམ་དཔལ་དཔལ་དང་ལྡན་པའི་མཆོག་།
 नमस् ते वरदवज्राग्र्य भूतकोटे नमो ऽस्तु ते ।	མཆོག་སྦྱིན་རྡོ་རྗེ་མཆོག་ཁྱོད་འདུད་༎ ཡང་དག་མཐར་གྱུར་ཁྱོད་ལ་འདུད་༎
 नमस् ते शून्यतागर्भ बुद्धबोधे नमोस्तु ते ॥ म्न्स्_१५८ ॥	སྟོང་ཉིད་སྙིང་པོ་ཁྱོད་ལ་འདུད་༎ སངས་རྒྱས་བྱང་ཆུབ་ཁྱོད་ལ་འདུད་༎
 बुद्धराग नमस् ते ऽस्तु बुद्धकाम नमो नमः ।	སངས་རྒྱས་ཆགས་པ་ཁྱོད་ལ་འདུད་༎ སངས་རྒྱས་འདོད་ལ་ཕྱག་འཚལ་འདུད་༎ སངས་རྒྱས་དགྱེས་པ་ཁྱོད་ལ་འདུད་༎
 बुद्धप्रीते नमस् तुभ्यं बुद्धमोद नमो नमः ॥ म्न्स्_१५९ ॥	སངས་རྒྱས་རོལ་ལ་ཕྱག་འཚལ་འདུད་༎ སངས་རྒྱས་འཛུམ་པ་ཁྱོད་ལ་འདུད་༎
 बुद्धस्मित नमस् तुभ्यं बुद्धहास नमो नमः ।	སངས་རྒྱས་སྣང་ལ་ཕྱག་འཚལ་འདུད་༎
 बुद्धवाच नमस् तुभ्यं बुद्धभाव नमो नमः ॥ म्न्स्_१६० ॥	སངས་རྒྱས་གསུང་བ་ཁྱོད་ལ་འདུད་༎ སངས་རྒྱས་ཐུགས་ལ་ཕྱག་འཚལ་འདུད་༎ དངོས་མེད་ལས་བྱུང་ཁྱོད་ལ་འདུད་༎
 अभवोद्भव नमस् तुभ्यं नमस् ते बुद्धसंभव ।	སངས་རྒྱས་འབྱུང་བ་ཁྱོད་ལ་འདུད་༎
 गगनोद्भव नमस् तुभ्यं नमस् ते ज्ञानसंभव ॥ म्न्स्_१६१ ॥	ནམ་མཁའ་ལས་བྱུང་ཁྱོད་ལ་འདུད་༎ ཡེ་ཤེས་ལས་བྱུང་ཁྱོད་ལ་འདུད་༎
 मायाजाल नमस् तुभ्यं नमस् ते बुद्धनाटक ।	སྒྱུ་འཕྲུལ་དྲ་བ་ཁྱོད་ལ་འདུད་༎ སངས་རྒྱས་གར་མཛད་ཁྱོད་ལ་འདུད་༎
 नमस् ते सर्वसर्वेभ्यो ज्ञानकाय नमो ऽस्तु ते ॥ म्न्स्_१६२ ॥ [॥।]	ཐམས་ཅད་ཐམས་ཅད་ཁྱོད་ལ་འདུད་༎ ཡེ་ཤེས་སྐུ་ཉིད་ཁྱོད་ལ་འདུད་༎
 इयमसौ वज्रपाणेः वज्रधरभगवतो ज्ञानमूर्तेः सर्वतथागतज्ञानकायस्य मञ्जुश्रीज्ञानसत्त्वस्यावेणिकपरिशुद्धा नामसंगितिस्तवानुत्तरप्रीतिप्रासादमहोद्विल्य	ལག་ན་རྡོ་རྗེ་རྡོ་རྗེ་འཆང་། འདི་ནི་། བཅོམ་ལྡན་འདས་ཀྱི་ཡེ་ཤེས་ཀྱི་སྐུ་དང་། དེ་བཞིན་གཤེགས་པ་ཐམས་ཅད་ཀྱི་ཡེ་ཤེས་ཀྱི་སྐུ་དང་། འཇམ་དཔལ་ཡེ་ཤེས་སེམས་དཔའི་མ་འདྲེས་པ་ཡོངས་སུ་དག་པའི་མཚན་ཡང་དག་པར་བརྗོད་པའོ་༎
 कायवाङ्मनोगुह्यपरिशुद्ध्यै,	ཁྱོད་ཀྱི་བླ་ན་མེད་པའི་དགའ་བ་དང་རབ་ཏུ་དང་བ་དང་མགུ་བ་ཆེན་པོ་ཡང་དག་པར་བསྐྱེད་པའི་དོན་དང་། སྐུ་དང་གསུང་དང་ཐུགས་ཀྱི་གསང་བ་ཡོངས་སུ་དག་པའི་ཕྱིར་དང་། ཡོངས་སུ་མ་༄༡༢ཨ་༌༎
 अपरिपूर्णपरिशुद्धभूमिपरिमितापुण्यज्ञानसंभारपरिपूरिपरिशुद्ध्यै, अनधिगतानुत्तरार्थस्याधिगमाय, अप्राप्तस्य प्राप्त्यै,	རྫོགས་པ་དང་ཡོངས་སུ་མ་དག་པའི་ས་དང་ཕ་རོལ་ཏུ་ཕྱིན་པ་དང་བསོད་ནམས་དང་ཡེ་ཤེས་ཀྱི་ཚོགས་ཡོངས་སུ་རྫོགས་པ་དང་ཡོངས་སུ་དག་པའི་ཕྱིར་དང་། བླ་ན་མེད་བའི་དོན་ལྷག་པར་མ་རྟོགས་པ་ལྷག་པར་རྟོགས་པའི་ཕྱིར་དང་། མ་ཐོབ་པ་ཐོབ་པའི་ཕྱིར་དང་། ཇི་སྲིད་དེ་བཞིན་གཤེགས་པ་ཐམས་ཅད་ཀྱི་དམ་པའི་ཆོས་ཀྱི་ཚུལ་ཡང་དག་པར་གཟུང་བའི་དོན་དུ་ཡང་བདག་གིས་བསྟན་པ་དང་། ཡང་དག་པར་རབ་ཏུ་བཤད་པ་དང་། རྣམ་པར་བཀྲོལ་བ་དང་། རྣམ་པར་ཕྱེ་བ་དང་། རབ་ཏུ་གསལ་བར་བྱས་པ་དང་། བྱིན་གྱིས་བརླབས་པའོ་༎ ལག་ན་རྡོ་རྗེ་རྡོ་རྗེ་འཆང་། འདི་ནི་།
 यावत्सर्वतथागतसर्वधर्मनेत्रीसंधारणार्थं च मया देशिता,	ངས་ཁྱོད་ཀྱི་རྒྱུད་ལ་སྔགས་ཀྱི་ཆོས་ཉིད་ཐམས་ཅད་ཀྱི་བྱིན་གྱི་རླབས་ཀྱིས་བྱིན་གྱིས་བརླབས་པའོ་༎ འདི་ནི་། འཁོར་ལོ་དང་པོའི་རྗེས་སུ་བསྔགས་པ་བཅུ་གཅིག་གོ་༎ གཞན་ཡང་ལག་ན་རྡོ་རྗེ་རྡོ་རྗེ་འཆང་། མཚན་ཡང་དག་པར་བརྗོད་པ་འདི་ནི་། ཤིན་ཏུ་ཡོངས་སུ་དག་པ་།
 संप्रकाशिता,	ཡོངས་སུ་བྱང་བ་། ཐམས་ཅད་མཁྱེན་པའི་ཡེ་ཤེས་དང་། སྐུ་དང་གསུང་དང་ཐུགས་ཀྱི་གསང་བར་གྱུར་བའོ་༎ དེ་བཞིན་གཤེགས་པ་ཐམས་ཅད་ཀྱི་སངས་རྒྱས་ཀྱི་བྱང་ཆུབ་པའོ་༎ ཡང་དག་པར་རྫོགས་པའི་སངས་རྒྱས་རྣམས་ཀྱི་མངོན་པར་རྟོགས་པའོ་༎ དེ་བཞིན་གཤེགས་པ་ཐམས་ཅད་ཀྱི་བླ་ན་མེད་པའོ་༎ བདེ་བར་གཤེགས་པ་ཐམས་ཅད་ཀྱི་ཆོས་ཀྱི་དབྱིངས་རྟོགས་པའོ་༎ རྒྱལ་བ་རྣམས་ཀྱི་བདུད་ཀྱི་༄༡༢བ་སྟོབས་ཐམས་ཅད་ཕམ་པར་བྱེད་པའོ་༎ སྟོབས་བཅུ་དང་ལྡན་པ་ཐམས་ཅད་ཀྱི་སྟོབས་བཅུའི་སྟོབས་སུ་གྱུར་པའོ་༎ ཐམས་ཅད་མཁྱེན་པའི་ཡེ་ཤེས་རྣམས་ཀྱི་ཐམས་ཅད་མཁྱེན་པའོ་༎ ཆོས་ཐམས་ཅད་ཀྱི་ལུང་ངོ་༎ སངས་རྒྱས་ཐམས་ཅད་ཀྱི་ཡང་དག་པར་ཀུན་ཆུབ་པའོ་༎ བྱང་ཆུབ་སེམས་དཔའ་སེམས་དཔའ་ཆེན་པོ་ཐམས་ཅད་ཀྱི་དྲི་མ་མེད་པ་ཤིན་ཏུ་ཡོངས་སུ་དག་པ་། བསོད་ནམས་དང་ཡེ་ཤེས་ཀྱི་ཚོགས་ཡོངས་སུ་རྫོགས་པའོ་༎ ཉན་ཐོས་དང་རང་སངས་རྒྱས་ཐམས་ཅད་ཀྱི་རབ་ཏུ་སྐྱེ་བའོ་༎ ལྷ་དང་མི་ཐམས་ཅད་ཀྱི་ཕུན་སུམ་ཚོགས་པའི་ཞིང་ངོ་༎ ཐེག་པ་ཆེན་པོའི་རབ་ཏུ་གནས་པའོ་༎ བྱང་ཆུབ་སེམས་དཔའི་སྤྱོད་པའི་འབྱུང་ཁུངས་སོ་༎ འཕགས་པའི་ལམ་ཡང་དག་པའི་མཐར་ཐུག་པའོ་༎ རྣམ་པར་གྲོལ་བ་རྣམས་ཀྱི་བརྟག་པའོ་༎ ངེས་པར་འབྱུང་བའི་ལམ་གྱི་སྐྱེད་པའོ་༎ དེ་བཞིན་གཤེགས་པའི་གདུང་གི་རྒྱུན་མི་འཆད་པའོ་༎ བྱང་ཆུབ་སེམས་དཔའ་ཆེན་པོའི་རིགས་དང་རྒྱུད་རབ་ཏུ་འཕེལ་བའོ་༎ ཕས་ཀྱི་རྒོལ་བ་ཐམས་ཅད་ཀྱི་ཚར་གཅོད་པའོ་༎ མུ་སྟེགས་པ་ཐམས་ཅད་ཀྱི་རྣམ་པར་འཇོམས་པའོ་༎ བདུད་བཞིའི་སྟོབས་དང་དཔུང་དང་སྡེ་རྣམས་ཀྱི་ཕམ་པར་བྱེད་པའོ་༎ སེམས་ཅན་ཐམས་ཅད་ཀྱི་ཡང་དག་པར་། སྡང་པའོ་༎ ངེས་པར་འབྱུང་བས་བགྲོད་པ་ཐམས་ཅད་ཀྱི་འཕགས་པའི་ལམ་ཡོངས་སུ་སྨིན་པའོ་༎ ཚངས་པའི་གནས་བཞི་ལ་གནས་པ་རྣམས་ཀྱི་ཏིང་ངེ་འཛིན་ནོ་༎ སེམས་རྩེ་གཅིག་བ་༄༡༣ཨ་༌༎ རྣམས་ཀྱི་བསམ་གཏན་ནོ་༎ ལུས་དང་ངག་དང་ཡིད་མངོན་པར་སྦྱོར་བ་རྣམས་ཀྱི་རྣལ་འབྱོར་རོ་༎ ཡང་དག་པར་སྦྱོར་པ་ཐམས་ཅད་ཀུན་ཏུ་སྦྱོར་བ་དང་བྲལ་བའོ་༎ ཉོན་མོངས་པ་དང་ཉེ་བའི་ཉོན་མོངས་པ་ཐམས་ཅད་ཀྱི་སྤོང་བའོ་༎ སྒྲིབ་པ་ཐམས་ཅད་ཀྱི་ཉེ་བར་ཞི་བའོ་༎ འཆིང་བ་ཐམས་ཅད་ཀྱི་རྣམ་པར་གྲོལ་བའོ་༎ ལྷག་མ་ཐམས་ཅད་ཀྱི་ཐར་པའོ་༎ སེམས་ཉེ་བར་འཕྲོ་བ་ཐམས་ཅད་ཀྱི་ཞི་བའོ་༎ འབྱོར་པ་ཐམས་ཅད་ཀྱི་འབྱུང་གནས་སོ་༎ རྒུད་པ་ཐམས་ཅད་ཀྱི་རབ་ཏུ་འཇོམས་པའོ་༎ ངན་སོང་གི་སྒོ་ཐམས་ཅད་ཀྱི་འགེབས་པའོ་༎ རྣམ་པར་གྲོལ་བའི་གྲོང་ཁྱེར་གྱི་ལམ་དམ་པའོ་༎ འཁོར་བའི་འཁོར་ལོའི་རབ་ཏུ་མི་འཇུག་པའོ་༎ ཆོས་ཀྱི་འཁོར་ལོའི་རབ་ཏུ་བསྐོར་བའོ་༎ དེ་བཞིན་གཤེགས་པའི་བསྟན་པའི་གདུགས་དང་རྒྱལ་མཚན་དང་བ་དན་རབ་ཏུ་སྒྲེང་བའོ་༎ དམ་བའི་ཆོས་སྟོན་པའི་ལྷག་པར་གནས་པའོ་༎ བྱང་ཆུབ་སེམས་དཔའི་སྔགས་ཀྱི་སྒོའི་སྤྱོད་པ་རྣམས་ཀྱི་མྱུར་དུ་གྲུབ་པའོ་༎ ཤེས་རབ་ཀྱི་ཕ་རོལ་ཏུ་ཕྱིན་པ་རྣམས་ལ་མངོན་པར་སྦྱོར་བ་རྣམས་ཀྱི་སྒོམ་པར་ལྷག་པར་རྟོགས་པའོ་༎ གཉིས་སུ་མེད་པ་སོ་སོར་རྟོག་པར་སྒོམ་པ་མངོན་པར་སྦྱོར་བ་རྣམས་ཀྱི་སྟོང་པ་ཉིད་སོ་སོར་རྟོགས་པའོ་༎ ཕ་རོལ་ཏུ་ཕྱིན་པ་དང་ཚོགས་ཐམས་ཅད་ཀྱི་སྐྱེད་པའོ་༎ ཡོངས་སུ་དག་པའི་ས་དང་ཕ་རོལ་ཏུ་ཕྱིན་པ་ཐམས་ཅད་ཀྱི་ཡོངས་སུ་རྫོགས་པའོ་༎ ཡང་དག་པའི་འཕགས་༄༡༣བ་པའི་བདེན་པ་བཞི་པོ་རྣམས་ཀྱི་སོ་སོར་རྟོག་པའོ་༎ དྲན་པ་ཉེ་པར་གཞག་པ་བཞི་པོ་རྣམས་ཀྱི་ཆོས་ཐམས་ཅད་གཅིག་པའི་སེམས་སོ་སོར་རྟོགས་པའོ་༎ མཚན་ཡང་དག་པར་བརྗོད་པ་འདི་ནི་། ཇི་སྲིད་སངས་རྒྱས་ཀྱི་ཡོན་ཏན་ཐམས་ཅད་ཀྱི་ཡོངས་སུ་རྫོགས་པའི་བར་རོ་༎ འདི་ནི་། འཁོར་ལོ་གཉིས་པའི་རྗེས་སུ་བསྔགས་པ་ལྔ་བཅུ་རྩ་གཉིས་སོ་༎ གཞན་ཡང་ལག་ན་རྡོ་རྗེ་རྡོ་རྗེ་འཆང་། མཚན་ཡང་དག་པར་བརྗོད་པ་འདི་ནི་། སེམས་ཅན་ཐམས་ཅད་ཀྱི་ལུས་དང་ངག་དང་ཡིད་ཀྱིས་ཀུན་ཏུ་སྤྱད་པའི་སྡིག་པ་མ་ལུས་པ་རབ་ཏུ་ཞི་བར་བྱེད་པའོ་༎ སེམས་ཅན་ཐམས་ཅད་ཀྱི་ངན་སོང་ཐམས་ཅད་རྣམ་པར་སྦྱོང་བའོ་༎ ངན་འགྲོ་ཐམས་ཅད་ཟློག་པའོ་༎ ལས་ཀྱི་སྒྲིབ་པ་ཐམས་ཅད་ཡང་དག་པར་གཅོད་པའོ་༎ མི་ཁོམ་པ་བརྒྱད་དུ་སྐྱེ་བར་འགྱུར་བ་ཐམས་ཅད་མི་སྐྱེ་བར་བྱེད་པའོ་༎ འཇིགས་པ་ཆེན་པོ་བརྒྱད་ཉེ་བར་ཞི་བར་བྱེད་པའོ་༎ རྨི་ལམ་ངན་པ་ཐམས་ཅད་ངེས་པར་སེལ་བའོ་༎ མཚན་མ་ངན་པ་ཐམས་ཅད་རྣམ་པར་སེལ་བར་བྱེད་པའོ་༎ ལྟས་ངན་པ་དང་བགེགས་ཐམས་ཅད་ཉེ་བར་ཞི་བར་བྱེད་པའོ་༎ བདུད་ཀྱི་དགྲའི་ལས་ཐམས་ཅད་ཐག་རིང་དུ་བྱེད་པའོ་༎ དགེ་བའི་རྩ་བ་དང་བསོད་ནམས་ཐམས་ཅད་ཉེ་བར་འཕེལ་བར་བྱེད་པའོ་༎ ཚུལ་བཞིན་མ་ཡིན་པའི་ཡིད་ལ་བྱེད་པ་ཐམས་ཅད་མི་སྐྱེ་བར་བྱེད་པའོ་༎ རྒྱགས་བ་དང་ང་རྒྱལ་དང་དྲེགས་པ་དང་ངར་འཛིན་པ་ཐམས་ཅད་ངེས་པར་འཇོམས་པར་བྱེད་པའོ་༎ སྡུག་བསྔལ་དང་ཡིད་མི་༄༡༤ཨ་༌༎ བདེ་བ་ཐམས་ཅད་མི་སྐྱེ་བར་བྱེད་པའོ་༎ དེ་བཞིན་གཤེགས་པ་ཐམས་ཅད་ཀྱི་སྙིང་པོར་གྱུར་པའོ་༎ བྱང་ཆུབ་སེམས་དཔའ་ཐམས་ཅད་ཀྱི་གསང་བར་གྱུར་པའོ་༎ ཉན་ཐོས་དང་རང་སངས་རྒྱས་ཐམས་ཅད་ཀྱི་གསང་ཆེན་དུ་གྱུར་པའོ་༎ ཕྱག་རྒྱ་དང་སྔགས་ཐམས་ཅད་དུ་གྱུར་པའོ་༎ ཆོས་ཐམས་ཅད་བརྗོད་དུ་མེད་པར་སྨྲ་བ་རྣམས་ཀྱི་དྲན་པ་དང་ཤེས་བཞིན་ཡང་དག་པར་སྐྱེད་པའོ་༎ བླ་ན་མེད་པའི་ཤེས་རབ་དང་ཡིད་གཞུང་པར་བྱེད་པའོ་༎ ནད་མེད་པ་དང་སྟོབས་དང་དབང་ཕྱུག་ཕུན་སུམ་ཚོགས་པར་བྱེད་པའོ་༎ དཔལ་དང་དགེ་བ་དང་ཞི་བ་དང་ལེགས་པ་རབ་ཏུ་འཕེལ་བར་བྱེད་པའོ་༎ གྲགས་པ་དང་སྙན་པ་དང་ཚིགས་སུ་བཅད་པ་དང་བསྟོད་པ་རབ་ཏུ་གསལ་བར་བྱེད་པའོ་༎ ནད་དང་འཇིགས་པ་ཆེན་པོ་ཐམས་ཅད་ཉེ་བར་ཞི་བར་བྱེད་པའོ་༎ ཤིན་ཏུ་དག་པ་རྣམས་ཀྱི་ཤིན་ཏུ་དག་པའོ་༎ ཤིན་ཏུ་གཙང་བ་རྣམས་ཀྱི་ཤིན་ཏུ་གཙང་བའོ་༎ ཤིན་ཏུ་འབྱོར་ལྡན་རྣམས་ཀྱི་ཤིན་ཏུ་འབྱོར་ལྡན་ནོ༏་༏ཤིན་ཏུ་བཀྲ་ཤིས་པ་རྣམས་ཀྱི་ཤིན་ཏུ་བཀྲ་ཤིས་པའོ་༎ སྐྱབས་འདོད་པ་རྣམས་ཀྱི་སྐྱབས་སོ་༎ གནས་འདོད་པ་རྣམས་ཀྱི་གནས་སོ་༎ སྐྱོབ་པ་འདོད་པ་རྣམས་ཀྱི་སྐྱོབ་པའོ་༎ དཔུང་གཉེན་མེད་པ་རྣམས་ཀྱི་དཔུང་གཉེན་ནོ་༎ གླིང་འདོད་པ་རྣམས་ཀྱི་གླིང་དུ་གྱུར་པའོ་༎ རྟེན་འདོད་པ་རྣམས་ཀྱི་བླ་ན་མེད་པའི་རྟེན་དུ་གྱུར་པའོ་༎ སྲིད་པའི་རྒྱ་མཚོའི་ང་རོལ་ཏུ་འགྲོ་༄༡༤བ་བ་རྣམས་ཀྱི་གྲུར་གྱུར་པའོ་༎ ནད་ཐམས་ཅད་ངེས་པར་འཇོམས་པའི་ཕྱིར་སྨན་པའི་རྒྱལ་པོ་ཆེན་པོར་གྱུར་པའོ་༎ བླང་བར་བྱ་བ་དང་དོར་བར་བྱ་བའི་དངོས་པོ་རྣམ་པར་དབྱེ་བའི་ཕྱིར་ཤེས་རབ་ཏུ་གྱུར་པའོ་༎ ལྟ་བ་ངན་པའི་མུན་པའི་སྨག་རུམ་ཐམས་ཅད་བསལ་བའི་ཕྱིར་ཡེ་ཤེས་ཀྱི་སྣང་བར་པའོ་༎ གྱུར་པའོ་༎ སེམས་ཅན་ཐམས་ཅད་ཀྱི་བསམ་པ་དང་འདོད་པ་ཇི་ལྟ་བ་བཞིན་དུ་ཡོངས་སུ་རྫོགས་པའི་ཕྱིར་ཡིད་བཞིན་གྱི་ནོར་བུར་པའོ་༎ གྱུར་པའོ་༎ 
 विवृता,	གྱུར་པའོ་༎ འཇམ་དཔལ་གྱི་ཡེ་ཤེས་ཀྱི་སྐུ་རབ་ཏུ་ཐོབ་པའི་ཕྱིར་ཐམས་ཅད་མཁྱེན་པའི་ཡེ་ཤེས་སུ་གྱུར་པའོ་༎ སྤྱན་ལྔ་རབ་ཏུ་ཐོབ་པའི་ཕྱིར་ཡོངས་སུ་དག་པའི་ཡེ་ཤེས་གཟིགས་པར་གྱུར་པའོ་༎ ཟང་ཟིང་དང་མི་འཇིགས་པ་དང་ཆོས་ཀྱི་སྦྱིན་པ་རབ་ཏུ་གཏོང་པ་ཉིད་ཀྱིས་ཕ་རོལ་ཏུ་ཕྱིན་པ་དྲུག་ཡོངས་སུ་རྫོགས་པར་གྱུར་པའོ་༎ བསོད་ནམས་དང་ཡེ་ཤེས་ཀྱི་ཚོགས་དང་ཏིང་ངེ་འཛིན་ཡོངས་སུ་རྫོགས་པ་ཉིད་ཀྱིས་ས་བཅུ་རབ་ཏུ་ཐོབ་པར་གྱུར་པའོ་༎ གཉིས་ཀྱི་ཆོས་དང་བྲལ་བའི་ཕྱིར་གཉིས་སུ་མེད་པའི་ཆོས་ཉིད་དོ༏་༏ལྷག་པར་སྒྲོ་འདོགས་པ་དང་བྲལ་བ་ཉིད་ཀྱི་ཕྱིར་དེ་བཞིན་ཉིད་ཀྱི་རང་བཞིན་དང་གཞན་མ་ཡིན་པའི་ཆོས་ཉིད་དོ་༎ དེ་བཞིན་གཤེགས་པ་ཐམས་ཅད་ཀྱི་ཡེ་ཤེས་ཀྱི་སྐུ་ཡོངས་སུ་དག་པའི་རང་བཞིན་ཉིད་ཀྱིས་ཡང་དག་པའི་རང་བཞིན་ཉིད་དོ་༎ ལྟ་བ་ངན་པའི་ཚང་ཚིང་མ་ལུས་པ་ངེས་པར་སེལ་བ་ཉིད་ཀྱིས་རྣམ་པ་ཐམས་ཅད་ཆེན་པོ་སྟོང་པ་ཉིད་ཀྱི་རང་བཞིན་ཉིད་དོ་༎ མཚན་ཡང་དག་༄༡༥ཨ་༌༎ པར་བརྗོད་པ་འདི་ནི་། འདི་ལྟར་གཉིས་སུ་མེད་པའི་ཆོས་ཉིད་ཀྱི་དོན་དང་མིང་ཡང་དག་པར་འཛིན་པ་རབ་ཏུ་གསལ་བར་བྱེད་པ་ཉིད་ཀྱི་ས་ཆོས་ཐམས་ཅད་བརྗོད་དུ་མེད་པར་གྱུར་པའོ་༎ འདི་ནི་། འཁོར་ལོ་གསུམ་པའི་རྗེས་སུ་བསྔགས་པ་ལྔ་བཅུ་རྩ་གཉིས་སོ་༎ གཞན་ཡང་ལག་ན་རྡོ་རྗེ་རྡོ་རྗེ་འཆང་། རིགས་ཀྱི་བུའམ་རིགས་ཀྱི་བུ་མོ་གང་ལ་ལ་སྔགས་ཀྱི་སྒོའི་སྤྱོད་པ་སྤྱོད་པས་བཅོམ་ལྡན་འདས་ཡེ་ཤེས་སེམས་དཔའི་ཡེ་ཤེས་ཀྱི་སྐུ་། དེ་བཞིན་གཤེགས་པ་ཐམས་ཅད་ཀྱི་ཡེ་ཤེས་ཀྱི་སྐུ་གཉིས་སུ་མེད་པ་དོན་དམ་པའི་མཚན་ཡང་དག་པར་བརྗོད་པ་གཙུག་གི་ནོར་བུ་ཞེས་བྱ་བ་འདི་མཐའ་དག་ཡོངས་སུ་རྫོགས་པ་མ་ཚང་བ་མེད་པ་། དུམ་བུ་མ་ཡིན་པ་། ཚིགས་སུ་བཅད་པ་དང་། ཚིག་དང་། ཡི་གེ་འདི་རྣམས་ཉིད་ཀྱི་ཉི་མ་སོ་སོར་དུས་གསུམ་དུ་འཛིན་པར་བྱེད་པ་དང་། རྗོད་པར་བྱེད་པ་དང་། ཀུན་ཆུབ་པར་བྱེད་པ་དང་། ཚུལ་བཞིན་ཡིད་ལ་བྱེད་པ་དང་། གཞན་རྣམས་ལ་ཡང་དུས་ཇི་ལྟ་བར་རྒྱས་པར་ཇི་ལྟ་བ་བཞིན་རབ་ཏུ་གསལ་བར་བྱེད་པ་དང་། མཚན་གྱི་དོན་གཞན་དང་གཞན་རེ་རེ་ཞིང་ཡང་འཇམ་དཔལ་ཡེ་ཤེས་ཀྱི་སྐུ་མངོན་དུ་བྱས་ཏེ་ཡིད་རྩེ་གཅིག་པས་སྒོམ་པར་བྱེད་པ་དང་། 
 विभजितोत्तानिकृता,	དང་། ལྷག་པར་མོས་པ་དང་། དེ་ཁོ་ན་ཡིད་ལ་བྱེད་པ་དག་གིས་ཀུན་ནས་སྒོའི་གནས་པས་གནས་པ་དང་། ཆོས་ཐམས་ཅད་སོ་སོར་རྟོགས་པ་དང་། མཆོག་ཏུ་གྱུར་པ་དང་རྙོག་པ་མེད་པ་༄༡༥བ་དང་ཤེས་རབ་ཀྱིས་རྗེས་སུ་འབིགས་པ་དང་། དད་པས་ཡང་དག་པར་བགྲོད་པ་དེ་ལ་ནི་། དུས་གསུམ་དུ་དུས་མེད་པར་སངས་རྒྱས་དང་བྱང་ཆུབ་སེམས་དཔའ་ཐམས་ཅད་ཡང་དག་པར་འདུས་ཏེ་ཡང་དག་པར་གཤེགས་ཤིང་ཡང་དག་པར་བྱོན་ནས་ཆོས་ཐམས་ཅད་ཀྱི་སྒོ་རྣམས་ཉེ་བར་སྟོན་པར་འགྱུར་རོ་༎ བདག་ཉིད་སྒོམ་པ་ཉེ་བར་སྟོན་པར་བྱེད་དོ་༎
 अधिष्ठता चयं मया वज्रपाणे वज्रधर तव सन्ताने चित्ते सर्वमन्त्रधर्मताधिष्ठानेनेति ॥ म्न्स्_१६३ ॥	སངས་རྒྱས་དང་བྱང་ཆུབ་སེམས་དཔའ་ཐམས་ཅད་ཀྱི་བྱིན་གྱི་རླབས་ཀྱིས་ཀྱང་ལུས་དང་ངག་དང་ཡིད་ཀྱི་རྒྱུད་ལ་ཡང་དག་པར་བྱིན་གྱིས་རློབ་པར་བྱེད་དོ་༎ སངས་རྒྱས་དང་བྱང་ཆུབ་སེམས་དཔའ་ཐམས་ཅད་ཀྱི་རྗེས་སུ་འཛིན་པས་ཀྱང་འཛིན་པར་བྱེད་དོ་༎ བྱེད་དོ་༎ ཆོས་ཐམས་ཅད་ལ་མི་འཇིགས་པའི་སྤོབས་པ་ཡང་ཉེ་བར་སྒྲུབ་པར་བྱེད་དོ་༎ བྱེད་དོ་༎ བྱེད་དོ་༎ དགྲ་བཅོམ་པ་དང་ཉན་ཐོས་དང་རང་སངས་རྒྱས་ཐམས་ཅད་ཀྱང་འཕགས་པའི་ཆོས་ལ་སྡུག་པའི་བསམ་པ་ཉིད་ཀྱིས་བདག་གི་དངོས་པོ་ཡང་ཉེ་བར་སྟོན་བྱེད་དོ་༎ བྱེད་དོ་༎ བྱེད་དོ་༎ པར་བྱེད་དོ་༎ གདུལ་དཀའ་བ་འདུལ་བ་པོ་རྣམས་ཀྱང་ཁྲོ་བོའི་རྒྱལ་པོ་ཆེན་པོ་དང་། རྡོ་རྗེ་འཆང་ཆེན་པོ་ལ་སོགས་པ་འགྲོ་བ་ཡོངས་སུ་སྐྱོབ་པར་གྱུར་པ་གཟུགས་སྣ་ཚོགས་པའི་སྤྲུལ་པའི་སྐུ་རྣམས་ཀྱིས་མདངས་དང་སྟོབས་དང་གཟི་བརྗིད་ཟིལ་གྱིས་མི་གནོན་པ་ཉིད་དང་། སྔགས་དང་། ཕྱག་རྒྱ་དང་། མངོན་པར་རྫོགས་པ་དང་། དཀྱིལ་འཁོར་རྣམས་ཉེ་བར་སྟོན་པར་བྱེད་དོ་༎ སྔགས་དང་རིག་པའི་རྒྱལ་པོ་མ་ལུས་པ་དང་། བགེགས་དང་ལོག་འདྲེན་དང་བདུད་དང་དགྲ་ཕྱིར་རྒོལ་བ་དང་གཞན་གྱིས་མི་ཐུབ་པ་༄༡༦ཨ་༌༎ ཆེན་པོ་ཐམས་ཅད་ཀྱང་མཚན་མོ་དང་ཉིན་མོར་བཅས་པར་སྐད་ཅིག་སོ་སོར་སྤྱོད་པ་ཐམས་ཅད་དང་། ལམ་རྣམས་སུ་སྲུང་བ་དང་སྐྱོབ་པ་དང་སྦེད་པར་བྱེད་དོ་༎ ཚངས་པ་དང་དབང་པོ་དང་ཉེ་དབང་དང་དྲག་པོ་དང་སྲེད་མེད་ཀྱི་བུ་དང་ཀུན་འགྱེད་གཞོན་ནུ་དང་དབང་ཕྱུག་ཆེན་པོ་དང་སྨིན་དྲུག་གི་བུ་དང་ནག་པོ་ཆེན་པོ་དང་དགའ་བྱེད་དབང་ཕྱུག་དང་གཤིན་རྗེ་དང་ཆུ་ལྷ་དང་ལུས་ངན་དང་འཕྲོག་མ་དང་ཕྱོགས་བཅུའི་འཇིག་རྟེན་སྐྱོང་བ་གང་ཡིན་པ་དེ་དག་ཐམས་ཅད་ཀྱང་རྟག་པར་རྒྱུན་དུ་མཚན་མོ་དང་ཉིན་མོར་བཅས་པ་འགྲོ་བ་དང་གནས་པ་དང་ཉལ་བ་དང་འདུག་པ་དང་གཉིད་ལོག་པ་དང་གཉིད་སད་པ་དང་མཉམ་པར་བཞག་པ་དང་མཉམ་པར་མ་བཞག་པ་དང་གཅིག་པུར་གནས་པ་དང་སྐྱེ་བོ་མང་པོའི་ནང་དུ་སོང་བ་དང་། ཇི་སྲིད་གྲོང་དང་གྲོང་ཁྱེར་དང་གྲོང་རྡལ་དང་ལྗོངས་དང་ཡུལ་འཁོར་དང་རྒྱལ་པོའི་ཕོ་བྲང་ན་གནས་པ་དང་། དབང་པོའི་ཕུར་པ་དང་སྒོ་ཁང་དང་ལམ་སྲང་དང་བཞི་མདོ་དང་སུམ་མདོ་དང་གྲོང་ཁྱེར་གྱི་བར་དང་ཚོང་ཁང་གི་ནང་དུ་གནས་པ་དང་། ཇི་སྲིད་ཁང་སྟོང་དང་རི་དང་དགོན་པ་དང་ཆུ་ཀླུང་དང་དུར་ཁྲོད་དང་ནགས་ཚང་ཚིང་དུ་ཉེ་བར་སོན་པ་དང་། འབགས་པ་དང་མ་འབགས་པ་དང་མྱོས་པ་དང་རབ་ཏུ་མྱོས་པ་ན་རྟག་ཏུ་ཐམས་ཅད་ཀྱི་རྣམ་པ་ཐམས་ཅད་དུ་མཆོག་ཏུ་སྲུང་བ་དང་། སྐྱོབ་པ་དང་། སྦེད་པར་བྱེད་པར་འགྱུར་རོ་༎ ཉིན་མོ་དང་མཚན་མོ་མཆོག་ཏུ་བེ་དི་༄༡༦བ་ལེགས་སུ་བྱེད་པར་འགྱུར་རོ་༎ གཞན་ཡང་གང་དག་ལྷ་དང་ཀླུ་དང་གནོད་སྦྱིན་དང་དྲི་ཟ་དང་ལྷ་མ་ཡིན་དང་ནམ་མཁའ་ལྡིང་དང་མི་འམ་ཅི་དང་ལྟོ་འཕྱེ་ཆེན་པོ་དང་མི་དང་མི་མ་ཡིན་པ་རྣམས་དང་། གཞན་ཡང་གང་དག་གཟའ་དང་རྒྱུ་སྐར་དང་མ་མོ་དང་ཚོགས་ཀྱི་བདག་པོ་རྣམས་དང་། གང་ཡང་མ་མོ་བདུན་པོ་རྣམས་དང་། གང་ཡང་གནོད་སྦྱིན་མོ་དང་སྲིན་མོ་དང་ཤ་ཟ་མོ་རྣམས་ཏེ་། དེ་རྣམས་ཐམས་ཅད་ལྷན་ཅིག་མཐུན་པར་སྡེ་དང་བཅས་པ་འཁོར་དང་བཅས་པ་རྣམས་ཀྱིས་སྤྱོད་ལམ་དང་ལམ་རྣམས་སུ་ཡང་མཆོག་ཏུ་བསྲུང་བ་དང་། བསྐྱབ་པ་དང་། སྦ་བར་བྱེད་པར་འགྱུར་རོ་༎ གཞན་ཡང་དེའི་ལུས་ལ་མདངས་དང་སྟོབས་རབ་ཏུ་འཇུག་པར་བྱེད་དོ་༎ ནད་མེད་པ་དང་སྟོབས་དང་ཚེ་འཕེལ་བ་ཡང་ཉེ་བར་སྒྲུབ་པར་བྱེད་དོ་༎ འདི་ནི་། འཁོར་ལོ་བཞི་པའི་རྗེས་སུ་བསྔགས་པ་བཅུ་དགུ་པའོ་༎ གཞན་ཡང་ལག་ན་རྡོ་རྗེ་རྡོ་རྗེ་འཆང་། མཚན་ཡང་དག་པར་བརྗོད་པ་གཙུག་གི་ནོར་བུ་ཞེས་བྱ་བ་འདི་ནི་། ཉི་མ་སོ་སོར་མ་ཉམས་པར་ཡང་དག་པར་བླངས་ཏེ་མགྲིན་པར་གནས་པ་ལན་གསུམ་དུ་ཁ་ཏོན་དུ་བྱེད་པ་དང་། གླེགས་བམ་ཏུ་ཆུད་པ་ཀློག་པར་བྱེད་པ་དང་། རབ་ཏུ་འདོན་པར་བྱེད་པ་དང་། བཅོམ་ལྡན་འདས་འཇམ་དཔལ་ཡེ་ཤེས་སེམས་དཔའི་གཟུགས་ལ་དམིགས་ཏེ་དེའི་གཟུགས་ཀྱི་རྗེས་སུ་སེམས་པར་བྱེད་པ་དང་། ཡང་དེའི་གཟུགས་ཀྱི་རྗེས་སུ་བསམ་གཏན་བྱེད་པ་དེ་ཉིད་སྤྲུལ་པའི་གཟུགས་ཀྱི་སྐུས་ཡུན་མི་རིང་བ་ཉིད་ལས་གདུལ་བྱའི་དབང་ཉེ་བར་བཟུང་ནས་༄༡༧ཨ་༌༎ མཐོང་བར་འགྱུར་རོ་༎ སངས་རྒྱས་དང་བྱང་ཆུབ་སེམས་དཔའ་ཐམས་ཅད་སྣ་ཚོགས་པའི་སྤྲུལ་བའི་གཟུགས་ཀྱི་སྐུ་དང་ལྷན་ཅིག་གནས་པ་ནམ་མཁའི་མཐིལ་ན་བཞུགས་པ་རྣམས་ཀྱང་མཐོང་བར་འགྱུར་རོ་༎ སེམས་དཔའ་ཆེན་པོ་དེའི་སྐྱེ་བ་ཇི་ལྟར་གྱུར་ཀྱང་ངན་འགྲོ་དང་ངན་སོང་དུ་ལྟུང་བའི་འཇིགས་པ་འབྱུང་བར་མི་འགྱུར་རོ་༎ རིགས་ངན་དུ་སྐྱེ་བར་མི་འགྱུར་རོ་༎ ཡུལ་མཐའ་འཁོབ་ཀྱི་སྐྱེ་བོར་སྐྱེ་བར་མི་འགྱུར་རོ་༎ དབང་པོ་དམན་པར་མི་འགྱུར་རོ་༎ དབང་པོ་མ་ཚང་བར་མི་འགྱུར་རོ་༎ ལོག་པར་ལྟ་བའི་རིགས་སུ་སྐྱེ་བར་མི་འགྱུར་རོ་༎ སངས་རྒྱས་མི་བཞུགས་པའི་སངས་རྒྱས་ཀྱི་ཞིང་རྣམས་སུ་སྐྱེ་བར་མི་འགྱུར་རོ་༎ སངས་རྒྱས་འབྱུང་བ་དང་དེས་བསྟན་པའི་ཆོས་སྤོང་བ་དང་ལྐོག་ཏུ་གྱུར་པར་མི་འགྱུར་རོ་༎ ལྷ་ཚེ་རིང་པོ་རྣམས་སུ་སྐྱེ་བར་མི་འགྱུར་རོ་༎ མུ་གེ་དང་ནད་དང་མཚོན་གྱི་བསྐལ་པ་རྣམས་ལ་སྐྱེ་བར་མི་འགྱུར་རོ་༎ སྙིགས་མ་ལྔའི་དུས་རྣམས་ལ་སྐྱེ་བར་མི་འགྱུར་རོ་༎ རྒྱལ་པོ་དང་ཆོམ་རྐུན་དང་དགྲའི་འཇིགས་པ་འབྱུང་བར་མི་འགྱུར་རོ་༎ རྒུད་པ་དང་དབུལ་བའི་འཇིགས་པ་ཐམས་ཅད་འབྱུང་བར་མི་འགྱུར་རོ་༎ མི་བསྔགས་པ་དང་སྐུར་པ་འདེབས་པ་དང་སྨོད་པ་དང་མི་སྙན་པ་དང་གྲགས་པ་ངན་པའི་འཇིགས་པ་འབྱུང་བར་མི་འགྱུར་རོ་༎ སྐྱེ་བ་བཟང་བོ་དང་རིགས་དང་རུས་ཕུན་སུམ་ཚོགས་པ་འབྱུང་བར་འགྱུར་རོ་༎ ཀུན་ནས་མཛེས་པར་གྱུར་པ་དང་གཟུགས་༄༡༧བ་དང་ཁ་དོག་ཡང་དག་པར་ལྡན་པར་འགྱུར་རོ་༎ འཇིག་རྟེན་པ་རྣམས་ཀྱི་སྡུག་པ་དང་ཡིད་ལ་འབབ་པ་དང་འགྲོགས་ན་མཆོག་ཏུ་བདེ་བ་དང་མཐོང་ན་དགའ་བར་འགྱུར་རོ་༎ འཇིག་རྟེན་པ་རྣམས་ཀྱི་མཛེས་པ་དང་སྐལ་བ་བཟང་པོ་དང་ལྡན་པ་དང་ཚིག་གཟུང་བར་བྱ་བར་འགྱུར་རོ་༎ གང་དང་གང་དུ་སྐྱེ་བར་འགྱུར་བ་དེ་དང་དེར་སྐྱེ་བ་དན་པར་འགྱུར་བར་འགྱུར་རོ་༎ རོ་༎ ལོངས་སྤྱོད་ཆེ་བ་དང་འཁོར་མང་བ་དང་ལོངས་སྤྱོད་མི་ཟད་པ་དང་འཁོར་མི་ཟད་པར་འགྱུར་རོ་༎ སེམས་ཅན་ཐམས་ཅད་ཀྱི་མཆོག་ཏུ་གྱུར་པའི་སྨོན་ལམ་དང་ཡེ་ཤེས་དང་ཡང་དག་པར་ལྡན་པར་འགྱུར་རོ་༎ རང་བཞིན་གྱིས་ཀྱང་ཕ་རོལ་ཏུ་ཕྱིན་པ་དྲུག་གི་ཡོན་ཏན་དང་ཡང་དག་པར་ལྡན་པར་འགྱུར་རོ་༎ ཚངས་པའི་གནས་བཞི་ལ་གནས་པར་འགྱུར་རོ་༎ དྲན་པ་དང་ཤེས་བཞིན་དང་ཐབས་དང་སྟོབས་དང་སྨོན་ལམ་དང་ཡེ་ཤེས་དང་ཡང་དག་པར་ལྡན་པར་འགྱུར་རོ་༎ བསྟན་བཅོས་ཐམས་ཅད་ལ་འཇིགས་པ་མེད་པ་དང་སྨྲ་མཁས་པར་ཡང་འགྱུར་རོ་པར་འགྱུར་རོ་༎ ༎ ཚིག་གསལ་བ་དང་བླུན་པོ་མ་ཡིན་པ་དང་བློ་གསལ་བར་འགྱུར་རོ་པར་འགྱུར་རོ་༎ ༎ ༎ མཁས་པ་དང་ལེ་ལོ་མེད་པ་དང་ཆོག་ཤེས་པ་དང་དོན་ཆེ་བ་དང་སྲེད་པ་མེད་བར་འགྱུར་རོ་༎ སེམས་ཅན་ཐམས་ཅད་ཀྱི་མཆོག་ཏུ་ཡིད་བརྟན་པར་བྱ་བ་དང་སློབ་དཔོན་དང་བླ་མར་བཀུར་བར་བྱ་བར་འགྱུར་རོ་༎ དེའི་སྔོན་མ་ཐོས་པའི་བཟོ་དང་རྩིས་དྲང་ཤེས་པ་དང་བསྟན་བཅོས་ཐམས་ཅད་ཀྱང་དོན་དང་གཞུང་ལས་རབ་ཏུ་གསལ་བ་ཡང་དག་པར་རྟོགས་༄༡༨ཨ་༌༎ པར་འགྱུར་རོ་༎ ཤིན་ཏུ་ཡོངས་སུ་དག་པའི་ཚུལ་ཁྲིམས་དང་འཚོ་བ་དང་ཀུན་ཏུ་སྤྱོད་པ་སྤྱོད་པ་དང་ལྡན་པར་འགྱུར་རོ་༎ ལེགས་པར་རབ་ཏུ་འབྱུང་བ་དང་ལེགས་པར་བསྙེན་པར་རྫོགས་པར་འགྱུར་རོ་༎ ཐམས་ཅད་མཁྱེན་པ་ཉིད་བྱང་ཆུབ་ཀྱི་སེམས་རབ་ཏུ་བརྗེད་པ་མེད་པར་འགྱུར་རོ་༎ ཉན་ཐོས་དང་དགྲ་བཅོམ་པ་དང་རང་སངས་རྒྱས་ཀྱི་ངེས་པ་དང་བགྲོད་པ་ལ་གནས་པར་ནམ་ཡང་མི་འགྱུར་རོ་༎
 इति प्रथमचक्रस्येयमनुशंसा एकादश पदानि [॥।]	འདི་ནི་། འཁོར་ལོ་ལྔ་པའི་རྗེས་སུ་བསྔགས་པ་ལྔ་བཅུ་རྩ་གཅིག་གོ་༎ ལག་ན་རྡོ་རྗེ་རྡོ་རྗེ་འཆང་། དེ་ལྟར་ཡོན་ཏན་དཔག་ཏུ་མེད་པ་དང་ཡང་དག་པར་ལྡན་པར་འགྱུར་རོ་༎ རྣམ་པ་དེ་ལྟ་བུའི་ཡོན་ཏན་དཔག་ཏུ་མེད་པ་གཞན་རྣམས་དང་ཡང་དག་པར་ལྡན་པར་འགྱུར་རོ་༎ ལག་ན་རྡོ་རྗེ་རྡོ་རྗེ་འཆང་། དོན་དམ་པའི་མཚན་ཡང་དག་པར་བརྗོད་པ་འདི་ཡང་དག་པར་འཛིན་པའི་སྐྱེས་བུ་གང་ཟག་ནི་། རིང་པོ་མི་ཐོགས་པར་བསོད་ནམས་དང་ཡེ་ཤེས་ཀྱི་ཚོགས་ལེགས་པར་བསགས་ཏེ་ཤིན་ཏུ་མྱུར་བར་སངས་རྒྱས་ཀྱི་ཡོན་ཏན་རྣམས་ཡང་དག་པར་བསྒྲུབས་ནས་བླ་ན་མེད་པ་ཡང་དག་པར་རྫོགས་པའི་བྱང་ཆུབ་མངོན་པར་རྫོགས་པར་འཚང་རྒྱ་བར་། འགྱུར་རོ་༎ བསྐལ་པ་མང་པོར་ཡོངས་སུ་མྱ་ངན་ལས་མི་འདའ་བའི་ཆོས་ཀྱིས་སེམས་ཅན་ཐམས་ཅད་ཀྱི་བླ་ན་མེད་པའི་ཆོས་སྟོན་པ་པོ་དང་ཕྱོགས་བཅུར་ཆོས་ཀྱི་རྔ་བོ་ཆེ་ལྷག་པར་གནས་པའི་ཆོས་ཀྱི་རྒྱལ་པོར་འགྱུར་རོ་༎ འདི་ནི་། འཁོར་༄༡༨བ་ལོ་དྲུག་པའི་བསྔགས་པ་དཔག་ཏུ་མེད་པའོ་༎༎ ཨཨོམ་སརྦ་དྷརམའ་བྷའ་ཝ་སབ༹་བྷའ་བ་བི་ཤུདདྷ་བཛྲ་ཙཀཤུ༔་ཨཨ་ཨའ༔་ཨཨམ་ཨཨ༔་པྲ་ཀྲི་ཏི་པ་རི་ཤུདདྷ༔་སརྦ་དྷརྨ༔་ཡ་དུ་ཏ་། སརྦ་ཏ་ཐའ་ག་ཏ་ཛཉའ་ན་ཀའ་ཡ་མཉཛུ་ཤརའི་པ་རི་ཤུདདྷི་ཏའ་། མུ་པ་དའ་ཡེ་ཏི་། ཨཨ་ཨའ༔་སརྦ་ཏ་ཐའ་ག་ཏ་ཧྲི་ད་ཡ་། ཧ་ར་ཧ་ར་། ཨཨོམ་ཧའུམ་ཧརའི༔་བྷ་ག་ཝན་། ཛཉའ་ན་མུརཏཏི་ཝའ་གའི་ཤབ༹་ར་མ་ཧའ་པའ་ཙ་། སརྦ་དྷརམའ་ག་ག་ནའ་མ་ལ་སུ་པ་རི་ཤུདདྷ་། དྷརམའ་དྷའ་ཏུ་ཛཉའ་ན་གརབྷ་ཨཨ༔།
 अथ वज्रधरः श्रीमान् हृष्टतुष्टः कृताञ्जलिः ।	དེ་ནས་དཔལ་ལྡན་རྡོ་རྗེ་འཆང་༎ དགའ་ཞིང་མགུ་ནས་ཐལ་མོ་སྦྱར་༎ མགོན་པོ་བཅོམ་ལྡན་དེ་བཞིན་གཤེགས་༎
 प्रणम्य नाथं संबुद्धं भगवन्तं तथागतं ॥ म्न्स्_*१ ॥	རྫོགས་སངས་རྒྱས་ལ་ཕྱག་འཚལ་ནས་༎
 अन्यैश् च बहुभिर् नाथैर् गुह्येन्द्रैर् वज्रपाणिभिः ।	རྣམ་མང་མགོན་པོ་གཞན་རྣམས་དང་༎ གསང་དབང་ལག་ན་རྡོ་རྗེ་དེ་༎
 स सार्द्धं क्रोधराजानैः प्रोवाचोच्चैर् इदं वचः ॥ म्न्स्_*२ ॥	ཁྲོ་བོའི་རྒྱལ་པོར་བཅས་རྣམས་ཀྱིས་༎ གསང་བསྟོད་ནས་ནི་ཚིག་འདི་གསོལ་༎
 अनुमोदामहे नाथ साधु साधु सुभाषितम् ।	མགོན་པོ་བདག་ཅག་རྗེས་ཡི་རང་༎ ལེགས་སོ་ལེགས་སོ་ལེགས་པར་གསུངས་༎ བདག་ཅག་ཡང་དག་རྫོགས་པ་ཡི་༎
 कृतो ऽस्माकं महान् अर्थः सम्यक्संबोधिप्रापकः ॥ म्न्स्_*३ ॥	བྱང་ཆུབ་ཐོབ་པའི་དོན་ཆེན་མཛད་༎
 जगतश् चाप्य् आनाथस्य विमुक्तिफलकाङ्क्षिणः ।	འགྲོ་བ་མགོན་མེད་རྣམས་དང་ནི་༎ རྣམ་གོལ་འབྲས་བུ་འཚལ་བ་ཡི་༎
 श्रेयो मार्गो विशुद्धो ऽयं मायाजालनयोदितः ॥ म्न्स्_*४ ॥	རྣམ་དག་ལེགས་པའི་ལམ་འདི་ནི་༎ སྒྱུ་འཕྲུལ་དྲ་བའི་ཚུལ་བསྟན་པ་༎
 गम्भीरोदारवैपुल्यो महार्थो जगदर्थकृत् ।	ཟབ་ཅིང་ཡངས་ལ་རྒྱ་ཆེ་བ་༎ དོན་ཆེན་འགྲོ་བའི་དོན་བྱེད་པ་༎
 बुद्धानां विषयो ह्य् एष सम्यक्संबुद्धभाषितः ॥ म्न्स्_*५ ॥ इत्य् उपसंहारगाथाः पञ्च ।	སངས་རྒྱས་རྣམས་ཀྱི་ཡུལ་འདི་ནི་༎ རྫོགས་པའི་སངས་རྒྱས་ཀུན་གྱིས་བཤད་།
 आर्थमायाजालषोडशसाहास्रिकान् महायोगतन्त्रान्तः पातिसमाधिजालपटलाद् भगवता श्रीशाक्यमुनिना भाषिता भगवतो मञ्जुश्रीज्ञानसत्त्वस्याद्वयपरमार्थ नामसंगीतिः परिसमाप्ता ।	རྣལ་འབྱོར་ཆེན་པོའི་རྒྱུད་སྒྱུ་འཕྲུལ་དྲ་བ་སྟོང་ཕྲག་བཅུ་དྲུག་པའི་ཏི་?་ལེའུ་?་ལས་?་བྱུང་?་བ་། འཇམ་དཔལ་ཡེ་ཤེས་སེམས་དཔའི་དོན་དམ་པའི་མཚན་ཡང་དག་པར་བརྗོད་པ་བཅོམ་བྱུང་?་བ་། ༄༡༩ཨ་༌༎ ལྡན་འདས་དེ་བཞིན་གཤེགས་པ་ཤའཀྱ་ཐུབ་པས་གསུངས་པ་རྫོགས་སོ་༎༎
 पण्डित रत्नकाजि वज्राचार्यस्य बौद्धस्तोत्रसंग्रहोद्धृत संग्रहकर्ता सम्पादकश्च जनार्दनशास्त्री पाण्डेयः ई। सिङ्। लिख्यत, जयकर्त,	ཐུན་མོང་དང་ཐུན་མོང་མ་ཡིན་པའི་གསུང་རབ་ཐམས་ཅད་ལ་དབང་འབྱོར་པའི་བདག་ཉིད་ཆེན་པོ་བླ་མ་དམ་པ་ཆོས་ཀྱི་རྒྱལ་པོའི་བཀའ་དྲིན་གྱིས་ཉེ་བར་བསྐྱངས་པ་སྒྲ་སྒྱུར་གྱི་ལོ་ཙའ་བ་བློ་གྲོས་བརྟན་པས་། བསམ་གཏན་གླིང་གི་དབེན་གནས་སུ་བསྒྱུར་ཞིང་དག་པར་བྱས་པའོ་། སྔོན་གྱི་སྒྲ་སྒྱུར་ཆེན་པོ་དེ་དག་གིས་༎ རྒྱུད་འདི་བསྒྱུར་ཅིང་ཀུན་ལ་གྲགས་ལགས་མོད་༎ འོན་ཀྱང་སྒྲ་དོན་གཙུག་ལག་ཇི་བཞིན་དུ་༎
