 माहायाने त्रैधातुकं विज्ञप्तिमात्रं व्यवस्थाप्यते ।	ཐེག་པ་ཆེན་པོ་ལ་ཁམས་གསུམ་པ་རྣམ་པར་རིག་པ་ཙམ་དུ་རྣམ་པར་གཞག་སྟེ་།
 चित्तमात्रं भो जिनपुत्रा यद् उत त्रैधातुकम् इति सूत्रात् ।	མདོ་ལས་ཀྱེ་རྒྱལ་བའི་སྲས་དག་འདི་ལྟ་སྟེ་། ཁམས་གསུམ་པ་འདི་ནི་སེམས་ཙམ་མོ་ཞེས་འབྱུང་བའི་ཕྱིར་རོ་༎
 चित्तं मनो विज्ञानं विज्ञप्तिश् चेति पर्यायाः ।	སེམས་དང་ཡིད་དང་། རྣམ་པར་ཤེས་པ་དང་། རྣམ་པར་རིག་པ་ཞེས་བྱ་བ་ནི་རྣམ་གྲངས་སུ་གཏོགས་པའོ་༎
 चित्तम् अत्र ससंप्रयोगम् अभिप्रेतं ।	སེམས་དེ་ཡང་འདིར་མཚུངས་པར་ལྡན་པ་དང་བཅས་པར་དགོངས་པའོ་༎
 मत्रम् इत्य् अर्थप्रतिषेधार्थं ।	ཙམ་ཞེས་བྱ་བ་སྨོས་པ་ནི་དོན་དགག་པའི་ཕྱིར་རོ་༎
 विज्ञप्तिमात्रम् एवेदम् असदर्थावभासनात् ।	རྣམ་པར་ཤེས་པ་འདི་ཉིད་དོན་དུ་སྣང་བ་འབྱུང་སྟེ་།
 यद्वत् तैमिरिकस्यासत् केशोण्डुकादिदर्शनं ॥ १ ॥ अत्र चोद्यते ।	དཔེར་ན་རབ་རིབ་ཅན་རྣམས་ཀྱིས་སྐྲ་ཟླ་ལ་སོགས་པ་མེད་པར་མཐོང་བ་བཞིན་ཏེ་།
 कश्चिद् अर्थो नास्ति ।	དོན་གང་ཡང་མེད་དོ་༎ འདིར་འདི་སྐད་ཅེས་བརྒལ་ཏེ་། གལ་ཏེ་རྣམ་རིག་དོན་མིན་ན་༎
 न देशकालनियमः संतानानियमो न च ।	ཡུལ་དང་དུས་ལ་ངེས་མེད་ཅིང་༎ སེམས་ཀྱང་དེས་མེད་མ་ཡིན་ལ་༎
 न च कृत्यक्रिया युक्ता विज्ञप्तिर् यदि नार्थतः ॥ २ ॥	བྱ་བ་བྱེད་བའང་མི་རིགས་འགྱུར་༎
 किम् उक्तं भवति ।	ཇི་སྐད་དུ་བསྟན་པར་འགྱུར་ཞེ་ན་།
 यदि विना रूपाद्यर्थेन रूपादिविज्ञप्तिर् उत्पद्यते न रूपाद्यर्थात् ।	གལ་ཏེ་གཟུགས་ལ་སོགས་པའི་དོན་མེད་པར་གཟུགས་ལ་སོགས་པའི་རྣམ་པར་རིག་པ་འབྱུང་སྟེ་གཟུགས་ལ་སོགས་པའི་དོན་ལས་མ་ཡིན་ན་།
 कस्मात् क्वचिद् देश उत्पद्यते न सर्वत्र ।	ཅིའི་ཕྱིར་ཡུལ་ལ་ལར་འབྱུང་ལ་ཐམས་ཅད་ན་མ་ཡིན་།
 तत्रैव च देशे कदाचिद् उत्पद्यते न सर्वदा ।	ཡུལ་དེ་ཉིད་ན་ཡང་རེས་འགའ་འབྱུང་ལ་ཐམས་ཅད་དུ་མ་ཡིན་།
 तद्देशकालप्रतिष्ठितानां सर्वेषां संतानानियम उत्पद्यते न केवलम् एकस्य ।	ཡུལ་དང་དུས་དེ་ན་འཁོད་པ་ཐམས་ཅད་ཀྱི་སེམས་ལ་ངེས་པ་མེད་པ་འབྱུང་ལ་འགའ་ཙམ་ལ་མ་ཡིན་། 
 यथा तैमिरिकाणां संताने केशाद्याभासो नान्येषां ।	དེ་ལྟར་རབ་རི་བ་ཅན་ཉིད་ཀྱི་སེམས་ལ་སྐྲ་ལ་སོགས་པ་སྣང་གི་ལ་མ་ཡིན་། 
 कस्माद् यत् तैमिरिकैः केशभ्रमरादि दृश्यते तेन केशादिक्रिया न क्रियते न च तद् अन्यैर् न क्रियते ।	། ༄༤བ་གཞན་དག་ལ་ནི་མ་ཡིན་༎ ཅིའི་ཕྱིར་གང་རབ་རིབ་ཅན་གྱིས་མཐོང་བའི་སྐྲ་དང་། སྦྲང་བུ་ལ་སོགས་པས་སྐྲ་ལ་སོག་པའི་བྱ་བ་མི་བྱེད་ལ་།
 यद् अन्नपानवस्त्रविषायुधादि स्वप्ने दृश्यते तेनान्नादिक्रिया न क्रियते न च तद् अन्यैर् न क्रियते ।	དེ་མ་ཡིན་པ་གཞན་དག་གིས་ནི་བྱེད་། རྨི་ལམ་ན་མཐོང་བའི་བཟའ་བ་དང་བཏུང་བ་དང་བགོ་བ་དང་དུག་དང་མཚོན་ལ་སོགས་པས་ཟས་དང་སྐོམ་ལ་སོགས་པའི་བྱ་བ་མི་བྱེད་ལ་། དེ་མ་ཡིན་པ་གཞན་དག་གིས་ནི་བྱེད་།
 गन्धर्वनगरेणासत्त्वान् नगरक्रिया न क्रियते न च तद् अन्यैर् न क्रियते ।	དྲི་ཟའི་གྲོང་ཁྱེར་ཡོད་པ་མ་ཡིན་པས་གྲོང་ཁྱེར་གྱི་བྱ་བ་མི་བྱེད་ལ་། དེ་མ་ཡིན་པ་གཞན་དག་གིས་ནི་བྱེད་།
 तस्माद् असदभावावभासने देशकालनियमः संतानानियमः कृत्यक्रिया च न युज्यते ।	འདི་དག་དོན་མེད་པར་མེད་དུ་འདྲ་ན་ཡུལ་དང་དུས་ངེས་པ་དང་། སེམས་ངེས་པ་མེད་པ་དང་། བྱ་བ་བྱེད་པ་འདི་དག་ཀྱང་མི་རུང་ངོ་ཞེ་ན་།
 न खलु न युज्यते । यस्मात् ।	མི་རུང་བ་མ་ཡིན་ཏེ་། འདི་ལྟར་།
 देशादिनियमः सिद्धः स्वप्नवत्	ཡུལ་ལ་སོགས་པ་ངེས་འགྲུབ་སྟེ་༎ རྨི་འདྲའོ་༎
 स्वप्न इव स्वप्नवत् ।	རྨི་ལམ་དུ་རྨིས་པ་དང་མཚུངས་པས་ན་རྨི་འདྲའོ་༎
 कथं तावत् ।	ཇི་ལྟ་ཞེ་ན་།
 स्वप्ने विनाप्य् अर्थेन क्वचिद् एव देशे किंचिद् भ्रमरारामस्त्रीपुरूषादिकं दृश्यते न सर्वत्र । तत्रैव च देशे कदाचिद् दृश्यते न सर्वकालम् इति सिद्धो विनाप्य् अर्थेन देशकालनियमः ।	རྨི་ལམ་ན་ཡང་དོན་མེད་པར་ཡུལ་ལ་ན་གྲོང་དང་། ཀུན་དགའ་ར་བ་དང་། སྐྱེས་པ་དང་བུད་མེད་ལ་སོགས་པ་ཇི་དག་སྣང་ལ་ཐམས་ཅད་ན་མ་ཡིན་ཡུལ་དེ་ཉིད་ན་ཡང་རེས་འགའ་སྣང་ལ་དུས་ཐམས་ཅད་དུ་མ་ཡིན་པས་དོན་མེད་པར་ཡང་ཡུལ་ལ་སོགས་པ་ངེས་པར་འགྲུབ་པོ་༎ སེམས་ཀྱང་ངེས་པ་མེད་།
 प्रेतवत् पुनः । संतानानियमः	ཡི་དགས་བཞིན་ཏེ་།
 सिद्ध इति वर्तते ।	གྲུབ་ཅེས་བྱ་བར་བསྙེགས་སོ་༎
 प्रेतानाम् इव प्रेतवत् ।	ཡི་དགས་རྣམས་ཀྱི་དང་མཚུངས་པས་ན་ཡི་དགས་བཞིན་ནོ་༎
 कथं सिद्धः समं ।	ཇི་ལྟར་འགྲུབ་། ཐམས་ཅད་ཀྱིས་།
 सर्वैः पूयनद्यादिदर्शने ॥ ३ ॥	ཀླུང་ལ་རང་ལ་སོགས་མཐོང་བཞིན་༎
 पूयपूर्णा नदी पूयनदी ।	རང་གིས་གང་བའི་ཀླུང་ནི་རང་གི་ལུང་སྟེ་༎
 घृतघटवत् ।	མར་གྱི་བུམ་པ་བཞིན་ནོ་༎
 तुल्यकर्मविपाकावस्था हि प्रेताः सर्वे ऽपि पूयपूर्णां नदीं पश्यन्ति नैक एव ।	ལས་ཀྱི་རྣམ་པར་སྨིན་པ་མཚུངས་པ་ལ་གནས་པའི་ཡི་དགས་རྣམས་ནི་ཀུན་གྱིས་ཀྱང་མཚུངས་པར་ཀླུང་རང་གིས་གང་བར་མཐོང་སྟེ་། གཅིག་འགས་ནི་མ་ཡིན་ནོ་༎
 यथा पूयपूर्णाम् एवं मूत्रपुरीषादिपूर्णां दण्डासिधरैश् च पुरुषैर् अधिष्ठिताम् इत्य् आदिग्रहणेन ।	རྣག་གིས་གང་བ་ཇི་ལྟ་བ་བཞིན་དུ་གཅིན་དང་། ངན་སྐྱུགས་དང་། མེ་མ་མུར་དང་། མཆིལ་མ་དང་། སྣབས་ཀྱིས་གང་བ་དང་། དབྱིག་པ་དང་། རལ་གྲི་ཐོགས་པའི་མི་དག་གིས་སྲུང་བ་ཡང་དེ་བཞིན་ཏེ་། སོགས་པ་ཞེས་བྱ་བར་བསྡུའོ་༎
 एवं संतानानियमो विज्ञप्तिनाम् असत्य् अप्य् अर्थे सिद्धः ॥ स्वप्नोपघातवत् कृत्यक्रिया	དེ་ལྟར་ན་དོན་མེད་པར་ཡང་རྣམ་པར་རིག་པ་རྣམས་ཀྱི་སེམས་ངེས་པ་མེད་པར་འགྲུབ་པོ་༎ བྱ་བྱེད་རྨི་ལམ་གནོད་པ་འདྲ་༎
 सिद्ध इति वेदितव्यं ।	གྲུབ་ཅེས་བྱ་བར་རིག་པར་བྱའོ་། དཔེར་ན་རྨི་ལམ་ན་གཉིས་ཀྱིས་གཉིས་ཕྲད་པ་༄༥ཨ་༌་༎
 यथा स्वप्ने द्वयसमापत्तिम् अन्तरेण शुक्रविसर्गलक्षणः स्वप्नोपघातः ।	མེད་པར་ཡང་ཁུ་བ་འབྱུང་བའི་མཚན་ཉིད་ནི་རྨི་ལམ་གྱི་གནོད་པའོ་༎
 एवं तावद् अन्यान्यैर् दृष्टान्तैर् देशकालनियमादिचतुष्टयं सिद्धं । नरकवत् पुनः । सर्वं	དེ་ལྟར་རེ་ཞིག་དཔེ་གཞན་དང་གཞན་དག་གིས་ཡུལ་དང་དུས་ངེས་པ་ལ་སོགས་པ་བཞིན་འགྲུབ་བོ་༎ ཐམས་ཅད་སེམས་ཅན་དམྱལ་བ་བཞིན་༎
 सिद्धम् इति वेदितव्यं ।	གྲུབ་ཅེས་བྱ་བར་རིག་པར་བྱའོ་༎
 नरकेष्व् इव नरकवत् ।	སེམས་ཅན་དམྱལ་བ་དག་ན་ཡོད་པ་དང་མཚུངས་པས་སེམས་ཅན་དམྱལ་བ་བཞིན་ནོ་༎
 कथं सिद्धं ।	ཇི་ལྟར་འགྲུབ་ཅེ་ན་།
 नरकपालादिदर्शने तैश् च बाधने ॥ ४ ॥	དམྱལ་བའི་སྲུང་མ་སོགས་མཐོང་དང་༎ དེ་དག་གིས་ནི་གནོད་ཕྱིར་རོ་༎
 यथा हि नरकेषु नारकाणां नरकपालादिदर्शनं देशकालनियमेन सिद्धं ।	དཔེར་ན་སེམས་ཅན་དམྱལ་བ་དག་ན་སེམས་ཅན་དམྱལ་བའི་སེམས་ཅན་རྣམས་ཀྱིས་སེམས་ཅན་དམྱལ་བའི་སྲུང་མ་ལ་སོགས་པ་མཐོང་སྟེ་། ཡུལ་དང་དུས་ངེས་པར་འགྲུབ་པོ་༎
 श्ववायसायसपर्वताद्यागमनगमनदर्शनं चेत्य् आदिग्रहणेन ।	ཁྱི་དང་བྱ་རོག་དང་ལྕགས་ཀྱི་རི་ལ་སོགས་པ་འོང་བ་དང་འགྲོ་བར་ཡང་མཐོང་བ་ནི་སོགས་པ་ཞེས་བྱ་བར་བསྡུ་སྟེ་། ཐམས་ཅད་ཀྱིས་མཐོང་གི་།
 सर्वेषां च नैकस्यैव तैश् च तद्बाधनं सिद्धम् असत्स्व् अपि नरकपालादिषु समानस्वकर्मविपाकाधिपत्यात् ।	གཅིག་འགས་ནི་མ་ཡིན་ནོ་༎ དེ་དག་གིས་དེ་དགལ་གནོད་པ་ཡང་འགྲུབ་སྟེ་། དངོས་པོ་ལ་སེམས་ཅན་དམྱལ་བའི་སྲུང་མ་ལ་སོགས་པ་མེད་པར་ཡང་རང་གི་ལས་ཀྱི་རྣམ་པར་སྨིན་པ་མཚུངས་པའི་དབང་ཕྱིར་རོ་༎
 तथान्यत्रापि सर्वम् एतद् देशकालनियमादिचतुष्तयं सिद्धम् इति वेदितव्यं ॥	དེ་བཞིན་དུ་གཞན་ཡང་ཡུལ་དང་དུས་ངེས་པ་ལ་སོགས་པ་བཞི་པོ་འདི་དག་ཐམས་ཅད་གྲུབ་པར་རིག་པར་བྱའོ་༎
 किं पुनः कारणं नरकपालास् ते च श्वानो वायसाश् च सत्त्वा नेष्यन्ते ।	ཅིའི་ཕྱིར་སེམས་ཅན་དམྱལ་བའི་སྲུང་མ་དང་བྱ་རོག་དང་ཁྱི་ལ་སོགས་པ་དེ་དག་སེམས་ཅན་དུ་མི་འདོད་ཅེ་ན་།
 अयोगात् ।	མི་རིགས་པའི་ཕྱིར་རོ་༎
 न हि ते नारका युज्यन्ते ।	དེ་དག་ནི་སེམས་ཅན་དམྱལ་བར་མི་རིགས་ཏེ་།
 तथैव तद्दुःखाप्रतिसंवेदनात् ।	དེ་བཞིན་དུ་སྡུག་བསྔལ་དེས་མི་མྱོང་བའི་ཕྱིར་རོ་༎ གཅིག་ལ་གཅིག་གནོད་པ་བྱེད་ན་ནི་འདི་དག་ནི་སེམས་ཅན་དམྱལ་བ་བདག་གོ་༎
 परस्परं यातयताम् इमे नारका इमे नरकपाला इति व्यवस्था न स्यात् । तुल्याकृतिप्रमाणबलानां च परस्परं यातयतां न तथा भयं स्यात् ।	འདི་དག་ནི་སེམས་ཅན་དམྱལ་བའི་སྲུང་མ་དག་གོ་ཞེས་རྣམ་པར་གཞག་པ་མེད་པར་འགྱུར་རོ་། བྱད་གཟུགས་དང་བོང་ཚོད་དང་སྟོབས་མཚུངས་པ་དག་ནི་གཅིག་ལ་གཅིག་གནོད་པ་བྱེད་ཀྱང་ཇི་ལྟ་བུར་འཇིགས་པར་མི་འགྱུར་རོ་༎
 दाहदुःखं च प्रदीप्तायाम् अयोमय्यां भूमाव् असहमानाः कथं तत्र परान् यातयेयुः ।	ལྕགས་རབ་ཏུ་འབར་བའི་ས་གཞི་ལ་ཚ་བའི་སྡུག་བསྔལ་ཡང་མི་བཟོད་ན་ནི་ཇི་ལྟར་དེ་ན་གཞན་ལ་གནོད་པ་བྱེད་པར་འགྱུར་།
 अनारकाणां वा नरके कुतः संभवः ।	སེམས་ཅན་དམྱལ་བ་པ་མ་ཡིན་པ་དག་སེམས་ཅན་དམྱལ་བར་འབྱུང་བར་ག་ལ་འགྱུར་།
 कथं तावत् तिरश्चां स्वर्गसंभवः ।	འོ་ན་དུད་འགྲོ་དག་ཀྱང་ཇི་ལྟར་མཐོ་རིས་སུ་འབྱུང་སྟེ་།
 एवं नरकेषु तिर्यक्प्रेतविशेषाणां नरकपालादीनां संभवः स्यात् ।	དེ་བཞིན་དུ་སེམས་ཅན་དམྱལ་བར་ཡང་དུད་འགྲོ་དང་ཡི་༄༥བ་དགས་ཀྱི་བྱེ་བྲག་སེམས་ཅན་དམྱལ་བའི་སྲུང་མ་ལ་སོགས་པ་འབྱུང་བར་འགྱུར་རོ་ཞེ་ན་། ཇི་ལྟར་དུད་འགྲོ་མཐོ་རིས་སུ་༎
 तिरश्चां संभवः स्वर्गे यथा न नरके तथा ।	འབྱུང་བ་དེ་ལྟར་དམྱལ་བ་མིན་༎ ཡི་དགས་མིན་ཏེ་དེ་ལྟ་བུར་༎
 न प्रेतानां यतस् तज्जं दुःखं नानुभवन्ति ते ॥ ५ ॥	དེ་ཡོད་སྡུག་བསྔལ་དེས་མི་མྱོང་༎
 ये हि तिर्यञ्चः स्वर्गे संभवन्ति ते तद्भाजनलोकसुखसंवर्तनीयेन कर्मणा तत्र संभूतास् तज्जं सुखं प्रत्यनुभवन्ति ।	དུད་འགྲོ་གང་དག་མཐོ་རིས་སུ་འབྱུང་བ་དེ་དག་ནི་སྣོད་ཀྱི་འཇིག་རྟེན་ན་དེའི་བདེ་བ་མྱོང་བར་འགྱུར་བའི་ལས་ཀྱིས་དེར་འབྱུང་བ་དག་སྟེ་། དེ་ན་ཡོད་བའི་བདེ་བ་སོ་སོར་མྱོང་ངོ་༎
 न चैव नरकपालादयो नारकं दुःखं प्रत्यनुभवन्ति ।	སེམས་ཅན་དམྱལ་བའི་སྲུང་མ་ལ་སོགས་པ་དག་ནི་དེ་བཞིན་དུ་སེམས་ཅན་དམྱལ་བའི་སྡུག་བསྔལ་མི་མྱོང་ངོ་༎ 
 तस्मान् न तिरश्चां संभवो युक्तो नापि प्रेतानां ॥ तेषां तर्हि (व्व्स्_५)	དེའི་ཕྱིར་དུད་འགྲོ་དག་དེར་འབྱུང་བར་མི་རིགས་སོ་༎
 नारकाणां कर्मभिस् तत्र भूतविशेषाः संभवन्ति वर्णाकृतिप्रमाणबलविशिष्टा ये नरकपालादिसंज्ञां प्रतिलभन्ते । तथा च परिणमन्ति ।	ཡི་དགས་ཀྱི་བྱེ་བྲག་དག་ཀྱང་མ་ཡིན་ནོ་༎ སེམས་ཅན་དམྱལ་བ་དེ་དག་གི་ལས་རྣམས་ཀྱིས་དེར་འབྱུང་བའི་བྱེ་བྲག་དག་འདི་ལྟ་བུར་འབྱུང་སྟེ་། མདོག་དང་བྱད་གཟུགས་དང་བོང་ཚོད་དང་སྟོབས་ཀྱི་བྱེ་བྲག་གང་གིས་སེམས་ཅན་དམྱལ་བའི་སྲུང་མ་ལ་སོགས་པའི་མིང་ཐོབ་པའོ་༎
 यद् द्विधां हस्तविक्षेपादिक्रियां कुर्वन्तो दृश्यन्ते भयोत्पादनार्थं ।	གང་ལག་པ་བརྐྱང་པ་ལ་སོགས་པ་བྱ་བ་སྣ་ཚོགས་བྱེད་པར་སྣང་བ་དེ་ལྟ་བུར་ཡང་འགྲུབ་སྟེ་། དེ་དག་འཇིགས་པ་བསྐྱེད་པའི་ཕྱིར་རོ་༎
 यथा मेषाकृतयः पर्वता आगच्छन्तो गच्छन्तो ऽयःशाल्मलीवने च कण्टका अधोमुखीभवन्त ऊर्द्ध्वमुखीभवन्तश् चेति ।	དཔེར་ན་ལུག་ལྟ་བུའི་རི་དགས་འོང་བ་དང་། འགྲོ་བ་དང་། ལྕགས་ཀྱི་ཤལ་ལ་མ་ལིའི་ནགས་ཚལ་ཆོར་མ་ཁ་ཐུར་དུ་ལྟ་བ་དང་གྱེན་དུ་ལྟ་བར་འགྱུར་བ་ལྟ་བུ་སྟེ་།
 न ते न संभवन्त्य् एव ।	དེ་དག་ནི་མེད་པ་ཡང་མ་ཡིན་ནོ་ཞེ་ན་།
 यदि तत्कर्मभिस् तत्र भूतानां संभवस् तथा ।	གལ་ཏེ་དེའི་ལས་ཀྱིས་དེར་འབྱུང་བ་དག་ནི་བྱུང་བ་དང་། དེ་བཞིན་འགྱུར་བར་འདུག་ན་གོ་༎
 इष्यते परिणामश् च किं विज्ञानस्य नेष्यते ॥ ६ ॥	རྣམ་པར་ཤེས་པར་ཅིས་མི་འདོད་༎
 विज्ञानस्यैव तत्कर्मभिस् तथा परिणामः कस्मान् नेष्यते किं पुनर् भूतानि कल्प्यन्ते ॥ अपि च ।	དེའི་ལས་རྣམས་ཀྱིས་དེར་རྣམ་པར་ཤེས་པ་ཉིད་དེར་དེ་ལྟ་བུར་འགྱུར་བ་ཅིའི་ཕྱིར་མི་འདོད་ལ་། ཅིའི་ཕྱིར་འབྱུང་བ་རྣམས་སུ་རྟོག་། 
 कर्मणो वासनान्यत्र फलम् अन्यत्र कल्प्यते ।	གཞན་ན་ལས་ཀྱི་བག་ཆགས་ལ་༎ འབྲས་བུ་དག་ནི་གཞན་དུ་རྟོག་། 
 तत्रैव नेष्यते यत्र वासना किं नु कारणं ॥ ७ ॥	གང་ན་བག་ཆགས་ཡོད་པ་དེར་༎ ཅིའི་ཕྱིར་ན་འདོད་མི་བྱ་༎
 येन हि कर्मणा नारकाणां तत्र तादृशो भूतानां संभवः कल्प्यते परिणामश् च तस्य कर्मणो वासना तेषां विज्ञानसंतानसंनिविष्टा नान्यत्र	སེམས་ཅན་དམྱལ་བ་པ་རྣམས་ཀྱི་ལས་གང་གིས་དེར་འབྱུང་བ་དག་དེ་ལྟ་བུར་འབྱུང་བ་དང་། འགྱུར་བར་ཡང་རྟོག་པའི་ལས་དེའི་བག་ཆགས་དེ་དག་ཉིད་ཀྱི་རྣམ་པར་ཤེས་པའི་རྒྱུད་ལ་། གནས་ཏེ་། 
 यत्रैव च वासना तत्रैव तस्याः फलं तादृशो विज्ञानपरिणामः किं नेष्यते ।	གཞན་མ་ཡིན་ན་བག་ཆགས་དེ་གང་ན་ཡོད་པ་དེ་དག་ཉིད་ལ་དེའི་འབྲས་བུ་རྣམ་པར་ཤེས་པར་གྱུར་པ་དེ་འདྲ་བར་ཅིའི་ཕྱིར་མི་འདོད་ལ་།
 यत्र वासना नास्ति तत्र तस्याः फलं कल्प्यत इति किम् अत्र कारणं ॥	གང་ན་བག་ཆགས་མེད་པ་དེར་དེའི་འབྲས་བུ་རྟོག་བ་འདི་ལ་གཏན་ཚིགས་ཅི་ཡོད་། ༄༦ཨ་༌་༎ སྨྲས་པ་།
 आगमः कारणं ।	ལུང་གི་གཏན་ཚིགས་ཡོད་དེ་།
 यदि विज्ञानम् एव रूपादिप्रतिभासं स्यान् न रूपादिको ऽर्थस् तदा रूपाद्यायतनास्तित्वं भगवता नोक्तं स्यात् ।	གལ་ཏེ་རྣམ་པར་ཤེས་པ་ཉིད་གཟུགས་ལ་སོགས་པར་སྣང་གི་༎ གཟུགས་ལ་སོགས་པའི་དོན་ནི་མེད་ན་གཟུགས་ལ་སོགས་པའི་སྐྱེ་མཆེད་ཡོད་པར་ནི་བཅོམ་ལྡན་འདས་ཀྱིས་གསུང་བར་མི་འགྱུར་རོ་ཞེ་ན་། འདི་ནི་གཏན་ཚིགས་མ་ཡིན་ཏེ་༎
 अकारणम् एतद् यस्मात् ।	འདི་ལྟར་།
 रूपाद्यायतनास्तित्वं तद्विनेयजनं प्रति ।	གཟུགས་སོགས་སྐྱེ་མཆེད་ཡོད་པར་ནི་༎ དེས་འདུལ་བ་ཡི་སྐྱེ་བོ་ལ་༎ དགོངས་པའི་དབང་གིས་གསུངས་པ་སྟེ་༎
 अभिप्रायवशाद् उक्तम् उपपादुकसत्त्ववत् ॥ ८ ॥	བརྫུས་ཏེ་བྱུང་བའི་སེམས་ཅན་བཞིན་༎
 यथास्ति सत्त्व उपपादुक इत्य् उक्तं भगवता अभिप्रायवशाच् चित्तसंतत्यनुच्छेदम् आयत्याम् अभिप्रेत्य ।	དཔེར་ན་བཅོམ་ལྡན་འདས་ཀྱིས་བརྫུས་ཏེ་བྱུང་བའི་སེམས་ཅན་བཞིན་ཡོད་དོ་༎ ཞེས་གསུངས་བ་ཡང་ཕྱི་མ་ལ་སེམས་ཀྱི་རྒྱུད་རྒྱུན་མི་འཆད་པ་ལ་དགོངས་ནས་དགོངས་པའི་དབང་གིས་གསུངས་པ་སྟེ་།
 नास्तीह सत्त्व आत्मा वा धर्मास् त्व् एते सहेतुकाः	འདི་ན་བདག་གམ་སེམས་ཅན་མེད་༎ ཆོས་འདི་རྒྱུ་དང་བཅས་ལས་བྱུང་༎
 इति वचनात् ।	ཞེས་གསུངས་པའི་ཕྱིར་རོ་༎
 एवं रूपाद्यायतनास्तित्वम् अप्य् उक्तं भगवता तद्देशनाविनेयजनम् अधिकृत्येत्य् आभिप्रायिकं तद् वचनं ॥	དེ་བཞིན་དུ་བཅོམ་ལྡན་འདས་ཀྱིས་གཟུགས་ལ་སོགས་པའི་སྐྱེ་མཆེད་ཡོད་པར་གསུངས་པ་ཡང་དེ་བསྟན་པས་འདུལ་བའི་སྐྱེ་བོའི་ཆེད་དུ་སྟེ་། བཀའ་དེ་ནི་དགོངས་པ་ཅན་ནོ་༎
 को ऽत्र अभिप्रायः ।	འདིར་ཅི་ལས་དགོངས་ཤེ་ན་།
 यतः स्वबीजाद् विज्ञप्तिर् यदाभासा प्रवर्तते ।	རང་གི་ས་བོན་གང་ལས་སུ་༎ རྣམ་རིག་སྣང་བ་གང་བྱུང་བ་༎
 द्विविधायतनत्वेन ते तस्या मुनिर् अब्रवीत् ॥ ९ ॥	དེ་དག་དེ་ཡི་སྐྱེ་མཆེད་ནི་༎ རྣམ་པ་གཉིས་སུ་ཐུབ་པས་གསུངས་༎
 किम् उक्तं भवति ।	འདི་སྐད་དུ་བསྟན་པར་འགྱུར་ཞེ་ན་།
 रूपप्रतिभासा विज्ञप्तिर् यतः स्वबीजात् परिणामविशेषप्राप्ताद् उत्पद्यते तच् च बीजं यत् प्रतिभासा च सा ते तस्या विज्ञप्तेश् चक्षूरूपायतनत्वेन	གཟུགས་སུ་སྣང་བའི་རྣམ་པར་རིག་པ་རང་གི་ས་བོན་འགྱུར་བའི་བྱེ་བྲག་ཏུ་གྱུར་པ་གང་ལས་བྱུང་བའི་ས་བོན་དེ་དང་སྣང་བ་གང་ཡིན་པ་དེ་དང་དེ་དག་ནི་དེའི་མིག་དང་། གཟུགས་ཀྱི་སྐྱེ་མཆེད་དུ་བཅོམ་ལྡན་འདས་ཀྱིས་གོ་རིམས་བཞིན་དུ་གསུངས་སོ་༎
 यथाक्रमं भगवान् अब्रवीत् । एवं यावत् स्प्रष्टव्यप्रतिभासा विज्ञप्तिर् यतः स्वबीजात् परिणामविशेषप्राप्ताद् उत्पद्यते तच् च बीजं यत् प्रतिभासा च सा ते तस्या कायस्प्रष्टव्यायतनत्वेन यथाक्रनं	དེ་བཞིན་དུ་རེག་བྱར་སྣང་བའི་རྣམ་པར་རིག་པའི་བར་དུ་རང་རང་གི་ས་བོན་འགྱུར་བའི་བྱེ་བྲག་ཏུ་གྱུར་པའི་ས་བོན་གང་ལས་བྱུང་བའི་ས་བོན་དེ་དང་། སྣང་བ་གང་ཡིན་པ་དེ་དང་དེ་དག་ནི་བཅོམ་ལྡན་འདས་ཀྱིས་དེའི་ལུས་དང་རེག་བྱའི་སྐྱེ་མཆེད་དུ་གོ་རིམས་བཞིན་དུ་གསུངས་ཏེ་།
 भगवान् अब्रवीद् इत्य् अयम् अभिप्रायः ॥	འདི་ནི་འདིར་དགོངས་པའོ་༎
 एवं पुनर् अभिप्रायवशेन देशयित्वा को गुणाः ।	དེ་ལྟར་དགོངས་པའི་དབང་གིས་བསྟན་པ་ལ་ཡོན་ཏན་ཅི་ཡོད་ཅེ་ན་།
 तथा पुद्गलनैरात्म्यप्रवेशो हि	དེ་ལྟར་གང་ཟག་ལ་བདག་མེད་པར་འཇུག་པར་འགྱུར་རོ་༎
 तथा हि देश्यमाने पुद्गलनैरात्म्यं प्रविशन्ति ।	དེ་ལྟར་བཤད་ན་གང་ཟག་ལ་བདག་མེད་པར་འཇག་༄༦བ་པར་འགྱུར་ཏེ་།
 द्वयाद् विज्ञानषट्कं प्रवर्तते ।	དྲུག་པོ་གཉིས་ལས་རྣམ་པར་ཤེས་པ་དྲུག་འབྱུང་གི་།
 न तु कश्चिद् एको द्रष्टास्ति न यावन् मन्तेत्य् एवं विदित्वा ये पुद्गलनैरात्म्यदेशनाविनेयास् ते पुद्गलनैरात्म्यं प्रविशन्ति ।	ལྟ་བ་པོ་གཅིག་པུ་ནས་རེག་པ་པོའི་བར་དུ་གནང་ཡང་མེད་པར་རིག་ནས་གང་དག་གང་ཟག་ལ་བདག་མེད་པར་བསྟན་པས་འདུལ་བ་དེ་དག་གང་ཟག་ལ་བདག་མེད་པར་འཇུག་གོ་༎
 अन्यथा पुनः ।	གཞན་དུ་ཡང་།
 देशना धर्मनैरात्म्यप्रवेशः	བསྟན་པ་ཆོས་ལ་བདག་མེད་པར་འཇུག་འགྱུར་༎
 अन्यथेति विज्ञप्तिमात्रदेशना ।	གཞན་དུ་ཡང་ཞེས་བྱ་བ་ནི་རྣམ་པར་རིག་པ་ཙམ་དུ་བསྟན་པའོ་༎
 कथं धर्मनैरात्म्यप्रवेशः ।	ཇི་ལྟར་ཆོས་ལ་བདག་མེད་པར་འཇུག་ཅེ་ན་།
 विज्ञप्तिमात्रम् इदं रूपादिधर्मप्रतिभासम् उत्पद्यते न तु रूपादिलक्षणो धर्मः को ऽप्य् अस्तीति विदित्वा ।	རྣམ་པར་རིག་པ་ཙམ་འདི་ཉིད་གཟུགས་ལ་སོགས་པའི་ཆོས་སུ་སྣང་བར་འབྱུང་སྟེ་། གཟུགས་ལ་སོགས་པའི་མཚན་ཉིད་ཀྱི་ཆོས་གང་ཡང་མེད་བར་རིག་ནས་འཇུག་གོ་༎
 यदि तर्हि सर्वथा धर्मो नास्ति तद् अपि विज्ञप्तिमात्रं नास्तीति कथं तर्हि व्यवस्थाप्यते । न खलु सर्वथा धर्मो नास्तीत्य् एवं धर्मनैरात्म्यप्रवेशो भवति । अपि तु । कल्पितात्मना ॥ १० ॥	གལ་ཏེ་ཆོས་རྣམ་པ་ཐམས་ཅད་དུ་མེད་ན་རྣམ་པར་རིག་པ་ཙམ་ཞེས་བྱ་བ་དེ་ཡང་མེད་པས་དེ་ཇི་ལྟར་རྣམ་པར་གཞག་ཅེ་ན་། ཆོས་ནི་རྣམ་པ་ཐམས་ཅད་དུ་མེད་པ་མ་ཡིན་པས་དེ་ལྟར་ཆོས་ལ་བདག་མེད་པར་འཇུག་པར་འགྱུར་ཏེ་།
 यो बालैर् धर्माणां स्वभावो ग्राह्यग्राहकादिः परिकल्पतस् तेन कल्पितेनात्मना तेषां नैरात्म्यं न त्व् अनभिलाप्येनात्मना यो बुद्धानां विषय इति ।	བརྟགས་པའི་བདག་ཉིད་ཀྱིས་། གང་བྱིས་པ་རྣམས་ཀྱིས་ཆོས་རྣམས་ཀྱི་རང་བཞིན་ཀུན་བརྟགས་པའི་བདག་ཉིད་དེས་དེ་དག་བདག་མེད་ཀྱི་སངས་རྒྱས་ཀྱི་ཡུལ་གང་ཡིན་པ་བརྗོད་དུ་མད་པའི་བདག་ཉིད་ཀྱིས་ནི་མེད་པ་མ་ཡིན་ནོ་༎ 
 एवं विज्ञप्तिमात्रस्यापि विज्ञप्त्यन्तरपरिकल्पितेनात्मना नैरात्म्यप्रवेशात् विज्ञप्तिमात्रव्यवस्थापनया सर्वधर्माणां नैरात्म्यप्रवेशो भवति न तु तदस्तित्वापवादात् ।	དེ་ལྟར་རྣམ་པར་རིག་པ་ཙམ་ཡང་རྣམ་པར་རིག་པ་གཞན་གྱིས་ཀུན་བརྟགས་པའི་བདག་ཉིད་ཀྱིས་བདག་མེད་པར་རྟོགས་པའི་ཕྱིར་རྣམ་པར་རིག་པ་ཙམ་དུ་རྣམ་པར་གཞག་པས་ཆོས་ཐམས་ཅད་ལ་ཆོས་ལ་བདག་མེད་པར་འཇུག་པ་ཡིན་ནོ་༎ གྱི་། ཡོད་པ་དེ་ལ་ཡང་རྣམ་པ་ཐམས་ཅད་དུ་སྐུར་པས་ནི་མ་ཡིན་ནོ་ནོ་༎ 
 इतरथा हि विज्ञप्तेर् अपि विज्ञप्त्यन्तरम् अर्थः स्याद् इति विज्ञप्तिमात्रत्वं न सिध्येतार्थवतीत्वाद् विज्ञप्तीनां ॥	གྱི་། ༎ གཞན་དུ་ན་ནི་རྣམ་པར་རིག་པ་གཞན་ཡང་རྣམ་པར་རིག་པ་གཞན་གྱི་དོན་དུ་འགྱུར་བས་རྣམ་པར་རིག་པ་ཙམ་ཉིད་དུ་མི་འགྲུབ་སྟེ་། རྣམ་པར་རིག་པ་རྣམས་དོན་དང་ལྡན་པའི་ཕྱིར་རོ་༎
 कथं पुनर् इदं प्रत्येतव्यम् अनेनाभिप्रायेण भगवता रूपाद्यायतनास्तित्वम् उक्तं न पुनः सन्त्य् एव तानि यानि रूपादिविज्ञप्तीनां प्रत्येकं विषयीभवन्ति इति । यस्मात् ।	བཅོམ་ལྡན་འདས་ཀྱིས་དགོངས་པ་འདིས་གཟུགས་ལ་སོགས་པའི་སྐྱེ་མཆེད་ཡང་པར་གསུངས་ཀྱི་། གཟུགས་ལ་སོགས་པ་གང་དག་ཡོད་བཞིན་དུ་དེ་དག་རྣམ་པར་རིག་པ་སོ་སོའི་ཡུལ་དུ་མི་འགྱུར་རོ་ཞེས་བྱ་བ་དེ་ཇི་ལྟར་རྟོགས་པར་བྱ་ཞེ་ན་། 
 न तद् एकं न चानेकं विषयः परमाणुशः ।	འདི་ལྟར་དེ་ནི་གཅིག་ནའང་ཡུལ་མིན་ལ་༎ ཕྲ་རབ་རྡུལ་དུ་དུ་མའང་མིན་༎
 न च ते संहता यस्मात् परमाणुर् न सिध्यति ॥ ११ ॥	དེ་དག་འདུས་པའང་མ་ཡིན་ཏེ་༎ འདི་༄༧ཨ་༌་༎ ལྟར་རྡུལ་ཕྲན་མི་འགྲུབ་ཕྱིར་༎
 इति । किम् उक्तं भवति ।	ཇི་སྐད་དུ་བསྟན་པར་འགྱུར་ཞེ་ན་།
 यत् तद्रूपादिकम् आयतनं रूपादिविज्ञप्तीनां प्रत्येकं विषयः स्यात् तद् एकं वा स्याद् यथावयविरूपं कल्प्यते वैशेषिकैः ।	གང་གཟུགས་ལ་སོགས་པའི་སྐྱེ་མཆེད་གཟུགས་ལ་སོགས་བ་རྣམ་པར་རིག་པ་སོ་སོའི་ཡུལ་ཡིན་དུ་ཟིན་ན་དེ་ནི་གཅིག་པུ་ཞིག་ཡིན་ཏེ་། ཇི་ལྟར་བྱེ་བྲག་པ་རྣམས་ཀྱིས་ཆ་ཤས་ཅན་གྱི་ངོ་བོར་བརྟག་པའི་ལྟ་བུའམ་།
 अनेकं वा परमाणुशः । संहता वा त एव परमाणवः ।	རྡུལ་ཕྲ་རབ་དུ་མའམ་རྡུལ་ཕྲ་རབ་དེ་དག་ཉིད་འདུས་པ་ཞིག་ཏུ་འགྱུར་གྲང་ན་།
 न तावद् एकं विषयो भवत्य् अवयवेभ्यो ऽन्यस्यावयविरूपस्य क्वचिद् अप्य् अग्रहणात् ।	གཅིག་པུ་དེ་ནི་ཡུལ་མ་ཡིན་ཏེ་། ཆ་ཤས་རྣམས་ལས་གཞན་པ་ཆ་ཤས་ཅན་གྱི་ངོ་བོ་གང་ལའང་མི་འཛིན་པའི་ཕྱིར་རོ་༎
 नाप्य् अनेकं परमाणूनां (व्व्स्_७)	དུ་མའང་ཡུལ་མ་ཡིན་ཏེ་།
 प्रत्येकम् अग्रहणात् ।	རྡུལ་ཕྲ་རབ་སོ་སོ་ལ་མི་འཛིན་པའི་ཕྱིར་རོ་༎
 नापि ते संहता विषयीभवन्ति ।	དེ་དག་འདུས་པ་ཡང་ཡུལ་མ་ཡིན་ཏེ་།
 यस्मात् परमाणुर् एकं द्रव्यं न सिध्यति ॥	འདི་ལྟར་རྡུལ་ཕྲ་རབ་རྫས་གཅིག་ཏུ་མི་འགྲུབ་པའི་ཕྱིར་རོ་༎
 कथं न सिध्यति । यस्मात् ।	ཇི་ལྟར་མི་འགྲུབ་ཅེ་ན་འདི་ལྟར་༎
 षट्केन युगपद् योगात् परमाणोः षडंशता ।	དྲུག་གིས་ཅིག་ཅར་སྦྱར་བས་ན་༎ ཕྲ་རབ་རྡུལ་ཆ་དྲུག་ཏུ་འགྱུར་༎
 षड्भ्यो दिग्भ्यः षड्भिः परमाणुभिर् युगपद् योगे सति परमाणोः षडंशता प्राप्नोति ।	ཕྱོགས་དྲུག་ནས་རྡུལ་ཕྲ་རབ་དྲུག་གིས་ཅིག་ཅར་དུ་སྦྱར་ན་ནི་རྡུལ་ཕྲ་རབ་ཆ་དྲུག་ཏུ་འགྱུར་ཏེ་། 
 एकस्य यो देशस् तत्रान्यस्यासंभवात् ।	གཅིག་གི་གོ་གང་ཡིན་པ་དེར་གཞན་མི་འབྱུང་བའི་ཕྱིར་རོ་༎ དྲུག་པོ་དག་ཀྱང་གོ་གཅིག་ན་༎ གོང་བུ་རྡུལ་ཕྲན་ཙམ་དུ་འགྱུར་༎
 षण्णां समानदेशत्वात् पिण्डः स्याद् अणुमात्रकः ॥ १२ ॥ अथ य एवैकस्य परमाणोर् देशः स एव षण्णां ।	ཇི་སྟེ་རྡུལ་ཕྲ་རབ་གཅིག་གི་གོ་གང་ཡིན་པ་དེ་ཉིད་དུ་དྲུག་པོ་རྣམས་ཀྱི་གོ་ཡང་ཡིན་ན་ནི་དེས་ན་ཐམས་ཅད་གོ་གཅིག་པའི་ཕྱིར་གོང་བུ་ཐམས་ཅད་རྡུལ་ཕྲ་རབ་ཙམ་དུ་འགྱུར་ཏེ་། 
 तेन सर्वेषां समानदेशत्वात् सर्वः पिण्डः परमाणुमात्रः स्यात् परस्पराव्यतिरेकाद् इति न कश्चित् पिण्डो दृश्यः स्यात् ॥	ཕན་ཚུན་ཐ་དད་པ་མེད་པའི་ཕྱིར་གོང་བུ་གང་ཡང་སྣང་བར་མི་འགྱུར་རོ་འགྱུར་ཏེ་། ༎ ཁ་ཆེའི་བྱེ་བྲག་ཏུ་སྨྲ་བ་རྣམས་ཉེས་པ་འདི་འབྱུང་དུ་འོང་ངོ་ཞེས་འགྱུར་ཏེ་། ༎ ཏེ་། 
 नैव हि परमाणवः संयुज्यन्ते निरवयवत्वात् । मा भूद् एष दोषप्रसङ्गः ।	རྡུལ་ཕྲ་རབ་རྣམས་ནི་ཆ་ཤས་མེད་པའི་ཕྱིར་སྤྱོར་བ་མ་ཡིན་འགྱུར་ཏེ་། ༎ ཏེ་། གྱི་། 
 संहतास् तु परस्परं संयुज्यन्त इति काश्मीरवैभाषिकास् त इदं प्रष्टव्याः ।	འདུས་པ་དག་ནི་ཕན་ཚུན་སྦྱོར་རོ་ཞེས་ཟེར་བ་དེ་དག་ལ་འདི་སྐད་དུ་།
 यः परमाणूनां संघातो न स तेभ्यो ऽर्थान्तरम् इति ।	རྡུལ་ཕྲ་རབ་རྣམས་འདུས་པ་གང་ཡིན་པ་དེ་དེ་དག་ལས་དོན་གཞན་རྣམས་མ་ཡིན་ནོ་ཞེས་བརྗོད་པར་བྱའོ་༎ 
 परमाणोर् असंयोगात् तत्संघाते ऽस्ति कस्य सः ।	རྡུལ་ཕྲན་སྦྱོར་བ་མེད་ན་ནི་༎ དེ་འདུས་ཡོད་པ་དེ་གང་གིས་༎
 संयोग इति वर्तते ।	སྦྱོར་བ་ཞེས་བྱ་བར་བསྙེགས་སོ་༎
 न चानवयवत्वेन तत्संयोगो न सिध्यति ॥ १३ ॥	ཆ་ཤས་ཡོད་བ་མ་ཡིན་པས་༎ དེ་སྦྱོར་མི་འགྲུབ་མ་ཟེར་ཅིག་། 
 अथ संघाता अप्य् अन्योन्यं न संयुज्यन्ते ।	ཇི་སྟེ་འདུས་པ་དག་ཀྱང་ཕན་ཚུན་མི་སྦྱོར་རོ་ཞེ་ན་། 
 न तर्हि परमाणूनां निरवयवत्वात् संयोगो न सिध्यतीति वक्तव्यं । सावयवस्यापि हि संघातस्य संयोगानभ्युपगमात् ।	རྡུལ་ཕྲ་རབ་རྣམས་ནི་ཆ་ཤས་མེད་པའི་ཕྱིར་སྦྱོར་བ་མི་འགྲུབ་བོ་ཞེས་མ་ཟེར་ཅིག་འདུས་པ་ཆ་ཤས་དང་བཅས་པ་ཡང་སྦྱོར་བར་ཁས་མི་ལེན་པའི་ཕྱིར་རོ་༎
 तस्मात् परमाणुर् एकं द्रव्यं न सिध्यति ।	དེ་བས་རྡུལ་ཕྲ་༄༧བ་རབ་རྫས་གཅིག་པུ་མི་འགྲུབ་བོ་༎
 यदि च परमाणोः संयोग इष्यते यदि वा नेष्यते ।	རྡུལ་ཕྲ་རབ་སྦྱོར་བར་འདོད་ཀྱང་རུང་མི་འདོད་ཀྱང་རུང་སྟེ་།
 दिग्भागभेदी यस्यास्ति तस्यैकत्वं न युज्यते ।	གང་ལ་ཕྱོགས་ཆ་ཐ་དད་ཡོད་༎ དེ་ནི་གཅིག་ཏུ་མི་རུང་ངོ་༎
 अन्यो हि परमाणोः पूर्वदिग्भागो यावद् अधोदिग्भाग इति दिग्भागभेदे सति कथं तदात्मकस्य परमाणोर् एकत्वं योक्ष्यते । छायावृती कथ वा	རྡུལ་ཕྲ་རབ་ཀྱི་ཤར་ཕྱོགས་ཀྱི་ཆ་ཡང་གཞན་པ་ནས་འོག་གི་ཆའི་བར་དུ་ཡང་གཞན་ཏེ་། ཕྱོགས་ཀྱི་ཆ་ཐ་དད་ན་དེའི་བདག་ཉིད་ཀྱི་རྡུལ་ཕྲ་རབ་གཅིག་པུར་ཇི་ལྟར་རུང་།
 यद्य् एकैकस्य परमाणोर् दिग्भागभेदो न स्याद् आदित्योदये कथम् अन्यत्र छाया भवत्य् अन्यत्रातपः ।	སྒྲིབ་དང་སྒྲིབ་པར་ཇི་ལྟར་འགྱུར་༎ གལ་ཏེ་རྡུལ་ཕྲ་རབ་རེ་རེ་ལ་ཕྱོགས་ཀྱི་ཆ་ཐ་དད་པ་མེད་ན་ནི་ཉི་མ་ཤར་བའི་ཚེ་ངོས་གཞན་ན་ནི་གྲིབ་མ་འབབ་པར་ཇི་ལྟར་འགྱུར་ཏེ་།
 न हि तस्यान्यः प्रदेशो ऽस्ति यत्रातपो न स्यात् ।	དེ་ལ་ནི་གང་དུ་ཉི་མ་མི་འབབ་པའི་ཕྱོགས་གཞན་མེད་དོ་༎
 आवरणं च कथं भवति परमाणोः परमाण्वन्तरेण यदि दिग्भागभेदो नेष्यते ।	གལ་ཏེ་ཕྱོགས་ཀྱི་ཕྱོགས་ཐ་དད་པར་མི་འདོད་ན་རྡུལ་ཕྲ་རབ་ལ་རྡུལ་ཕྲ་རབ་གཞན་གྱིས་སྒྲིབ་པར་ཡང་ཇི་ལྟར་འགྱུར་།
 न हि कश्चिद् अपि परमाणोः परभागो ऽस्ति यत्रागमनाद् अन्येनान्यस्य प्रतिघातः स्यात् ।	རྡུལ་ཕྲ་རབ་གང་ལ་ཡང་ཆ་ཤས་གཞན་མེད་ན་གང་དུ་འོང་བའི་ཕྱོགས་ལ་གཅིག་ལ་གཅིག་ཐོགས་པར་འགྱུར་། 
 असति च प्रतिघाते सर्वेषां समानदेशत्वात् सर्वः संघातः (व्व्स्_८) परमाणुमात्रः स्याद् इत्य् उक्तं ।	ཐོགས་པ་མེད་ན་ནི་ཐམས་ཅད་གོ་གཅིག་ཏུ་གྱུར་པས་འདུས་པ་ཐམས་ཅད་རྡུལ་ཕྲ་རབ་ཙམ་དུ་འགྱུར་ཏེ་།
 किम् एवं नेष्यते पिण्डस्य ते छायावृती न परमाणोर् इति ।	དེ་ནི་བཤད་ཟིན་ཏོ་༎ གྲིབ་མ་དང་སྒྲིབ་པ་རྡུལ་ཕྲ་རབ་ཀྱི་མ་ཡིན་ཡང་། ཅི་གོང་བུའི་ཡིན་པ་དེ་ལྟར་ཡང་མི་འདོད་དམ་།
 किं खलु परमाणुभ्यो ऽन्यः पिण्ड इष्यते यस्य ते स्यातां । नेत्य् आह ।	རྡུལ་ཕྲ་རབ་རྣམས་ལ་གོང་བུ་གཞན་ཞིག་ཡིན་པར་འདོད་དམ་ཅི་ན་དེ་དག་དེའི་ཡིན་། སྨྲས་པ་།
 अन्यो न पिण्डश् चेन् न तस्य ते ॥ १४ ॥	ཡིན་ནོ་༎ གོང་བུ་གཞན་མིན་དེ་དེའི་མིན་༎
 यदि नान्यः परमाणुभ्यः पिण्ड इष्यते न ते तस्येति सिद्धं भवति ।	གལ་ཏེ་རྡུལ་ཕྲ་རབ་རྣམས་ལས་གོང་བུ་གཞན་མ་ཡིན་ན་དེ་དག་དེའི་མ་ཡིན་པར་གྲུབ་པ་ཡིན་ནོ་༎ ཡོངས་སུ་རྟོགས་པ་འདི་ནི་གནས་པའི་ཁྱད་པར་ཏེ་།
 संनिवेशपरिकल्प एषः परमाणुः संघात इति वा ॥	གཟུགས་ལ་སོགས་པའི་མཚན་ཉིད་ནི་མ་བཀག་ན་རྡུལ་ཕྲ་རབ་ཅེའམ་།
 किम् अनया चिन्तया लक्षणं । तु रूपादि यदि न प्रतिषिध्यते ।	འདུས་བ་ཞེས་བསམ་པ་འདིས་ཅི་ཞིག་བྱ་ཞེ་ན་།
 किं पुनस् तेषां लक्षणं ।	དེ་དག་གི་མཚན་ཉིད་གང་ཡིན་།
 चक्षुरादिविषयत्वं नीलादित्वं च । तद् एवेदं संप्रधार्यते ।	མིག་ལ་སོགས་པའི་ཡུལ་ཉིད་དང་༎ སྔོན་པོ་ལ་སོགས་བ་ཉིད་དོ་༎
 यत् तच् चक्षुरादीनां विषयो नीलपीतादिकम् इष्यते किं तद् एकं द्रव्यम् अथ वा तद् अनेकम् इति ।	གང་མིག་ལ་སོགས་པའི་ཡུལ་སྔོན་པོ་དང་། སེར་པོ་ལ་སོགས་བ་འདོད་པ་དེ་ཅི་རྫས་གཅིག་པུ་ཞིག་གམ་། འོན་ཏེ་དུ་མ་ཞིག་ཅེས་དེ་དཔྱད་པར་བྱའོ་༎
 किं चातः ।	འདིས་ཅི་ཞིག་བྱ་ཞེ་ན་།
 अनेकत्वे दोष उक्तं ।	དུ་མའི་ངེས་པ་ནི་བཤད་ཟིན་ཏོ་༎ གཅིག་ན་རིམ་གྱིས་འགྲོ་བ་མེད་༎
 एकत्वे न क्रमेणेतिर् युगपन् न ग्रहाग्रहौ ।	ཟིན་དང་མ་ཟིན་ཅིག་ཅར་མེད་༎
 विच्छिन्नानेकवृत्तिश् च सूक्ष्मानीक्षा च नो भवेत् ॥ १५ ॥	རིས་ཆད་དུ་མར་གནས་པ་དང་༎ མིག་གིས་མི་སོད་ཕྲ་བའང་མེད་༎
 यदि यावद् विच्छिन्नं नानेकं चक्षुषो विषयस् तद् एकं द्रव्यं कल्प्यते पृथिव्यां क्रमेणेतिर् न स्याद् गमनम् इत्य् अर्थः ।	གལ་ཏེ་མིག་གི་ཡུལ་སྔོན་པོ་དང་སེར་༄༨ཨ་༌་༎ པོ་ལ་སོགས་པ་གང་ཡིན་པ་དེ་རིས་སུ་མ་ཆད་དེ་རྫས་གཅིག་པར་རྟོགས་ནས་ལ་རིམ་གྱིས་འགྲོ་བར་མི་འགྱུར་ཏེ་།
 सकृत्पादक्षेपेण सर्वस्य गतत्वात् ।	གོམ་པ་གཅིག་བོར་བས་ཐམས་ཅད་དུ་སོན་པའི་ཕྱིར་རོ་༎
 अर्वाग्भागस्य च ग्रहणं परभागस्य चाग्रहणं युगपन् न स्यात् ।	ཚུ་རོལ་གྱི་ཆ་ཟིན་ལ་ཕ་རོལ་གྱི་ཆ་མ་ཟིན་པ་ཅིག་ཅར་དུ་མི་འགྱུར་ཏེ་།
 न हि तस्यैव तदानीं ग्रहणं चाग्रहणं च युक्तम् ।	དེའི་ཚེ་ཟིན་པ་དང་མ་ཟིན་པ་དེ་མི་རིགས་སོ་༎ གླང་པོ་ཆེ་དང་རྟ་ལ་སོགས་པའི་རིས་སུ་ཆད་པ་དུ་མ་གཅིག་ན་འདུག་པར་མི་འགྱུར་ཏེ་། 
 विच्छिन्नस्य चानेकस्य हस्त्यश्वादिकस्यैकत्र वृत्तिर् न स्याद् यत्रैव ह्य् एकं तत्रैवापरम् इति कथं तयोर् विच्छेद इष्यते ।	གཅིག་གནང་ན་འདུག་པ་དེ་ཉིད་ན་གཞན་ཡང་འདུག་ན་དེ་དག་རིས་སུ་ཆད་པར་ཏེ་། ཇི་ལྟར་རུང་། དེ་གཉིས་ཀྱིས་གནང་ནོན་པ་དང་མ་ནོན་པ་དེ་དག་གཅིག་ཏུ་ཇི་ལྟར་རུང་སྟེ་།
 कथं वा तद् एकं यत् प्राप्तं च ताभ्यां न च प्राप्तम् अन्तराले तच् छून्यग्रहणात् । सूक्ष्माणां चौदकजन्तूनां स्थूलैः समानरूपाणाम् अनीक्षणं न स्याद् ।	བར་ན་དེ་དག་གིས་སྟོང་པ་གཟུང་དུ་ཡོད་པའི་ཕྱིར་རོ་༎
 यदि लक्षणभेदाद् एव द्रव्यान्तरत्वं कल्प्यते नान्यथा ।	གལ་ཏེ་མཚན་ཉིད་ཐ་དད་པ་ཉིད་ཀྱིས་རྫས་གཞན་ཁོ་ནར་རྟོག་གི་གཞན་དུ་མ་ཡིན་ན་གོ་༎ ཆུའི་སྐྱེ་བོ་ཕྲ་མོ་རྣམས་ཀྱང་ཆེན་པོ་དག་དང་གཟུགས་མཚུངས་པས་མིག་གིས་མི་སོད་པར་མི་འགྱུར་རོ་༎
 तस्माद् अवश्यं परमाणुशो भेदः कल्पयितव्यः ।	དེའི་ཕྱིར་ངེས་པར་རྡུལ་ཕྲ་རབ་ཐ་དད་པར་བརྟག་པར་བྱ་སྟེ་།
 स चैको न सिध्यति ।	དེ་དག་གཅིག་ཏུ་མི་འགྲུབ་བོ་༎
 तस्यासिद्धौ रूपादीनां चक्षुरादिविषयत्वम् असिद्धम् इति सिद्धं विज्ञप्तिमात्रं भवतीति ॥	དེ་མ་གྲུབ་པས་གཟུགས་ལ་སོགས་པ་ཡང་མིག་ལ་སོགས་པའི་ཡུལ་ཉིད་དུ་མི་འགྲུབ་སྟེ་། རྣམ་པར་རིག་པ་ཙམ་དུ་གྲུབ་པ་ཡིན་ནོ་༎
 प्रमाणवशाद् अस्तित्वं नास्तित्वं वा निर्धार्यते सर्वेषां च प्रमाणानां प्रत्यक्षं प्रमाणं गरिष्टम् इत्य् असत्य् अर्थे कथम् इयं बुद्धिर् भवति प्रत्यक्षम् इति । प्रत्यक्षबुद्धिः स्वप्नादौ यथा	ཚད་མའི་དབང་གིས་ན་ཡོད་དམ་མེད་པ་དམིགས་ཀྱིས་དབྱེ་བར་འགྱུར་ལ་། ཚད་མ་ཐམས་ཅད་ཀྱི་ནང་ན་ཡང་མངོན་སུམ་གྱི་ཚད་མ་ནི་མཆོག་ཡིན་ནོ་༎ དོན་དེ་མེད་ན་འདི་ནི་བདག་གི་མངོན་སུམ་མོ་སྙམ་པ་བློ་འདི་ཇི་ལྟར་འབྱུང་ཞེ་ན་། མངོན་སུམ་བློ་ནི་རྨི་སོགས་བཞིན་༎
 विनाप्य् अर्थेनेति पूर्वम् एव ज्ञापितं	དོན་མེད་པར་ཡང་ཞེས་སྔར་བསྟན་པ་ཉིད་དོ་༎
 सा च यदा तदा ।	དེ་ཡང་གང་ཚེ་དེ་ཡི་ཚེ་༎
 न सो ऽर्थो दृश्यते तस्य प्रत्यक्षत्वं कथं मतं ॥ १६ ॥	ཁྱོད་ཀྱི་དོན་དེ་མིན་སྣང་ན་༎ དེ་ནི་མངོན་སུམ་ཇི་ལྟར་འདོད་༎
 यदा च सा प्रत्यक्षबुद्धिर् भवतीदं मे प्रत्यक्षम् इति तदा न सो ऽर्थो दृश्यते मनोविज्ञानेनैव परिच्छेदाच् चक्षुर्विज्ञानस्य च तदा निरुद्धत्वाद् इति कथं तस्य प्रत्यक्षत्वम् इष्टं ।	གང་གི་ཚེ་ཡུལ་འདི་ཉིད་ནི་བདག་གི་མངོན་སུམ་མོ་སྙམ་དུ་མངོན་སུམ་གྱི་བློ་དེ་བྱུང་བ་དེའི་ཚེ་ཁྱོད་ཀྱི་དོན་དེ་མི་སྣང་སྟེ་། ཡིད་ཀྱི་རྣམ་པར་ཤེས་པས་ཡོངས་སུ་བཅད་པ་དང་། མིག་གི་རྣམ་པར་ཤེས་པ་ཡང་དེའི་ཚེ་འགགས་པའི་ཕྱིར་རོ་༎
 विशेषेण तु क्षणिकस्य विषयस्य तदानीं (व्व्स्_९)	ལྷག་པར་ཡང་སྐད་ཅིག་མར་སྨྲ་བས་དེ་མངོན་སུམ་དུ་ཇི་ལྟར་འདོད་།
 निरुद्धम् एवं तद् रूपं रसादिकं वा ॥	དེ་ལྟར་ན་དེའི་ཚེ་གཟུགས་དང་རོལ་སོགས་པ་དེ་དག་ནི་འགགས་ཟིན་ཏོ་།
 नाननुभूतं मनोविज्ञानेन स्मर्यत इत्य् अवश्यम् अर्थानुभवेन भवितव्यं तच् च दर्शनम् इत्य् एवं तद्विषयस्य रूपादेः प्रत्यक्षत्वं मतं	མྱོང་བ་མེད་པར་ཡིད་ཀྱི་རྣམ་པར་ཤེས་པ་དྲན་པར་མི་༄༨བ་འགྱུར་བས་དོན་གདོན་མི་ཟ་བར་མྱོང་བར་འགྱུར་ཏེ་། དེ་ནི་ད་མ་མཐོང་བ་ཡིན་ནོ་༎ དེ་ལྟར་དེའི་ཡུལ་གཟུགས་ལ་སོགས་པ་མངོན་སུམ་དུ་འདོད་དོ་ཞེ་ན་།
 असिद्धम् इदम् अनुभूतस्यार्थस्य स्मरणं भवतीति । यस्मात् ।	མྱོང་བ་ནི་དོན་དྲན་པ་ཡིན་ནོ་༎ ཞེས་དེ་མ་གྲུབ་སྟེ་། འདི་ལྟར་།
 उक्तं यथा तदाभासा विज्ञप्तिः	དཔེར་ན་དེར་སྣང་རྣམ་རིག་བཞིན་༎ བཤད་ཟིན་།
 विनाप्य् अर्थेन यथार्थाभासा चक्षुर्विज्ञानादिका विज्ञप्तिर् उत्पद्यते तथोक्तं । स्मरणं ततः ।	དཔེར་ན་དོན་མེད་པར་དོན་དུ་སྣང་བ་མིག་གི་རྣམ་པར་ཤེས་པ་ལ་སོགས་པའི་རྣམ་པར་རིག་པ་འབྱུང་བ་དེ་བཞིན་ཏེ་བཤད་ཟིན་ཏོ་༎ དེ་ལས་དྲན་པར་ཟད་།
 ततो हि विज्ञप्तेः स्मृतिसंप्रयुक्ता तत्प्रतिभासैव रूपादिविकल्पिका मनोविज्ञप्तिर् उत्पद्यत इति न स्मृत्युत्पादाद् अर्थानुभवः सिध्यति ।	རྣམ་པར་རིག་པ་དེ་ལས་དྲན་པ་དང་མཚུངས་པར་ལྡན་པ་དེར་སྣང་བ་ཉིད་གཟུགས་ལ་སོགས་པ་ལ་རྣམ་པར་རྟོག་པ་ཡིད་ཀྱི་རྣམ་པར་རིག་པ་འབྱུང་སྟེ་། དྲན་པ་བྱུང་བ་ལས་དོན་མྱོང་བར་མི་འགྲུབ་བོ་། དཔེར་ན་རྨི་ལམ་གྱི་རྣམ་པར་རིག་པའི་ཡུལ་ཡོད་པ་མ་ཡིན་པ་དེ་བཞིན་དུ་།
 यदि यथा स्वप्ने विज्ञप्तिर् अभूतार्थविषया तथा जाग्रतो ऽपि स्यात् तथैव तदभावं लोकः स्वयम् अवगच्छेत् ।	གལ་ཏེ་གཉིད་ཀྱིས་མ་ལོག་པའི་ཚེ་ན་ཡང་དེ་ལྟར་ཡིན་ན་ནི་དེ་ཁོ་ན་བཞིན་དུ་དེ་མེད་པར་འཇིག་རྟེན་རང་རང་གིས་ཁོང་དུ་ཆུད་པའི་རིགས་ན་།
 न चैवं भवति ।	དེ་ལྟར་ཡང་མ་ཡིན་ཏེ་།
 तस्मान् न स्वप्न इवार्थोपलब्धिः सर्वा निरर्थिका ।	དེའི་ཕྱིར་རྨི་ལམ་བཞིན་དུ་དོན་དམིགས་པ་ཐམས་ཅད་དོན་མེད་པ་མ་ཡིན་ནོ་ཞེ་ན་། དེ་ནི་གཏན་ཚིགས་སུ་མི་རུང་སྟེ་།
 इदम् अज्ञापकं । यस्मात् ।	འདི་ལྟར་།
 स्वप्नदृग्विषयाभावं नाप्रबुद्धो ऽविगच्छति ॥ १७ ॥	རྨི་ལམ་མཐོང་བ་ཡུལ་མེད་པར་༎
 एवं वितथविकल्पाभ्यासवासनानिद्रया प्रसुप्तो लोकः स्वप्न इवाभूतम् अर्थं पश्यन् न प्रबुद्धस् तदभावं यथावन् नावगच्छति ।	མ་སད་བར་དུ་རྟོགས་མ་ཡིན་༎ དེ་ལྟར་ལོག་པར་རྣམ་པར་རྟོག་པ་ལ་གོམས་པའི་བག་ཆགས་ཀྱི་གཉིད་ཀྱིས་ལོག་པའི་འཇིག་རྟེན་ནི་རྨི་ལམ་བཞིན་དུ་ཡང་དག་པ་མ་ཡིན་པའི་དོན་མཐོང་ཏེ་། མ་སད་ཀྱི་བར་དུ་དེ་མེད་པར་ཇི་ལྟ་བ་བཞིན་དུ་རྟོགས་པ་མ་ཡིན་གྱི་།
 यदा तु तत्प्रतिपक्षलोकोत्तरनिर्विकल्पज्ञानलाभात् प्रबुद्धो भवति तदा तत्पृष्ठलब्धशुद्धलौकिकज्ञानसंमुखीभावाद् विषयाभावं यथावद् अवगच्छतीति समानम् एतत् ॥	གང་གི་ཚེ་དེའི་གཉེན་པོ་འཇིག་རྟེན་ལས་འདས་པ་རྣམ་པར་མི་རྟོག་པའི་ཡེ་ཤེས་ཐོབ་ནས་སང་པར་གྱུར་པ་དེའི་ཚེ་དེའི་རྗེས་ལས་ཐོབ་པ་དག་པ་འཇིག་རྟེན་པའི་ཡེ་ཤེས་དེ་མངོན་དུ་གྱུར་ནས་ཡུལ་མེད་པར་ཇི་ལྟ་བ་བཞིན་དུ་ཁོང་དུ་ཆུད་དེ་དེ་ནི་མཚུངས་སོ་༎
 यदि स्वसंतानपरिणामविशेषाद् एव सत्वानाम् अर्थप्रतिभासा विज्ञप्तय उत्पद्यन्ते नार्थविशेषात् ।	གལ་ཏེ་རང་གི་རྒྱུད་གྱུར་པའི་ཁྱད་པར་ཉིད་ལས་སེམས་ཅན་རྣམས་ཀྱི་དོན་དུ་སྣང་བའི་རྣམ་པར་རིག་པ་འབྱུང་གི་། དོན་གྱི་ཁྱད་པར་ལས་མ་ཡིན་ན་།
 तदा य एष पापकल्याणमित्रसंपर्कात् सदसद्धर्मश्रवणाच् च विज्ञप्तिनियमः सत्त्वानां स कथं सिध्यति असति सदसत्संपर्के तद्देशनायां च ।	བརྟེན་པ་དེ་དང་བཤད་པ་དེ་མེད་པས་སྡིག་པའི་གྲོགས་པོ་དང་། དགེ་བའི་བཤེས་གཉེན་ལ་བརྟེན་པ་དང་། དམ་པ་དང་དམ་པ་མ་ཡིན་པའི་ཆོས་མཉན་པ་ལས་སེམས་ཅན་རྣམས་ཀྱིས་རྣམ་པར་རིག་པ་ངེས་པ་ཇི་ལྟར་འགྲུབ་པར་འགྱུར་། གཅིག་ལ་༄༩ཨ་༌་༎ གཅིག་གི་དབང་གིས་ན་༎
 अन्योन्याधिपतित्वेन विज्ञप्तिनियमो मिथः ।	རྣམ་པར་རིག་པ་ཕན་ཚུན་ངེས་༎
 सर्वेषां हि सत्त्वानाम् अन्योन्यविज्ञप्त्याधिपत्येन मिथो विज्ञप्तेर् नियमो भवति यथायोगं ।	སེམས་ཅན་ཐམས་ཅད་ཀྱི་རྣམ་པར་རིག་པ་ཕན་ཚུན་གྱི་དབང་གིས་ཕན་ཚུན་དུ་རྣམ་པར་རིག་པ་རྣམས་ངེས་པར་འགྱུར་ཏེ་། ཅི་རིགས་སུ་སྦྱར་རོ་༎
 मिथ इति परस्परतः ।	གཅིག་ལ་གཅིག་ཅེས་བྱ་བ་ནི་ཕན་ཚུན་ནོ་༎
 अतः संतानान्तरविज्ञप्तिविशेषात् संतानान्तरे विज्ञप्तिविशेष उत्पद्यते नार्थविशेषात् ।	དེའི་ཕྱིར་རྒྱུད་གཞན་གྱི་རྣམ་པར་རིག་པའི་ཁྱད་པར་ལས་རྒྱུད་གཞན་ལ་རྣམ་པར་རིག་པའི་ཁྱད་པར་འབྱུང་གི་དོན་གྱི་ཁྱད་པར་ལས་ནི་མ་ཡིན་ནོ་༎ 
 यदि यथा स्वप्ने निरर्थिका विज्ञप्तिर् एवं जाग्रतो ऽपि स्यात् कस्मात् कुशलाकुशलसमुदाचारो सुप्तासुप्तयोस् तुल्यं फलम् इष्टानिष्टम् आयत्यां न भवति । यस्मात् ।	དཔེར་ན་རྨི་ལམ་གྱི་རྣམ་པར་རིག་པའི་དོན་མེད་བ་བཞིན་དུ་གལ་ཏེ་གཉིད་ཀྱིས་མ་ལོག་པའི་ཡང་དེ་ལྟ་ན་གཉིད་ཀྱིས་ལོག་པ་དང་མ་ལོག་པ་ན་དགེ་བ་དང་མི་དགེ་བའི་ལས་ཀུན་ཏུ་སྤྱོད་པའི་འབྲས་བུ་ཕྱི་མ་ལ་འདོད་པ་དང་མི་འདོད་པ་འདྲ་བར་ཅིའི་ཕྱིར་མི་འགྱུར་།
 मिद्धेनोपहतं चित्तं स्वप्ने तेनासमं फलं ॥ १८ ॥	སེམས་ནི་གཉིད་ཀྱིས་ནོན་པས་ན་༎ དེ་ཕྱིར་རྨི་དང་འབྲས་མི་མཚུངས་༎
 इदम् अत्र कारणां न त्व् अर्थसद्भावः ॥	དེ་ནི་འདིར་རྒྱུ་ཡིན་གྱི་དོན་ཡོད་པ་ནི་མ་ཡིན་ནོ་༎
 यदि विज्ञाप्तिमात्रम् एवेदं न कस्यचित् कायो ऽस्ति न वाक् ॥ कथम् उपक्रम्यमाणानाम् औरभ्रिकादिभिर् उरभ्रादीनां (व्व्स्_१०)	གལ་ཏེ་འདི་དག་རྣམ་པར་རིག་བཙམ་དུ་ཟད་ན་གང་ལ་ཡང་ལུས་དང་ངག་ཀྱང་མེད་པས་ཤན་པ་ལ་སོགས་པས་གསོད་པ་ན་ལུག་ལ་སོགས་པ་འཆི་བར་ཇི་ལྟར་འགྱུར་།
 मरणं भव्ति । अतत्कृते वा तन्मरणे कथम् औरभ्रिकादीनां प्राणातिपातावद्येन योगो भवति ।	འཆི་བ་དེ་དེས་མ་བྱས་ན་ནི་ཤན་པ་ལ་སོགས་པ་སྲོག་གཅོད་པའི་ཁ་ན་མ་ཐོ་བ་དང་ལྡན་པར་ཇི་ལྟར་འགྱུར་ཞེ་ན་།
 मरणम् परविज्ञप्तिविशेषाद् विक्रिया यथा ।	འཆི་བ་གཞན་གྱི་རྣམ་རིག་གི་༎ བྱེ་བྲག་ལས་དེ་དཔེར་བྱ་ན་༎
 स्मृतिलोपादिकान्येषां पिशाचादिमनोवशात् ॥ १९ ॥	འདྲེ་ལ་སོགས་པའི་ཡིད་དབང་གིས་༎ གཞན་གྱི་དྲན་ཉམས་འགྱུར་སོགས་བཞིན་༎
 यथा हि पिशाचादिमनोवशाद् अन्येषां स्मृतिलोपस्वप्नदर्शनभूतग्रहावेशविकारा भवन्ति । ऋद्धिवन् मनोवशाच् च ।	དཔེར་ན་འདྲེ་ལ་སོགས་པའི་ཡིད་ཀྱི་དབང་གིས་གཞན་དག་གི་དྲན་པ་ཉམས་པ་དང་། རྨི་ལྟས་སུ་མཐོང་བ་དང་། འབྱུང་པོའི་གདོན་ཕབ་པར་འགྱུར་བ་དང་། རྫུ་འཕྲུལ་དང་ལྡན་པའི་ཡིད་ཀྱི་དབང་གིས་ཏེ་།
 यथा सारणस्यार्यमहाकात्यायनाधिष्ठानात् स्वप्नदर्शनं ।	དཔེར་ན་འཕགས་པ་ཀའ་ཏཡའའི་བུ་ཆེན་པོའི་བྱིན་གྱི་བརླབས་ཀྱིས་ས་ར་ནས་རྨི་ལྟས་སུ་མཐོང་བ་དང་། 
 आरण्यकर्षिमनःप्रदोषाच् च वेमचित्रपराजयः । तथा परविज्ञप्तिविशेषाधिपत्यात् परेषां जीवितेन्द्रियविरोधिनी काचिद् विक्रियोत्पद्यते यया सभागसंततिविच्छेदाख्यं मरणं भवतीति वेदितव्यं कथं वा दण्डकारण्यशून्यत्वम् ऋषिकोपतः ।	དྲང་སྲོང་དགོན་པ་པའི་ཡིད་འཁྲུགས་པས་ཐགས་ཟངས་རིས་བཞིན་དུ་གཞན་གྱི་རྣམ་པར་རིག་པའི་བྱེ་བྲག་གིས་སེམས་ཅན་གཞན་གྱི་སྲོག་གི་དབང་པོ་དང་མི་མཐུན་པའི་འགྱུར་བ་འགའ་འབྱུང་སྟེ་དེ་བསྐལ་པ་འདྲ་བའི་རྒྱུད་ཀྱི་རྒྱུན་ཆད་པ་ཞེས་བྱ་བ་འཆི་བར་རིག་པར་བྱའོ་བ་དང་། ༎ དྲང་སྲོང་ཁྲོས་པས་དན་ཏ་ཀའི་༎ དགོན་པ་ཇི་ལྟར་སྟོངས་པར་འགྱུར་༎
 यदि परविज्ञप्तिविशेषाधिपत्यात् सत्त्वानां मरणं नेष्यते । मनोदण्डस्य हि महासावद्यत्वं साधयता भगवतोपालिर् गृहपतिः पृष्टः ।	གལ་ཏེ་གཞན་གྱི་རྣམ་པར་༄༩བ་རིག་པའི་བྱེ་བྲག་གིས་སེམས་ཅན་དག་འཆི་བར་མི་འདོད་ན་། ཡིད་ཀྱི་ཉེས་པ་ཁ་ན་མ་ཐོ་བ་ཆེན་པོ་དང་བཅས་པ་ཉིད་དུ་བསྒྲུབ་པ་ན་། ། བཅོམ་ལྡན་འདས་ཀྱིས་ཁྱིམ་བདག་ཉེ་བ་འཁོར་ལ་བཀའ་སྩལ་པ་།
 कच्चित् ते गृहपते श्रुतं केन तानि दण्डकारण्यानि मातङ्गारण्यानि कलिङ्गारण्यानि शून्यानि मेध्यीभूतानि । तेनोक्तं । श्रुतं मे भो गौतम ऋषीणां मनःप्रदोषेणेति ।	ཁྱིམ་བདག་ཁྱོད་ཀྱིས་དན་ཏ་ཀའི་དགོན་པ་དང་། ཀ་ལིང་ཀའི་དགོན་པ་དང་མ་ཏང་ཀའི་དགོན་པ་དེ་དག་ཅི་ཞིག་གིས་སྟོངས་པ་དང་། གཙང་མར་གྱུར་པ་ཅི་ཐོས་ཞེས་སྨྲས་པ་དང་། དེས་གོཨོ་ཏ་མ་དྲང་སྲོང་རྣམས་ཁྲོས་པས་དེ་ལྟར་གྱུར་ཅེས་ཐོས་སོ་ཞེས་གསོལ་ཏོ་༎
 मनोदण्डो महावद्यः कथं वा तेन सिध्यति ॥ २० ॥	ཡིད་ཉེས་ཁན་མཐོ་ཆེར་༎ ཇི་ལྟར་དེ་ཡིས་འགྲུབ་པར་འགྱུར་༎
 यद्य् एवं कल्प्यते ।	གལ་ཏེ་འདི་ལྟར་རྟོག་སྟེ་༎
 तदभिप्रसन्नैर् अमानुषैस् तद्वासिनः सत्त्वा उत्सादिता न त्व् ऋषीणां मनःप्रदोषान्	དེ་ལ་དགའ་བ་མི་མ་ཡིན་པ་དེ་དག་གིས་དེ་ན་གནས་པའི་སེམས་ཅན་རྣམས་ཁ་བཏག་གི་། དྲང་སྲོང་རྣམས་ཀྱིས་ཡིད་འཁྲུགས་པས་དོགས་པ་ནི་མ་ཡིན་ནོ་ཞེ་ན་།
 मृता इत्य् एवं सति कथं तेन कर्मणा मनोदण्डः कायवाग्दण्डाभ्यां महावद्यतमः सिद्धो भवति ।	དེ་ལྟར་ན་ལས་དེས་ལུས་དང་ངག་གི་ཉེས་པ་རྣམས་པས་ཡིད་ཀྱི་ཉེས་པ་ཆེས་ཁ་ན་མ་ཐོ་བ་ཆེན་པོ་དང་བཅས་པར་འགྲུབ་པར་ཇི་ལྟར་འགྱུར་ཏེ་།
 तन्मनःप्रदोषमात्रेण तावतां सत्त्वानां मरणात् सिध्यति ॥	དེའི་ཡིད་འཁྲུགས་པ་ཙམ་གྱིས་སེམས་ཅན་དེ་སྙེད་འཆི་བར་འགྲུབ་བོ་༎
 यदि विज्ञप्तिमात्रम् एवेदं परचित्तविदः किं परचित्तं जानन्त्य् अथ न ।	གལ་ཏེ་འདི་དག་རྣམ་པར་རིག་པ་ཙམ་དུ་ཟད་ན་གཞན་གྱི་སེམས་རིག་པས་ཅི་གཞན་གྱི་སེམས་ཤེས་སམ་འོན་ཏེ་མི་ཤེས་ཤེ་ན་།
 किं चातः ।	འདིས་ཅི་ཞིག་བྱ་།
 यदि न जानन्ति कथं परचित्तविदो भवन्ति ।	གལ་ཏེ་མི་ཤེས་ན་ནི་གཞན་གྱི་སེམས་རིག་པ་ཞེས་ཀྱང་ཅི་སྐད་དུ་བྱ་།
 अथ जानन्ति ।	ཇི་སྟེ་ཤེས་ན་ཡང་།
 परचित्तविदां ज्ञानम् अयथार्थं कथं यथा ।	གཞན་སེམས་རིག་པས་ཤེས་བ་ནི་༎ དོན་བཞིན་མ་ཡིན་ཇི་ལྟར་དཔེར་༎
 स्वचित्तज्ञानं	རང་སེམས་ཤེས་པ་།
 तद् अपि कथम् अयथार्थ ।	དེ་ཡང་ཇི་ལྟར་དོན་ཇི་ལྟ་བ་བཞིན་དུ་མ་ཡིན་ཞེ་ན་།
 अज्ञानाद् यथा बुद्धस्य गोचरः ॥ २१ ॥ यथा तन्निरभिलाप्येनात्मना बुद्धानां गोचरः ।	སངས་རྒྱས་ཀྱི་སྤྱོད་ཡུལ་ཇི་བཞིན་མ་ཤེས་ཕྱིར་།
 तथा तदज्ञानात् तदुभयं न यथार्थं वितथप्रतिभासतया ग्राह्यग्राहकविकल्पस्याप्रहीणत्वात् ॥	ཇི་ལྟར་དེ་བརྗོད་དུ་མེད་པའི་བདག་ཉིད་དུ་སངས་རྒྱས་ཀྱི་སྤྱོད་ཡུལ་དུ་གྱུར་པ་དེ་ལྟར་དེས་མ་ཤེས་པའི་ཕྱིར་དེ་གཉི་ག་ཡང་དོན་ཇི་ལྟ་བ་བཞིན་མ་ཡིན་ཏེ་། ལོག་པར་སྣང་བའི་ཕྱིར་རོ་༎ གཟུང་བ་དང་འཛིན་པའི་རྣམ་པར་རྟོག་པ་མ་སྤངས་པའི་ཕྱིར་རོ་༎
 अनन्तविनिश्चयप्रभेदागाम्भीर्यायां विज्ञप्तिमात्रतायां ।	རྣམ་པར་རིག་པ་ཙམ་གྱིས་རབ་ཏུ་དབྱེ་བ་རྣམ་པར་ངེས་པ་མཐའ་ཡས་ལ་གཏིང་མི་དཔོགས་ཤིང་ཟབ་བའི་། 
 विज्ञप्तिमात्रतासिद्धिः स्वशक्तिसदृशी मया ।	རྣམ་རིག་ཙམ་དུ་གྲུབ་པ་འདི་༎ བདག་གིས་བདག་གི་མཐུ་འདྲ་བར་༎ བྱས་ཀྱི་དེ་ཡི་རྣམ་པ་ཀུན་༎
 कृतेयं सर्वथा सा तु न चिन्त्या	བསམ་ཡས་།
 सर्वप्रकारा तु सा मादृशैश् चिन्तयितुं न शक्यते ।	བདག་འདྲ་བས་རྣམ་པ་ཐམས་ཅད་ནི་བསམ་པར་མི་ནུས་ཏེ་།
 तर्काविषयत्वात् ।	རྟོག་གེའི་སྤྱོད་ཡུལ་མ་ཡིན་པའི་༄༡༠ཨ་༌་༎ ཕྱིར་རོ་༎
 कस्य पुनः सा सर्वथा गोचर इत्य् आह ।	འོ་ན་དེ་རྣམ་པ་ཐམས་ཅད་དུ་སུའི་སྤྱོད་ཡུལ་སྙམ་པ་ལ་།
 बुद्धगोचरः ॥ २२ ॥	སངས་རྒྱས་སྤྱོད་ཡུལ་ལོ་ཞེས་བྱ་བ་སྨོས་ཏེ་།
 बुद्धानां हि सा भगवतां सर्वप्रकारं गोचरः सर्वाकारसर्वज्ञेयज्ञानाविघाताद् इति ॥ विंशतिका विज्ञप्तिमात्रतासिद्धिः ।	དེ་ནི་སངས་རྒྱས་བཅོམ་ལྡན་འདས་རྣམས་ཀྱི་སྤྱོད་ཡུལ་ཏེ་། ཤེས་བྱ་ཐམས་ཅད་ཀྱི་རྣམ་པ་ཐམས་ཅད་ལ་མཁྱེན་པ་ཐོགས་པ་མི་མངའ་བའི་ཕྱིར་རོ་༎
