 ॐ नमो रत्नत्रयाय ॥	དཀོན་མཆོག་གསུམ་ལ་ཕྱག་འཚལ་ལོ་༎ གང་གིས་མཛད་པ་ཤིན་ཏུ་དཀའ་སྤྱད་སྔོན་བྱུང་བ་༎
 पूर्वावदानचरितेषु सुदुष्करेषु गीतेषु यस्य सुरकिंनरसुन्दरीभिः ।	མིའམ་ཅི་དང་ལྷ་མོ་རྣམས་ཀྱིས་རབ་བསྙད་ན་༎
 अद्यापि चन्द्रकिरणैरिव संकुचन्ति माराङ्गनावदनपङ्कजकाननानि ॥ श्ल्_१ ॥	བདུད་ཀྱི་བུ་མོ་བཞིན་རས་པདམའི་ནགས་ཚལ་དག་། ད་ལྟར་ཟླ་བའི་ཟེར་གྱིས་ཕོག་པ་བཞིན་དུ་ཟུམ་༎ བཀྲ་ཤིས་ཡིད་འོང་ཤིན་ཏུ་རྨད་བྱུང་སྐུ་མངའ་བ་༎
 सौभाग्यहृद्यवपुषः परमाद्भुतस्य यस्याल्पपुण्यजनदुर्लभदर्शनस्य ।	བསོད་ནམས་ཆུང་ངུའི་སྐྱེ་བོས་མཐོང་བ་རྙེད་དཀའ་བ་༎ འཇིག་རྟེན་མངོན་པར་འདོད་པའི་རེ་བ་བསྒྲུབ་པ་གང་༎
 संपादिताभिमतलोकमनोरथस्य चिन्तामणेरिव परार्थरसैकवृत्तिः ॥ श्ल्_२ ॥	ཡིད་བཞིན་ནོར་བུ་ལྟ་བུར་གཞན་དོན་རོ་གཅིག་སྤྱོད་༎
 यः सर्वदा परसुखैकरसो बभूव दुःखेन दुःखमगमत्परमं परेषाम् ।	གང་ཞིག་རྟག་ཏུ་ཕ་རོལ་བདེ་བས་བདེ་འགྱུར་ཞིང་༎ གཞན་དག་སྡུག་བསྔལ་གྱུར་པས་མཆོག་ཏུ་འོ་བརྒྱལ་བ་༎ ཐུགས་རྗེ་ཆེན་པོས་ཡོན་ཏན་ཤིན་ཏུ་བསྐྲུན་པ་གང་༎
 अत्यर्थमाहितमहाकरुणागुणस्य यस्यात्मदुःखसुखमन्तरितं तदेव ॥ श्ल्_३ ॥ विच्छि x मावयसि यस्य शिरः परार्थ x x x सन्नयनपङ्कजतामवाप ।	དེ་ཉིད་རང་གི་བདེ་སྡུག་སྤངས་ཏེ་བཞུགས་པ་ཡིན་༎ གང་ཞིག་གཞན་གྱི་དོན་དུ་དབུ་རྣམས་གཅོད་བྱེད་ཀྱང་༎ པདམ་ལྟ་བུར་དགྱེས་པའི་སྤྱན་འབྱེད་གཟིགས་མཛད་ཅིང་༎ ཉིད་ཀྱི་དོན་དུ་གདུགས་དཀར་གཅིག་གིས་ཁེབས་པ་ལྟའི་༎
 स्वार्थं पुन x x x x x सितातपत्रा पृथ्वी बभूव निशितेव कृपाणधारा ॥ श्ल्_४ ॥ लोकोपकारनिरतप्रकटोदयेन शुल्क x x x x x x गुणोज्ज्वलेन ।	ས་ཡང་རལ་གྲི་སོ་བདར་རྣོན་པོ་ལྟ་བུར་དགོངས་༎ ཟླ་བ་ཡར་གྱི་ངོ་ལྟར་ཡོན་ཏན་གསལ་བ་རྫོགས་༎
 दोषान्धकारभिदुरेण मनोरमेण येनोदितेन शशिनेव जगत्प्रकाशम् ॥ श्ल्_५ ॥ चूडाविभूषणमिवोत्तमरत्नकल्पमूढं शिरोभिरुरुभिः फणिनां x x x ।	ཉེས་པའི་མུན་པ་སེལ་མཛད་གཅིག་དུ་ཡིད་དུ་འོང་༏་།འཇིག་རྟེན་ཕན་ལ་བརྩོན་བ་རབ་ཏུ་གསལ་བ་བྱུང་༎ དེ་ཤར་ཟླ་བ་བཞིན་དུ་འགྲོ་བ་བསིལ་བར་མཛད་༎
 यच्छासनं शुभमखण्डविशुद्धवृत्तं पातालमूर्धनि लयतिमिरं प्रमार्ष्टि ॥ श्ल्_६ ॥	བསྟན་པ་རིན་ཆེན་མཆོག་ལྟར་བཟང་ལ་འཕན་མེད་པ་༎ རྣམ་བར་དག་ཆུལ་གང་ཡིན་ཀླུ་མགོ་གདེངས་ཀ་ཅན་༎ ཆེན་པོ་རྣམས་ཀྱིས་གཙུག་གི་རྒྱན་བཞིན་གུས་མནོས་༄༤༧ཨ་༌་༎ ནས་༏་། ས་ཡི་སྟེང་ན་གནས་པའི་རབ་རིབ་སེལ་བར་མཇད་༎
 धर्माम्बुवाह इव यो ऽभ्युदितो हिताय धर्मामृतं जलमिवैकरसं ववर्ष । तापाप x x x x x x x x x x x x यदनेकरस x x x x x x x x x x x x x x ॥ श्ल्_७ ॥	ཆོས་ཀྱི་སྤྲིན་དེ་ཕན་པ་མཛད་པའི་དོན་དུ་ག-ཡོས་༎ ཆོས་ཀྱི་བདུད་རྩི་མྱ་ངན་འདས་པ་མཆོག་གི་རྒྱུ་༎ རོ་གཅིག་གདུང་བ་སེལ་བ་ཆར་ཆུ་བཞིན་དུ་བབ་༎ དེ་ནི་སྣོད་ལ་བརྟེན་ནས་རོ་རྣམས་དུ་མར་གྱུར་༎
 विस्तीर्णनिम्नविमलप्रकटाश्रयेषु पात्रेषु सर्वपरिमर्दसहेषु येषु । तत्संस्थितं भवति सर्वजनोपकारं x x x x x x x x x x x x x x ॥ श्ल्_८ ॥	སྣོད་ཡངས་ཟབ་ལ་དྲི་མ་མེད་ཅིང་གསལ་བ་ཡི་༎ བསམ་པ་དང་ལྡན་ཁུར་ཀུན་བཟོད་པ་གང་དག་ལ་༎ སྐྱེ་བོ་ཀུན་གྱིས་ཉེ་བར་སྤྱད་བྱ་དེ་གནས་པ་༎ མཚོ་ཆེན་མི་ཡི་གཟུགས་ཅན་དེ་ལ་ཕྱག་འཚལ་ལོ་༎ གང་ཞིག་སྐྱེ་ནང་རྒ་ཤི་སེལ་བའི་བདུད་རྩི་དེ་༎
 तज्जागरं मरणजन्मजरापहारि ये नाप्नुवन्ति न पिबन्ति न धारयन्ति ।	ཐོབ་བར་མི་བྱེད་མི་སྦྱོད་འཛིན་པར་མི་བྱེད་པ་༎
 ते माहिता बहुलमोहमहामदेन x x x x x x x x x धमाद्रियन्ते ॥ श्ल्_९ ॥	དེ་དག་ཉེས་མང་གཏི་མུག་ཐིབས་པོས་བསླད་པ་སྟེ་༎ ཡུན་རིང་ནད་ཀྱིས་ཐེབས་པ་སྨན་ཆེན་མི་བསྟེན་བཞིན་༎ འགྲོ་བ་ཀུན་གྱི་མིག་གཅིག་དྲི་མ་མེད་པ་གང་༎
 चक्षुर्यदेकममलं जगतो ऽखिलस्य साधारणं त्रिभुवनस्य यदेकदीपः ।	དེ་ནིས་རྣམས་གསུམ་པོའི་སྤྱི་མཐུན་སྒྲོན་མ་སྟེ་༎
 तच्छासनं समधिगम्य यदुत्सृजन्ति मोहस्य तद्विलसितं परमाद्भुतस्य ॥ श्ल्_१० ॥	བསྟན་པ་ལེགས་པར་རྙེད་ནས་གང་ཞིག་འདོར་བ་དེ་༏་། གཏི་མུག་ཤིན་ཏུ་རྨད་བྱུང་དག་གིས་གཙེས་པར་ཟད་༎ བྱང་ཆུབ་ཁང་བཟངས་བགྲོད་ལམ་ཐེམ་སྐས་ལྟ་བུ་ཡི་༎
 शिक्षा x x x विदितेष्विव बोधिसौधसोपानपद्धतिपदेषु पदं दधानाः । तुङ्गां प्रयान्ति पदवीमनिवर्तमाना भूमिं निजामवतरन्ति विवर्तमानाः ॥ श्ल्_११ ॥	བསླབ་གཞི་བཅས་པ་རྣམས་ལ་རྐང་ཚུགས་རྟོན་པ་རྣམས་༎ རྗེས་སུ་སྒྲུབ་པས་གོ་འཕང་ཆེ་མཐོར་ཕྱིན་འགྱུར་ཏེ་༎ ལྡོག་པར་བྱེད་པ་རང་གི་ས་ནི་གཉུག་མར་ལྟུང་༏་། སྐྱེ་བའི་རྒྱ་མཚོ་ཤིན་ཏུ་རྒལ་དཀའ་རྒལ་འདོད་པ་༎
 जन्मार्णवं परमदुस्तरमुत्तितीर्षुः शीलप्लवं क इह हस्तगतं जहाति ।	སུ་ཞིག་ཚུལ་ཁྲིམས་གཟིངས་གྱུར་ལག་ཏུ་འོང་བ་སྤང་༎
 कान्तारमध्यपतितः कथमार्यसार्थाद्भ्रष्टो न शोचति चिरं सुपथानभिज्ञः ॥ श्ल्_१२ ॥	འཕགས་པའི་དེད་དཔོན་དང་བྲལ་ལམ་རྒྱུས་མི་ཤེས་པ་༎ འབྲོག་དགོན་འཁྱམས་ན་ཅི་སྟེ་ཡུན་རིངས་གདུངས་མི་བྱེད་༎
 संसारभूधरदरीजठरप्रपातादुत्थातुमुद्यतपराः परमान्धकारात् ।	འཁོར་བའི་རི་སུལ་ཁྲོད་ཀྱི་ག-ཡང་སར་ལྷུང་གྱུར་པ་༎ མུན་ནག་ཐིབས་པོའི་ནང་ནས་ལྡང་བར་བརྩོན་པ་གང་༎ ཡོན་ཏན་སྨྱུག་མའི་ཕྲེང་བ་བར་མ་དོར་འདོར་བ་༎
 मुञ्चन्ति ये जिनगुणावलिमन्तराले वेगेन ते विषमपातमधः पतन्ति ॥ श्ल्_१३ ॥	དེ་དག་ཤུགས་དྲག་ཉམ་ངའི་ལྟུང་བར་འོག་ཏུ་ལྟུང་༎
 एकाकिनो ऽपि मनसा नियमं प्रकल्प्य ये कर्मणा समुदितेन समुन्नयन्ति ।	གང་དག་གཅིག་པུའང་ཡིད་ཀྱིས་ངེས་པར་རབ་བརྟགས་སྟེ་༎ ཡང་དག་ལམ་དང་ལྷན་ཅིག་འགྲོགས་པར་བྱེད་པ་དེ་༎ ས་སྟེང་དཀྱིལ་ན་གཙོ་བོར་གྱུར་པ་དམ་པ་སྟེ་༎
 ते साधवो भुवनमण्डलमौलिभूतास्तैरेव यान्ति गुरुतां गुरवः सुशिष्यैः ॥ श्ल्_१४ ॥ लब्ध्वा गुणौघजननीं जननीमिवार्यामत्यन्तशुद्दहृदयामनुवर्तमानाः ।	སློབ་མ་མཆོག་དེས་བླ་མར་བཀུར་བ་ཉིད་དུ་འགྱུར་༎ ངོ་ཚ་ཡོན་ཏན་ཚོགས་སྐྱེད་མ་གཅིག་ཡ་རབས་མོ་༎ མཆོག་ཏུ་ག-ཡོ་མེད་བྱམས་པ་ལྟ་བུའི་རྗེས་འབྲང་བ་༎ བདེན་དང་གཞུང་ལ་དགའ་བའི་གཟི་༄༤༧བ་བརྗིད་ལྡན་པ་རྣམས་༎
 तेजस्विनः सुखमसूनपि संत्यजन्ति सत्यस्थितिव्यसनिनो न पुनः प्रतिज्ञाम् ॥ श्ल्_१५ ॥	སྲོག་ནི་བདེ་བླག་གཏོང་བར་བྱེད་ཀྱི་དམ་བཅས་མིན་༎ རེ་ཞིག་སྐྱེ་བོ་ཀུན་གྱིས་དཔྱས་དང་སྡིག་པ་ཡིས་༎
 तिष्ठन्तु तावदिह सर्वजनापवादाः सर्वाश्च पापगतयो निरयाश्च घोराः ।	འགྲོ་བ་ཀུན་ལ་དམྱལ་བ་མི་བཟོད་ཕར་ཞོག་གི་། རང་བཞིན་རྣལ་མ་བོར་ནས་སྨོད་པ་སྡུག་བསྔལ་བ་༎ 
 सद्यो जहाति सहजां प्रकृतिं यदेष दुःखं ततः किमपरं भुवि सज्जनस्य ॥ श्ल्_१६ ॥	མཁས་ལ་ས་སྟེང་དེ་ལས་སྡུག་བསྔལ་གཞན་ཅི་ཡོད་༎
 यः प्रप्य नावमिव धर्ममयीं विशालां भूयो जहाति पदवीं मुनिभिः प्रक्लृप्ताम् ।	གང་ཞིག་ཐུབ་པ་རྣམས་ཀྱིས་སྲོལ་བཏོད་ཆོས་ཀྱི་ལམ་༎ རྒྱ་ཆེན་གྲུ་དང་འདྲ་བ་རྙེད་ནས་སླར་འདོར་བ་༎
 संसारसागरविवर्तननर्तनेषु चेतःस्पृहा तरलिता नियमेन तस्य ॥ श्ल्_१७ ॥	འཁོར་བའི་རྒྱ་མཚོའི་ཀློང་འཁྱིལ་གར་མཁན་འདྲ་རྣམས་ལ་༎ དགའ་བས་ངེས་པར་དེ་ཡི་སེམས་བསླུས་འགྱུར་བ་སྙམ་༎
 संसारचक्रमनिशं परिवर्तमानमारुह्य यः सुखमवैति विवर्तमानः ।	གང་ཞིག་འཁོར་བའི་འཁོར་ལོ་རྟག་ཏུ་འཁོར་གྱུར་པའི་༎ ནང་དུ་ཞུགས་ནས་བསྟི་བ་ཙམ་ལ་བདེར་སེམས་པ་༎
 सो ऽवश्यमेव तरिवशं मसः क्रमेण सर्वाः समाश्च विसमाश्च गतीः प्रयाति ॥ श्ल्_१८ ॥	དེ་ནི་ངེས་པར་དབང་མེད་རིམ་གྱིས་བརྒྱ་ཕྲག་ཏུ་༎ འགྲོ་བ་མཉམ་དང་མི་མཉམ་ཀུན་དུ་འཁྱམ་པར་འགྱུར་༎
 अत्युग्रगन्धमशुचिप्रकरोपरुद्धमत्यन्तसंकटमुपोढघनान्धकारम् ।	ཤིན་ཏུ་མི་བཟད་དྲི་ང་མི་གཙང་གཙེར་བས་བགགས་༎ རབ་ཏུ་དོག་པ་མུན་ནག་ཐིབས་པོར་འདུག་པའི་མི་༎
 आविश्य गर्भनिलयं निरयं यथैव दुःखं महत्स सहते परिपिण्डताङ्गः ॥ श्ल्_१९ ॥	མངལ་གནས་དམྱལ་བ་ལྟ་བུའི་ནང་དུ་དེ་ཞུགས་ནས་༎ ལུས་ཡོངས་བསྐུམ་ལ་སྡུག་བསྔལ་ཆེན་པོ་བརྣག་དགོས་སོ་༎
 कालक्रमेन स ततो दृढतैलयन्त्रनिष्पीड्यमान इव याति भुवं कथंचित् ।	དེ་ནི་རིམ་གྱིས་ཏིལ་མར་བཙིར་སྤྱད་སྲ་བ་ཡིས་༎ བཙིར་བ་ལྟར་བྱས་དེ་ནས་ཅི་ཞིག་ལྟར་དེ་བཙའ་༎
 सद्यस्तथापि यदयं न जहाति जीवं दुःखोपभोगगतिदुर्लभि तत्तदेव ॥ श्ल्_२० ॥	འོན་ཀྱང་མོད་ལ་དེ་སྲོག་མི་འདོར་གང་ཡིན་པ་༎ སྡུག་བསྔལ་ཉེ་བར་སྤྱད་པའི་རྣམ་པར་མཐོ་བཙམས་མོད་༎
 तत्र स्थितं तमशुचौ परिवर्तमानमार्द्रोल्बवेष्टिततनुं बहलोग्रगन्धम् । पूर्वस्मृतिव्रणमिवोल्बणदोषपाकं भिन्नं जहाति घृणयेव निपीड्यमानः ॥ श्ल्_२१ ॥	མི་གཙང་དེ་ནང་གནས་བཅས་འཕེལ་བའི་ལུས་དེ་ནི་༎
 सर्वोपचारविवशं शिथिलाकुलाङ्गमुत्सृज्य बाल्यमुपजातकणैरभावः ।	མངལ་གནས་རླམ་པས་དཀྲིས་ཤིང་དྲི་ངི་མ་བཟང་ལྡང་༎ གཟིར་བས་གནོད་པ་བདོ་སྟེ་རྨ་རྨེན་ཞིག་པ་ལྟར་༎ གྱུར་པ་དེ་ཡི་སྐྱོན་གྱིས་སྔོན་གྱི་དྲན་པ་སྤོང་༎ བྱིས་ལུས་ཉེ་བར་སྤྱོད་པ་ཀུན་ལ་མི་འབོངས་པ་༎ མི་བརྟེན་འཁོར་བ་སྤངས་ཏེ་མཁྲང་པའི་དངོས་གྱུར་ནས་༎ དར་ལ་བབས་པའི་རི་དབང་བཙན་བོའི་རི་སུལ་དུ་༎
 तुङ्गेषु यौवनगिरीन्द्रदरीतटेषु मोहायते विषयदृष्टिविषालयेषु ॥ श्ल्_२२ ॥	སྦྲུལ་གདུག་གནས་གྱུར་མུ་ལ་བག་རྐྱང་སྤྱོད་པར་བྱེད་༎
 स ततोऽपि पतत्यचेतनः पतितो नैव जहाति विक्रियाम् ।	བསམ་བརླག་དེ་ནི་དེ་ནས་ཀྱང་ལྷུང་ལ་༏་། ལྷུང་བཞིན་མི་གཙིགས་སྤྱོད་པ་མི་འདོར་བ་༎
 अजरामरमात्मविग्रहं ललितं मन्यत एवं बालिशः ॥ श्ल्_२३ ॥	བྱིས་པ་བདག་ལུས་སྡུག་པ་རྒ་བ་དང་༎ འཆི་བ་མེད་བ་ཉིད་དུ་སེམས་པ་ལྟ་༎ རྨོངས་པ་དེ་ནི་ཐུབ་དབང་གིས་བསྟན་པའི་༎
 स विहाय मुनीन्द्रसेवितं सुपथं यात्यपथेन मोहितः ।	ལམ་བཟང་རྣམ་པར་སྤངས་ནས་ལམ་མིན་པར་༎
 रभसेन परां विचूर्णयन् गजवज्जातमदो निरङ्कुशः ॥ श्ल्_२४ ॥	གླང་པོ་མྱོས་པ་ལྕགས་ཀྱུ་མེད་པས་གཞན༎ ༄༤༨ཨ་༌་༎ བབ་དགུ་ཕྱེ་མར་རློག་པ་བཞིན་དུ་འགྲོ་༎
 अथ तस्य बलादनिच्छतः शिरसि न्यस्तपदा सुनिर्दयम् ।	དེ་ནས་དེ་ནི་མི་འདོད་བཞིན་དུ་མགོར་༎ བརྩེ་མེད་རྒ་བས་རྡོག་པ་ནན་མནན་ནས་༎ སྐྲ་དཀར་ལྕགས་ཀྱུ་བདར་བ་རྣོན་པོ་ཡིས་༎
 निशितं पलिताङ्कुशं जरा करिणो हस्तिपकीव यच्छति ॥ श्ल्_२५ ॥	གླང་ཆེན་རྫི་བོས་གླང་ཆེན་བཞིན་དུ་འདེབས་༎
 स तथापि विजिह्यचेष्टितः कुशलेनापि भयादिवोज्झितः ।	འོན་ཀྱང་དེ་ནི་སྤྱོད་ལ་སྐྱོར་འབྱིན་པས་༎ དགེ་བའམ་འཇིགས་པ་བཞིན་དུ་སྤང་བར་འགྱུར་༎
 सुकृतानि करोति मोहितः शरवत्स्वात्मवधाय पुष्पितः ॥ श्ल्_२६ ॥ अथ तं प्रहसन्निवान्तकः पलितौघैर्दर्शनैरिवोल्बणैः ।	རྨོངས་པ་བྱ་བ་མིན་བྱེད་བདག་སྐྱེས་པ་༎ སྨྱུག་མ་འབྲུ་ཆགས་ལྟ་བུར་བརླག་པར་ཟད་༎ དེ་ནས་དེ་ནི་འཆི་བདག་དགའ་བའི་སྤུན་༎ གཞིལ་བའི་བཅོས་ཐབས་མེད་པས་བཟུང་ནས་ནི་༎
 शिरसि ग्रसितुं प्रवर्तते निरुपायप्रशमो जरारुजः ॥ श्ल्_२७ ॥	རྒས་པའི་ངོ་བོ་འཆི་བདག་འོངས་ནས་ནི་༎ རྒོད་པ་བཞིན་དུ་སྦྱི་ནས་འཛིན་པར་བྱེད་། དེ་ནས་དེ་ནི་ལྟུ་ཚིགས་རྣམས་འབྱེ་ཞིང་༎
 विदलन्ति ततो ऽस्य सन्वयो मतिरुत्क्रामति हीयते गतिः ।	བློ་ཡང་བསླད་འགྱུར་འགྲོ་བ་ཉམས་པར་འགྱུར་༎ ལུས་ཀྱང་དེངས་ནས་ཤིག་ཤིག་པར་འགྱུར་ལ་༎
 क्षयमेति वपुः परिश्लषं नियतं वर्धत एव जीविताशा ॥ श्ल्_२८ ॥	ངེས་པར་སྡིག་པ་འཕེལ་བ་ཁོ་ནར་འགྱུར་༎
 क्रमशश्च निमीलितेन्द्रियो हतशक्तिर्विषयेषु लालसः ।	དབང་པོ་རྣམས་ཀྱང་རིམ་གྱིས་ཞུམ་ནས་ནི་༏་། ཡུལ་ལ་ཆགས་ཀྱང་ནུས་པ་ཉམས་པར་འགྱུར་༎ གནས་སྐབས་གང་དུ་འདི་འགྲོ་གྱུར་བ་དེ་༎
 उपगच्छति यामयं दशां नरके सा यदि भीम एव सः ॥ श्ल्_२९ ॥	གལ་ཏེ་དམྱལ་ན་ཡོད་ན་དེ་ཉིད་འཇིགས་༎
 कथमेवमिदं मया कृतं कथमेवं न कृतं हता गतिः ।	བདག་གིས་ཇི་ལྟར་དེ་བཞིན་འདི་མ་བྱས་༎ ཅི་སྟེ་དེ་ལྟར་དེ་བྱས་འགྲོ་བ་ཉམས་༎ བདག་གིས་ཅི་སྟེ་འདི་ལྟར་འཆི་བདག་ནི་༎
 कथमेवमयं मयास्तकः शिरसि न्यस्तपदो न लक्षितः ॥ श्ल्_३० ॥	མགོ་བོར་རྡོག་པས་གནོན་པ་འཕྲིགས་མ་གྱུར་༎ མྱ་ངན་རྡོ་རྗེ་དེ་ལྟ་དེ་ལྟ་བུར་༎
 इति x x x चित्तमाधिभिः कुकृतैः शोकमयैरुपद्रुतः ।	སེམས་ལ་གནོད་པ་རྣམས་ཀྱིས་དེ་གཙེས་ནས་༎ ཉེ་དུའི་སྐྱེ་བོ་དུད་མོའི་མཆི་རྒྱུན་ཅན་༎ སྡུག་བསྔལ་སྙིང་ནི་རྡོ་རྗེ་ལྟ་བུས་བལྟས་༎
 व्यधितेन सवाष्पवारिणा करुणं बन्धुजनेन वीक्षितः ॥ श्ल्_३१ ॥	གནད་ཀྱི་གཤིས་སུ་འཇེབས་པར་གཟིར་ནས་ནི་༎
 विनिपीडितमर्मबन्धनस्तिमिरं घोरतरं विशन्निव । विजहाति निजं कडेवरं दयितं यत्नपरेण रक्षितम् ॥ श्ल्_३२ ॥	ཤིན་ཏུ་མི་བཟད་མུན་རུམ་འཇུག་པར་འགྱུར་༎ འབད་པ་ལྷུར་བླངས་སྲུང་བ་བྱས་པའི་ལུས་༎ ཡིད་འོང་འདྲིས་པ་རྣམ་པར་འདོར་བར་འགྱུར་༎
 स विरौति गृहीतमूर्धजो यमदूतैर्दृढपाशसंयतः ।	གཤིན་རྗེའི་ཞགས་པས་དམ་དུ་བཏགས་པ་སྟེ་༎ ཅོ་དོ་འབལ་ཞིང་ཆོ་དེས་འདེབས་བྱེད་ཀྱང་༎
 न शृणोति जनो ऽस्य भाषितं स्वकृताक्रन्दरवादिवाकुलः ॥ श्ल्_३३ ॥	དེ་ཡིས་གླེངས་པ་ཉེ་དུའི་སྐྱེ་བོ་ཡིས་༎ རང་གི་དུས་སྒྲ་ལྡིར་བ་བཞིན་མི་ཐོས་༎ བགྲོད་དཀའ་ཆུ་དང་ཕ་བང་ཐག་ཐུག་འདོམ་པའི་བར་༎
 प्रस्तारशैलसरिदन्तरदुर्गमेषु मार्गेषु तीक्ष्णतरकण्टकसंकटेषु ।	ཚེར་མ་རྣོན་པོས་འཛིངས་པ་ཉམ་ངའི་ལམ་དག་དུ་༎ དུས་ཀྱི་ཞག་ས་པས་སྐེ་ནས་བཏགས་ཏེ་གཤིན་རྗེའི་མི་༎
 घोरैः कृतान्तपुरुषैर्यमदण्डघातमाकृष्यते गलनिषेवितकालपाशः ॥ श्ल्_३४ ॥	གཏུམ་པོ་རྣམས་ཀྱིས་དབྱུག་པས་བདའ་ཞིང་ཁྲིད་པར་འགྱུར་༎ མི་བཟད་སྐམ་པས་རྒྱང་༄༤༨བ་ནས་ཆུ་ཀླུང་དྲི་མེད་པ་༎
 दूरान्निरीक्ष्य विमलं सलिलं पिपासुरभ्येति गाढतृषितो यदयं तदेव ।	མཐོང་ནས་བཏུང་བར་འདོད་དེ་སོང་ན་དེ་ཉིད་ཀྱང་༎
 केशौघशैवलविमिश्रितपूतिपूयपङ्कापङ्कितं क्षतजवं जलता प्रयाति ॥ श्ल्_३५ ॥	སྐྲ་ཤད་ཉ་ལྕིབས་ཚོགས་དང་རྣག་སུངས་འདྲེས་པ་དང་༎ འདམ་རྫབ་ཁྲག་དང་བྱི་སས་གང་བའི་ཆུར་འགྱུར་རོ་༎
 वेलानिलाकुलितशीकरशीतसानुमानीलचन्दनतरुं मलयं प्रयाति ।	དུས་རླབས་རླུང་ལངས་ཆུ་འཐོར་རི་རྩེ་བསིལ་འགྱུར་ཞིང་༎
 सो ऽप्यस्य चण्डवनदावशिखावलीढशीर्णोल्मुकप्रकरदन्तुरतां प्रयाति ॥ श्ल्_३६ ॥	ཙན་དན་ལྗོན་པ་སྔོན་འཁྲུངས་མ་ལ་ཡར་སོང་ནས་༏་། དེ་ཡང་འདི་ལ་ནགས་སྲེག་མེ་ལྕེ་རྣོས་འཁྲིགས་ཤིང་༎ མགལ་དུམ་འགྱེལ་བ་མང་པོས་རད་རོད་ཅན་དུ་འགྱུར་༎
 यद्येति वारिनिधिमुद्वतभीमलोलकल्लोलभेदजनितोल्वणफेनहासम् ।	ཆུ་གཏེར་རླབས་འཇིགས་འཕང་མཐོ་གྱེས་པ་ལས་བྱུང་བའི་༎ དབུ་བ་ཚེར་མ་ལྷག་གེ་སྟུག་པར་སོང་ན་ཡང་༎ དེ་ཡང་འདི་ལ་བྱེ་ཚན་ཁུ་བ་དམར་རྩུབ་པའི་༎ རླུང་དམར་འཇེབས་པ་འཚུབ་པའི་མྱ་ངན་ཉིད་དུ་འགྱུར་༎ འདི་ནི་དེ་གནས་ཆར་སྦྲིན་ལྡང་བར་འདོད་ན་ཡང་༎
 सो ऽप्यस्य तप्तविषदारुणसैकताभ्रविभ्रान्तकर्कशमरुन्मरुतां प्रयाति ॥ श्ल्_३७ ॥	སྦྲིན་ལས་ལྕགས་མདའི་ཆར་པ་དུད་འཐུལ་མདག་མར་བཅས་༎
 तत्र स्थितस्य जलदागमशंसिनो ऽस्य साङ्गारधूमकुलिशोपलविस्फुलिङ्गम् ।	ཚ་ཚ་རྡོ་རྗེའི་ཕ་བང་དམར་འཕྲོག་སེར་མདོག་ལྟ་བུ་ཡི་༎
 विद्युल्लताकनकराजिपिशङ्गमङ्गे नाराचवर्षमभिवर्षति वारिवहः ॥ श्ल्_३८ ॥	གློག་ཕྲེང་དམར་སེར་འགྱུ་བ་ལུས་ལ་ཆར་དུ་འབབ་༎ ཆ་བས་ཉེན་ལ་བུ་ཡུག་ཀྱང་ནི་ཚར་འགྱུར་ལ་༎
 तापार्दितस्य दहनं तु हितानिलो ऽपि शीतार्दितस्य दहनो ऽपि करोति शीतम् ।	ལྷགས་པས་ཉམ་ཐག་པ་ལ་མེ་ཡང་གྲང་བྱེད་དོ་༎ ཤིན་ཏུ་མི་བཟད་ལས་ཡོངས་སྨིན་པས་རྣམ་རྨོངས་པ་༎
 अत्युग्रकर्मपरिणामविमोहितस्य विश्वं तदास्य विपरीतमिदं विभाति ॥ श्ल्_३९ ॥	འདི་ལ་སྣ་ཚོགས་འདི་ཀུན་ཕྱིན་ཅི་ལོག་ཏུ་སྣང་༎ ཁབ་མིག་ཙམ་གྱི་ཁ་ལ་དཔག་ཚད་མད་འཇིགས་པའི་༎
 शूचीमुखस्य बहुयोजनभीमकुक्षेरार्तस्य वारिपिबतो ऽपि महासमुद्रे ।	ལྟོ་ཅན་ཉམ་ཐག་རྒྱ་མཚོ་ཆེན་པོའི་ཆུ་འཐུང་ཀྱང་༎ མགུལ་ཕུགས་ཡངས་པ་ཉིད་དུ་ཕྱིན་པར་མ་གྱུར་པར་༎
 अप्राप्त एव पृथुकण्ठदरीप्रपातश्लेष्मोष्मणा जललवः परिशोषमेति ॥ श्ल्_४०	ཁ་ཡི་དུགས་ཀྱིས་ཆུ་ཡི་ཐིགས་པ་སྐམ་པར་འགྱུར་༎ རལ་པའི་ཚོགས་མང་སྤུངས་པས་བསྒྱིངས་པའི་ཁྱི་དག་གིས་༎ མཆེ་བ་གཙོང་རིངས་རྡོ་རྗེའི་རྩེ་མོས་ལུས་དབད་ཅིང་༎ ཆུ་བོ་རབ་མེད་ཐལ་སྐྱོ་མེ་ལྕེས་གང་བའི་དོགས་༎ རྡོ་བཟུར་རྣོན་མི་བཟད་རྩེ་རྣོན་ཅན་དུ་བདས་༎
 चञ्चच्छटानिक x पीवरसारमेयदंष्ट्राङ्कुराग्रकुलिशक्षतचूर्णिताङ्गः ।	སྦུ་གྲི་རྣོས་གཏམས་ལྕུག་ཆལ་ལོ་མ་རལ་གྲི་ཡི་༎ ནང་དུ་ཐང་ཆད་རྒྱུགས་ན་ལུས་སྨས་སྐྱབས་མེད་པ་༎
 क्षाराम्बुपूर्णतरवैतरणीतटेषु निष्कृष्यते विषमकोटिशितोपलेषु ॥ श्ल्_४१ ॥	རྩེ་གསུམ་མདུང་ཐུང་དང་ནི་རལ་གྲི་རྣོས་གར་བའི་༎
 धावञ्जवेन निशितक्षुरसंस्तरेषु विच्छिन्नमूर्तिरसिपत्त्रलतावनेषु ।	ཁྲོན་པ་གཤིན་རྗེའི་ཁ་བས་ཐུ་བའི་ནང་དུ་ལྷུང་༎
 कूपे पतत्यशरणः शितशूलशक्तिप्रासासिहासनिजितान्तकवक्त्ररन्धे ॥ श्ल्_४२ ॥	ཉི་ཚན་གྱིས་གདུང་བཟོད་དཀའ་རླག་པར་དགའ་བའི་ལུས་༎
 तीव्रातपक्वषितदुःसहाखिन्नदेहो वृक्षान्निरीक्ष्य घननीलदलानुपैति । तत्पत्त्रशस्त्रशतपातविभिन्नमूर्तिस्तत्रैव तिष्ठति चिरं विरुतैकबन्धुः ॥ श्ल्_४३ ॥	ལྗོན་ཤིང་ལོ་མ་སྔོ་སྟུག་མཐོང་ནས་སོང་བ་དང་༎ དེ་ཡི་ལོ་མ་མཚོན་བརྒྱ་ལྷུང་བས་ལུས་དབད་ཅིང་། དེ་ན་ཡུན་རིང་དུད་མོ་ལས་ཤེས་བརླག་པར་གནས་༎ བུད་མེད་ཀུན་ནས་མེ་ལྕེ་བརྒྱ་ཕྲག་འཐོན་པའི་མི་༎
 पर्यन्तनिर्गतशिखाशतविस्फुलिङ्गमालाकुलज्वलितमण्डनमण्डिताभिः ।	མེ་སྟག་ཕྲེང་བ་འཁྲིགས་པའི་རྒྱན་གྱིས་༄༤༩ཨ་༌་༎ གཞག་གྱུར་ཅིང་༎
 प्रेमान्तरप्रणयनिर्दयमङ्गनाभिरालिङ्ग्यते क्रकचकर्कशविग्रहाभिः ॥ श्ल्_४४ ॥ शैलाभभीषणविसंकटमेषयूथसंघट्टचूर्णितविशीर्णसमस्तगात्रः ।	སོག་ལེ་ལྟ་བུའི་རྩུབ་པའི་ལུས་ཀྱི་ཟོན་མེད་པ་། ཤིན་ཏུ་སྡུག་པའི་ཚུལ་དུ་བཅུམ་ནས་འཁྱུད་པར་བྱེད་༎ རི་དང་མཉམ་དུ་ལུག་རུ་འཇིགས་སུ་རུང་བ་གཉིས་༎ འདུས་པའི་ཕྲག་ཏུ་ལུས་ཀུན་ཕྱེ་མར་རློག་ཅིང་འཇོམས་༎
 आपातवातलवशैत्यसमर्पितासुः संचूर्ण्यते पुनरसौ शतशस्तथैव ॥ श्ल्_४५ ॥	ཅུང་ཟད་བསིལ་བའི་རླུང་ཞེག་ལངས་པས་བརྟས་ནས་དེ་༎ དེ་བཞིན་ཕྱིར་ཡང་ལན་བརྒྱར་ཀུན་ནས་ཕྱེ་མར་རློག་། 
 उत्त्रासितो मुखरखड्गशिवासहस्रैरारोहति द्रुतपदं पुनरेव रौद्रान् ।	བསེ་ཁྱི་བོང་བུ་ཅེ་སྦྱང་སྟོང་ཕྲག་གིས་བྲེད་ནས་༎ ཤལ་མ་རི་མཐོ་མི་བཟད་དེ་ལ་མྱུར་འཛེགས་ན་༎
 तां कूटशाल्मलिमधोमुखकण्ठकौघनिर्भिद्यमानवपुरर्पितगाढशल्यः ॥ श्ल्_४६ ॥	ཚེར་མའི་ཚོགས་ཁ་ཐུར་དུ་བལྟས་པས་ཐལ་འབྱིན་ཅིང་༎ ཟུག་རྡུ་ཚབས་བོ་ཆེ་དག་ཁོང་རླག་ནུབ་པར་འགྱུར་༎
 मृत्योः करान्तगलितैरिव कालपाशैराशीविषैर्धृतफणैर्दृढसंयतस्य ।	གཤིན་རྗེའི་ལག་ན་ཐོགས་པ་དུས་ཀྱི་ཞགས་པ་ལྟའི་༎ སྦྲུལ་སྡུག་མགོ་འཕང་བསྟོད་པས་དམ་གཞག་གཞུངས་ནས་ནི་།
 उत्पाटयन्ति नयने स्फुरतः प्रसह्य तत्र स्थितस्य बकवायसकङ्कगृध्राः ॥ श्ल्_४७ ॥	གསོན་པོར་ཁ་དང་བྱ་གར་ཀང་ཀ་བྱ་རྒོད་ཀྱིས་༎ དེ་ན་གནས་པའི་མིག་དག་ཚམ་ཚོམ་མེད་པར་འདྲུ་༎
 तेषां मुखैः कुलिशकोटिनिभैः प्रसह्य निद्रायमानवपुरेष कृतार्तनादः ।	དེ་ལུས་དེ་དག་གི་མཆུ་རྡོ་རྗེ་རྩེ་མོ་ལྟས་༏་། བརྩམ་པ་མེད་དབང་ཉམ་ཐག་ང་རོ་འབྱིན་བྱེད་ཅིང་༎ ཐུར་དུ་བབས་ན་ལྕགས་ཚེར་གྱེན་དུ་ཁ་བལྟས་པ་༎
 लोहोन्मुखप्रचुरपीवरतीक्ष्णशङ्कुनिर्भिन्नमूर्तिरवरोहति नष्टचेताः ॥ श्ल्_४८ ॥	སྦོམ་བ་རྣོ་བ་མང་པོས་ལུས་ཕུག་དྲན་པ་ཉམས་༎
 आदीप्तशूलशितशल्यविभिन्नदेहास्तत्रैव केचिदवरोढुमशक्नुवन्तः ।	དེ་བས་ཁ་ཅིག་མདུང་རྩེ་གསུམ་པ་འབར་བ་དང་༎ ཟུག་རྡུ་རྣོན་པོས་ལུས་དབང་ཐུར་དུ་འབབ་མི་ནུས་༎
 घोरैर्यदा निशितशस्त्रमुखैरयोभिराकृष्यमाणविसरद्गलितान्त्रसूत्राः ॥ श्ल्_४९ ॥	དེ་ཚེ་མཚོན་ཆ་བདར་བའི་མཆུ་ཅན་ཁབ༹་རྣམས་ཀྱིས་༎ ཀུན་དུ་དྲངས་པས་རྒྱུ་ལྟོ་བྲང་བྲེང་ནར་ཞང་འཐོར་༎ ཁ་ཅིག་རི་བོའི་ག-ཡང་ས་ཡ་ངར་ག-ཡང་དུ་ལྷུང་༎
 केचित्पतन्ति विषमेषू गिरेस्तटेषु केचित्परिक्वषिततैलकटाहकुक्षौ ।	ཁ་ཅིག་འབྲུ་མར་སྐོལ་བའི་ཟངས་ཆེན་ནང་དུ་ལྟུང་༎ གཞན་དག་ཕྱེ་མ་སྲེག་པ་མེ་སྟག་འཕྲོ་བ་ཡི་༎ ས་གཞི་རྐང་པ་གཞག་པའི་གནས་མི་ཐོད་པར་ལྷུང་༎ ཁ་ཅིག་འབུ་སྦྲང་ཕྲ་མོ་ལྕིག་ལྕིག་འདུག་པ་ཡི་༎ ཚོགས་ཀྱིས་ལུས་རྨུགས་བམ་ཞིང་རྣམ་པར་འདྲུལ་༎ ལས་ཀྱི་རང་བཞིན་སྙི་ལ་འཚོ་བ་ཐོགས་པ་རྣམས་༎ བསྐྱོད་པ་ཙམ་ཡང་བྱ་བར་མི་ནུས་བཞིན་དུ་གསོན་༎
 उत्तप्तवालुकभुवं विसृतस्फुलिङ्गामेन्य विशन्ति पदसङ्गमनाप्नुवन्तः ॥ श्ल्_५० ॥	ལྷགས་པ་དཔེ་མེད་རུས་བ་ལ་ཡང་ཐིམ་པ་ཡིས་༏་། ལུས་སྦྲེབས་འདར་ཞིང་བསྐུར་ནས་གུམ་གུམ་པོར་འདུག་པ་༎
 एके पुनः सिमिसिमायितमूक्ष्मजन्तुसंघातजर्जरितसूनविपूतिकायाः । संचालमात्रमपि हर्तुमशक्नुवन्तो जीवन्ति कर्ममयपाशनिबद्धजीवाः ॥ श्ल्_५१ ॥	ཆུ་བུར་བརྒྱ་བྱུང་རྡོལ་བ་ལས་སྐྱེས་སྲོག་ཆགས་ཀྱི་༎
 अस्थीन्यपि प्रणयता रहितोपमेन शीतेन जर्जरितवेपितपिण्डिताङ्गाः । उत्पन्नभिन्नपिटका शतजातजन्तुजग्धक्षतश्रुतसमज्जवशालशीकाः ॥ श्ल्_५२ ॥	རལ་གྲིས་དབད་ནས་ཞག་དང་ཆུ་སེར་རྐང་བཅས་འཛག་། 
 संदष्टलग्नदशनास्तनुलोमकेशाः संघट्टितव्यधितलोचनकर्णकण्ठाः ।	དཀོས་ཐག་སོ་འཐམས་སྐྲ་དང་སྤུ་རྣམས་ག-ཡེངས་གྱུར་པ་༎ མིག་དང་རྣ་བ་ལྐོག་མ་གནོད་༄༤༩བ་པས་ཀུན་གཞིར་ཞིང་༎ ལུས་དང་སེམས་ཀྱི་བར་དག་རབ་ཏུ་ཀློང་གྱུར་ནས་༎
 आ चेतसो जडतरत्वमुपेतकायास्तिष्ठन्ति शीतनरकेषु भृशं नदन्तः ॥ श्ल्_५३ ॥	གྲང་བའི་དམྱལ་བར་གནས་ཤིང་ཤིན་ཏུ་འོ་དོད་འབོད་༎ དམྱལ་མེ་དུ་བ་མཆེད་དཀུ་མནམ་པ་འཐུལ་བས་གནམ་མདོག་འགྱུར་༎
 विकीर्णबहलोग्रगन्धकटुधूमधूम्रान्तरं विजृम्भितशिखाकरप्रकररुद्रदिग्मण्डलम् ।	མེ་ལྕེའི་ལག་མང་རྣམ་པར་འཕྲོས་ནས་ཕྱོགས་ཀྱི་དཀྱིལ་འཁོར་ཁེབས་༏་། རུས་གོད་དཀར་དུམ་ཕྲེང་བའི་རྒྱན་གྱིས་སྤུད་པ་སྐྱི་ག-ཡའ་བ་༎
 सितास्थिसकलाटलीरचितभूषणं भीषणं प्रवृत्तमिव भैरवं ससुजचर्म हाहारवम् ॥ श्ल्_५४ ॥	གླང་ཆེན་པགས་གྱོན་བསྡིགས་ཐབས་ཀྱེ་མ་ཀྱི་ཧུད་ཟེར་བ་བཞིན་༎
 चटच्छढदिति क्वचित्स्फुरदुरुस्फुलिङ्गाकुलं छमच्छमदिति क्षणस्थगितजृम्भितं मेदसि ।	ལ་ལར་མེ་སྟག་ཆེ་འཕྲོ་འཁྲུག་པ་འུར་སྒྲ་ཏོག་ཡར་ལ་༎
 कटत्कटदिति क्वणन्तमुरसो ऽस्थिरन्ध्रान्तरे पतन्ति नरकानलं विजितकल्पकालानलम् ॥ श्ल्_५५ ॥	ཞག་གིས་བབ་ན་སྐད་ངན་བོད་པའི་རྩེ་ཞིལ་ཆིལ་ཆིལ་འབར་༎ བྲང་གི་རུས་པའི་ཁོང་དུ་ཐལ་ལ་ལྷག་ལྷག་སྒྲ་གྲགས་པ་༎ བསྐལ་པའི་དུས་ཀྱི་མེ་ཡིས་བསྐྱོད་དུ་མེད་པའི་ནང་དུ་ལྷུང་༎
 पुराणतृणजर्जरज्वलितपर्शुका x x x x x x x x लतालवो धगिति वान्तदीप्तार्चिषः ।	གློ་ནས་རཙབ༹་སྐམ་རྙིང་ལས་སྦར་བ་ལྟ་བུར་མེ་ཚོགས་འབར་༎
 स्फुटज्जठरनिःसृतप्रसरदन्त्रसंत्रासिताः विमुक्तगुरुघर्घरध्वनितमात्रशेषक्रियाः ॥ श्ल्_५६ ॥	མགྲིན་དང་ཁ་ནས་མེ་ལྕེ་འབར་བ་དུད་བཅས་བསྟུད་མར་འབྱུང་༎ ཁོང་ལྟོ་གས་པ་ནས་ལུག་ནང་ཁྲོལ་ནར་བས་ཀུན་བྲེད་ཅིང་༎ བརྡ་མི་ཕྲད་པའི་སྐད་ཆེན་ཙམ་ཞིག་འདོན་པར་བྱེད་པར་ཟད་༎
 निरीक्ष्य विवरान्तरं मुहुरपावृतं दूरतः प्रयान्ति कथमप्यमी प्रमतदुःखमोक्षाश्रयाः ।	སྡུག་བསྔལ་ཆེ་ལས་ཐར་པར་འདོད་པས་དེ་དག་ཡང་དང་ཡང་༎ སྒོ་བྱེ་གསེབ་གཞན་མཐོང་ནས་ཐག་རིང་ཅི་ཞིག་ལྟར་ཏེ་འབྱེར་༎
 यदा तदपि घट्टितं भवति कर्मपट्टैर्दृढैस्तदा विफलवाञ्छिताः किमपि यान्ति दुःखान्तरम् ॥ श्ल्_५७ ॥	གང་ཚེ་ལས་ཀྱི་སྒོ་འཕར་དམ་པོས་དེ་དེ་ཡང་བཅད་འགྱུར་པ་༎ དེ་ཚེ་ཡི་མུག་བཟོད་བླག་སྡུག་བསྔལ་གཞན་ཡང་འབྱུང་བར་འགྱུར་༎ མངའ་ཆེན་རྣོ་ཚོགས་འབར་བ་ཆར་བཞིན་འབབ་པའི་རྗེས་ལ་ཡང་༎ དམྱལ་བའི་སྲུང་མས་དབྱུག་པས་བཏབ་ཅིང་མཆི་མ་འཛག་བཞིན་དུ་༎
 ज्वलन्निशिततोमरप्रकरवर्षणानन्तरं द्रवीकृतमयोरसं दहनरश्मिमालाकुलम् ।	ལྕགས་ཞུན་ཁུ་བ་མ་སྟག་འབར་བའི་ཕྲེང་བས་འཁྲིགས་པ་ལྡུད་༎ ཁ་སྣ་རྣ་བའི་བུག་དག་ནས་དུད་འཐུལ་གྱེན་དུ་འབྱུང་༎
 पिबन्ति गलदस्रवो नरकपालदण्डाहता मुखश्रवणनासिकाविवरलब्धधूमोद्गमाः ॥ श्ल्_५८ ॥	མིག་དང་གླད་སྤྲིས་རྡོལ་གྱི་བར་དུ་ཀུན་སྲེག་ཅིང་༎
 आदग्धविस्फुटितनेत्रशिरः कपालमस्तिष्कदीपितपिशङ्गशिखाकलापः ।	གླད་པའི་རྒྱས་ལ་འབར་བའི་མེ་ལྕེ་སྨུག་ནག་ཚོགས་༎ མེ་དེ་ཁྲོས་པ་ལྟ་བུར་དེ་ཡི་ལུས་ཕུང་ལ་༎
 शुष्केन्धनप्रकरनिर्दयतामुपैति शोकाग्निकोष इव गात्रचयेषु तेषाम् ॥ श्ल्_५९ ॥	བུད་ཤིང་སྐམ་པོ་བཅེར་ལ་སྦར་བ་བཞིན་དུ་མཆེད་༎ སྐྱེ་བོ་དེ་སྲོག་རིག་ཟར་ཀླུང་གི་ཆུ་ལྟར་ག-ཡོ་༎
 ते जन्तवो गिरिनदीजललोलजीवा औष्ठ्यं तदेव नरकेषु त एव चाग्निः ।	དམྱལ་བའི་མེ་ཡང་དེར་ཟད་ཚ་བའང་དེར་ཟད་དེ་༎
 कर्माणि तत्खलु तथा परिणामयन्ति सर्वं यथा परमदारुणमाविभाति ॥ श्ल्_६० ॥	ལས་རྣམས་ཇི་ལྟར་ཐམས་ཅད་ཤིན་ཏུ་མི་བཟད་པ་༎ སྣང་བར་འགྱུར་བ་དེ་ལྟར་ཡོངས་སུ་སྒྱུར་པར་བྱེད་༎
 आत्मीयकर्मविवशाकुलवेष्टितस्य मुक्तस्य पापनिलयान्निरयां कथंचित् ।	སྐྱེ་བོ་རང་གི་ལས་ཀྱིས་དབང་མེད་འཆལ་སྤྱོད་པ་༎ བརྒྱ་ལ་སྡིག་ནས་དམྱལ་བ་དག་ནས་ཐར་ན་ཡང་༎
 लोकेष्वनन्तगतिभेदभयाकुलेषु मानुष्यकं परमदुर्लभमेव जन्तोः ॥ श्ल्_६१ ॥	འཇིག་རྟེན་འགྲོ་བ་མཐའ་དག་བྱེ་༄༥༠ཨ་༌་༎ བ་འཕྱེས་རྣམས་སུ་༎ མི་ཡི་དངོས་པོ་ཤིན་ཏུ་རྙེད་པར་དཀའ་བ་ཉིད་༎ གལ་ཏེ་ཀླ་ཀློ་དམྱལ་བའི་སྲུང་དང་སྤྱོད་མཚུངས་སམ་༎
 म्लेच्छेषु वा नरकपालसमव्रतेषु तिर्यक्षु वा कृतपरस्परभक्षणेषु ।	དུད་འགྲོ་ཕན་ཚུན་ཟ་བར་བྱེད་པའི་ནང་དག་ཏུ་༎
 जातिं लभेत यदि तत्र तदेव शीलमासेवते पतति येन पुनः प्रपातम् ॥ श्ल्_६२ ॥	སྐྱེ་བ་ཐོབ་པར་འགྱུར་ན་གང་གི་ཕྱིར་ཡང་ནི་༎ ག-ཡང་དུ་ལྷུང་བར་འགྱུར་བའི་ངང་ཚུལ་དེ་ཉིད་བསྟེན་༎ གང་ཞིག་ཐོབ་ནས་སྐྱེ་བའི་རྒྱ་མཚོ་མཐར་འབྱིན་ཅིང་༎
 यत्प्राप्य जन्मजलधेरपि यान्ति पारमारोपयन्ति शिवमुत्तमबोधिबीजम् ।	བྱང་ཆུབ་མཆོག་གི་ས་བོན་དགེ་བའང་འདེབས་གྱུར་པ་༎ ཡིད་བཞིན་ནོར་བུ་བས་ཀྱང་ཡོན་ཏན་ལྷག་པ་ཡི་༎
 चिन्तामणेरपि समभ्यधिकं गुणौघैर्मानुष्यकं क इह तद्विफलीकरोति ॥ श्ल्_६३ ॥	མི་ཉིད་དེ་ནི་སུ་ཞིག་འབྲས་བུ་མེད་པར་བྱེད་༎ བདེ་གཤེགས་ལམ་བསྟེན་འགྲོ་བ་འདྲེན་པར་ཆས་གྱུར་ཅིང་༎ སེམས་ཀྱི་སྟོབས་ཆེན་མི་ཡིས་རྙེད་པ་གང་ཡིན་པའི་༎ ལམ་དེ་ལྷ་དང་ཀླུ་ཡིས་མི་རྙེད་ལྷ་མིན་དང་༎ མཁའ་ལྡིང་རིག་འཛིན་མིའམ་ཅི་སྟེ་ལྟོ་འཕྱེས་མིན་༎ མི་ཡི་དངོས་པོ་ཤིན་ཏུ་རྙེད་དཀའ་རྙེད་གྱུར་ནས་༎
 अत्यन्तदुर्लभमुपेत्य मनुष्यभावं यद्वाञ्छितं तदभिवाञ्छितमेव कुर्यात् ।	དོན་དུ་བརྣག་པ་གང་ཡིན་དེ་ནི་བརྟུན་ཏེ་བསྒྲུབ་༎ མར་མེའི་མེ་ལྕེ་ཤུགས་དྲག་རླུང་གིས་བསྐྱོད་པ་ལྟའི་༎
 चण्डानिलाकुलितदीपशिखाचलस्य न ह्यायुषः क्षणमपि स्थितिनिश्चयोऽस्ति ॥ श्ल्_६४ ॥	ཚེ་ནི་སྐད་ཅིག་གནས་པའི་གདེངས་ཡང་ཡོད་མ་ཡིན་༎
 श्वः कार्यमेतदिदमद्य परं मुहूर्तादेतत्क्षणादिति जनेन विचिन्त्यमाने ।	འདི་ནི་སང་བྱ་འདི་ནི་ཐང་ཅིག་འོག་ཏུ་བྱ་༎ འདི་ནི་དེའུ་རེ་བྱ་ཞེས་སྐྱེ་བོ་སེམས་པ་ན་༎
 तिर्यग्निरीक्षणपिशङ्गितकालदण्डः शङ्के हसत्यसहनः कुपितः कृतान्तः ॥ श्ल्_६५ ॥	གཤིན་རྗེ་བེ་ཅོན་ནག་ཐོགས་ཟུར་གྱིས་ལྟ་བ་ཡི་༏་། མིག་རྩ་དམར་ཁྲོས་མ་རངས་གད་མོས་རེ་སྙམ་འདེབས་༎
 आयाति फुल्लकुसुमः कुसुमागमो ऽयमेषा शशाङ्कतिलका शरदागतेति ।	སོས་ཀ་མེ་ཏོག་རྒྱས་པའི་དུས་འདེ་འབྱུང་བར་འགྱུར་༎ ཟླ་བ་གསལ་བས་མཚོན་པའི་སྟོན་དུས་འདི་འབྱུང་ཞེས་༎
 सर्वः प्रहृष्यति जनो न पुनर्ममैतदायुः प्रहीणमिति याति परं विषादम् ॥ श्ल्_६६ ॥	སྐྱེ་བོ་ཐམས་ཅད་དགའ་འགྱུར་བདག་གི་ཚེ་འདི་ནི་༎ ཟད་པར་འགྱུར་ཞེས་ཤིན་ཏུ་མི་དགར་འགྱུར་བ་མེད་༎ ཟླ་བའི་དཀྱིལ་འཁོར་རྒྱས་པ་ཉེ་བར་བརྒྱན་བྱས་ཤིང་༎
 आसन्नपीनशशिमण्डलमण्डनासु विश्रान्तवारिगुरुवारिदमेखलासु ।	རྐེད་འཆིངས་ཆར་ཆེན་སྤྲིན་གྱི་འཁྲིགས་པས་འཁྱུད་གྱུར་པ་༎ རི་རྩེའི་ནགས་ཀྱི་མཐོངས་དེར་ཆགས་པ་མེད་པ་ནི་༎ རླུང་ལྟར་ག-ཡོ་བའི་རང་བཞིན་ཚེ་གཏུགས་སྐལ་བ་ཆེ་༎ ནགས་མཐོངས་རི་དགས་རྒྱུ་བའི་ཚོགས་ཀྱིས་བསྟེན་བྱས་ལ་༎ ཀུན་ནས་ཉམས་དགའ་བཟང་པོ་དེ་ནི་སྐྱིད་པ་གང་༎ དེ་ཅི་དགའ་བའི་ནགས་ཚལ་ལྷ་མོའི་ཉམས་བག་ཏུ་༎ ཐེལ་གྱིས་འབེབས་པའི་རྡོ་ལེབ་ཅན་ལ་ཡོད་འགྱུར་སྙམ་༎
 निःसङ्गमासु गिरिशृङ्गवनस्थलीषु धन्या नयन्त्यनिलचञ्चलशीलमायुः ॥ श्ल्_६७ ॥	ནགས་ཀླུང་ཆུ་གཙང་དོགས་ཀྱི་དབེན་པ་སྐྱིད་པ་གང་༎
 किं सा रतिर्भवति नन्दनभूमिकासु दिव्याङ्गनाजघनपृष्ठशिलातलासु । या मुग्धमुग्धहरणीगणसेवितासु निःसङ्गचारुसुभगासु वनस्थलीषु ॥ श्ल्_६८ ॥	༄༥༠བ་དེ་ཅི་ལྷ་ཡི་བུ་མོ་དྲི་ཞིམ་བྱུགས་པ་ཡི་༎ ལན་བུའི་རྒྱན་དུ་ཐོགས་པའི་རྒྱུ་ལྡན་མེ་ཏོག་ཚོགས་༎ མཛེས་པའི་ཟིལ་གནོན་ལྷ་ཡི་ཆུ་ལའང་ཡོད་འགྱུར་རམ་༎ རྩ་བ་འབྲས་བུ་ཤུན་པ་ལོ་མ་ཕུན་སུམ་ཚོགས་པའི་ལྗོན་ཤིང་ལྡན་༎ ནགས་ཚལ་ལྟོས་མེད་རི་བོའི་ཆུ་རྒྱུན་བསིལ་འབབ་ཆགས་པ་མེད་པའི་གནས་༎
 दिव्याङ्गनापरिमलाविलये निभिन्नसंतानकस्तवकहासवितण्वनीषु ।	ཆུ་ཀླུང་ཡངས་པའི་མཐའ་རུ་འབྲས་བུ་མེ་ཏོག་ལྷུང་བས་བརྒྱན་པ་ཡི་༎ ཉམས་དགའ་བས་མཐར་ཅི་ཞིག་མེད་དེ་དམྱལ་སྡོང་ཁྱིམ་གྱིས་བསླུས་ཏེ་སྡོད་༎
 किं सा रतिः सुरसरित्सु विविक्तरम्यतीरासु या शुचिजलासु वने नदीषु ॥ श्ल्_६९ ॥	རི་སུལ་ཡངས་པར་སྐྱེ་བོ་བུན་ལོང་མེད་པས་རབ་བདེ་བ་༎
 विशालाः शैलानां विरतजनसंपातसुभगा गुहा गाढाभोगा हरितवनलेखापरिकराः ।	ཉེར་སྤྱོད་རྒྱ་ཆེན་ནགས་ཚལ་སྡོ་འཁྲུངས་ཕྲེང་བས་སྦྲེངས་༎
 सरित्तीरासन्ना सुरजमधुरैर्निर्जनरवैर्न गम्याः क्लेशाग्नेरयमिति वदन्तीव पथिकान् ॥ श्ल्_७० ॥	ཆུ་དོགས་སྙན་པ་ཕུ་ཆུའི་རྒྱུན་འདྲ་རྔ་ལྟར་སྙན་པ་ཡིས་༎ བདག་ཅག་ཉོན་མོངས་ཡུལ་མ་ཡིན་ཞེས་འདོན་ལ་སྒྲོགས་པ་བཞིན་༎
 मायामरीचिदकचन्द्रतरंगकल्पाः कामा जिनेन गदिता विभवाः स्त्रियश्च ।	འདོད་པ་རྣམས་དང་འབྱོར་དང་སྲིད་གསུམ་རྒྱལ་བ་ཡིས་༎ སྒྱུ་མ་སྨིག་རྒྱུ་ཆུ་ཟླ་དཔའ་རླབས་འདྲ་བར་གསུངས་༎
 स्वप्नान्तदुर्लभितविभ्रमविप्रलब्धा बालाः पतन्ति निरयेष्वपि येषु सक्ताः ॥ श्ल्_७१ ॥	རྨི་ལམ་ལྟ་བུའི་ངན་སྤྱོད་འཁྲུལ་བས་བསླུས་པ་ཡི་༎ བྱིས་པ་གང་དག་དེ་ལ་ཆགས་པ་དམྱལ་བར་ལྟུང་༎ ཡུལ་དང་དུག་མཚུངས་དང་པོ་མྱོད་བ་ཙམ་ན་བདེ་༎
 आपातमात्रमधुरा विषया विषश्च घोरा विषाककटुका विषया विषश्च ।	ཡུལ་དང་དུག་མཚུངས་རྣམ་སྨིན་རྩུབ་པས་མི་བཟད་པ་༎ ཡུལ་དང་དུག་མཆུངས་གཏི་མུག་མུན་པས་ཐིབས་པོར་བྱེད་༎
 मोहान्धकारगहना विषया विषश्च दुर्वारवेगचपला विषया विषश्च ॥ श्ल्_७२ ॥	ཡུལ་དང་དུག་མཚུངས་ཤུགས་བཟློག་དཀའ་ཞིང་ག-ཡོ་བ་ཡིན་༎ དུག་དང་ཡུལ་རྣམས་བློ་ཡིས་ངེས་པར་བརྟགས་བྱས་ན་༎
 कामा विषश्च विषयाश्च निरूप्यमानाः श्रेयो विषं न विषया विषमस्वभावाः ।	ཉིས་ན་དུག་བླ་མི་བཟད་རང་བཞིན་ཡུལ་རྣམས་མིན་༎ དུག་ནི་སྐྱེ་བ་གཅིག་ལ་དུག་ཏུ་འགྱུར་བར་ཟད་༎
 एकत्र जन्मनि विषं विषतां प्रयाति जन्मान्तरे ऽपि विषया विषतां प्रयान्ति ॥ श्ल्_७३ ॥ विषस्य विषयाणां च दूरमत्यन्तगोचरम् । उपयुक्तं विषं हन्ति विषयाः स्मरणादपि ॥ श्ल्_७४ ॥	ཡུལ་ནི་ཚེ་རབས་གཞན་ལའང་དུག་ཏུ་འགྱུར་བར་བྱེད་༎ དུག་ནི་དུག་དང་བསྲེས་ནས་རབ་ཏུ་ཞི་བར་འགྱུར་༎
 संसृष्टं व्रजति विषं विषेण शान्तिं सन्मन्त्रैरगदधरैश्च साध्यमानम् ।	གསང་སྔགས་མཆོག་དང་དུག་སེལ་སྨན་གྱིས་གསོ་བར་རུང་༎ དུག་ནི་ཐབས་ལྡན་སྤྱད་ན་མི་ལ་ཕན་འགྱུར་གྱི་༎
 युक्तं वा भवति विषं हिताय नॄणां न त्वेवं विषयमहाविषं कदाचित् ॥ श्ल्_७५ ॥	དུག་ཆེན་ཡུལ་ནི་ནམ་ཡང་དེ་ལྟ་མ་ཡིན་ནོ་༎ ཇི་ལྟར་གླང་བུ་ཁྲོན་ཟབ་ཁ་ནས་འཁྲུངས་པ་ཡི་༎
 यद्वद्वृषो विषमकूपतटान्तत्रूढो दूर्वाप्रवाललवलालसमानसः सन् ।	རཙབ༹་ལོ་ཁམ་འགའ་ཙམ་ལ་ཡིད་ནི་ཆགས་གྱུར་པ་༎ རྙེད་པ་གྲུབ་པ་མེད་པར་ག-ཡང་དུ་ལྟུང་བ་ལྟར་༎
 श्वभ्रे पतत्यथ च नास्तु त एव लाभस्तद्वत्सुखान्वितमतिः खलु जीवलोकः ॥ श्ल्_७६ ॥	འཚོ་བའི་འཇིག་རྟེན་བདེ་ལྡན་འདོད་པའང་དེ་དང་འདྲ་༎
 मन्दाकिनीजलरयाकुलितालकाभिः क्रीडाविहारमनुभूय सहाप्सरोभिः । भूयो भ्रमन्ति खरवैतरणे तरंगसंपर्कजर्जरितदारुणदुःखभाजः ॥ श्ल्_७७ ॥	ལྷ་ཡི་བུ་མོ་དལ་གྱིས་འབབ་པའི་ཆུ་རྒྱུན་གྱིས་༎ འཕྲལ་ཐབས་ཀློང་པ་རྣམས་དང་ལྷན་ཅིག་རྩེ་མྱོང་༄༥༡ཨ་༌་༎ ནས་༏་། ཕྱེར་ཡང་ཆུ་བོ་རབ་མེད་རྦ་དྲག་འབོགས་པ་ཡིས་༎ སྨས་པའི་སྡུག་བསྔལ་མི་བཟད་བསྟན་པར་བྱ་དགོས་སོ་༎
 आस्तीर्णकल्पतरुपल्ल्वसंस्तरेषु कान्तासखाः सुरवनेषु मखं विहृत्य ।	ལྷ་ཚལ་དཔག་བསམ་ཤིང་ལོའི་གདིང་བ་ཀུན་བཀྲམ་པར་༎ ལྷ་ཡི་བུ་མོ་དང་བསྟེན་བདེ་བར་གནས་ནས་ཀྱང་༎ ཕྱིར་ཡང་མཚོན་རྣོན་མང་པོ་འབབ་པས་ལུས་དབང་པ་༎ ལོ་མ་རལ་གྲི་ལྟ་བུའི་ནགས་ཚལ་བགྲོད་དགོས་སོ་༎ རྐང་བཞག་ནེམས་དང་འཕར་བྱེད་རེག་ན་བདེ་བ་ཡི་༎ རི་རབ་སྤོ་ཡི་དཀྱིལ་དུ་ཡུན་རིང་གནས་ནས་ཀྱང་༎
 भूयो भ्रमन्ति निशिताकुलशस्त्रपातविच्छिन्नगात्रमसिपत्त्रवनस्थलीषु ॥ श्ल्_७८ ॥ स्पर्शे सुखासु पदपातनतोन्नतासु मेरोर्नितम्बपदवीषु चिरं विहृत्य । उत्तप्तसैकतकुकूलकृशानुराशिं संसीर्यमाणचरणोरुभुजो भ्रमन्ति ॥ श्ल्_७९ ॥	ཕྱིར་ཡང་བྱེ་མ་བསྲེགས་པའི་མེ་མ་མུར་གྱི་ཚོགས་༎ བརླ་དང་རྐང་ལག་ཀུན་དུ་ཞིག་པར་འཁྱམ་པར་འགྱུར་༎
 गत्वा दिवं मुखरभासुरकिङ्कनीकहारावलीनिकरदन्तुरितैर्विमानैः ।	དྲིལ་བུ་མཛེས་ཁྲོལ་མུ་ཏིག་ཕྲེང་ཚོགས་ལྷག་གེ་བ་༎ གཞལ་མེད་ཁང་དུ་ཞུགས་ཏེ་ལྷ་ཡུལ་བགྲོད་ནས་ཀྱང་༎
 घोरं स्थिराश्रयममेयमनन्तपारमन्धं तमः पुनरधःशिरसा पतन्ति ॥ श्ल्_८० ॥	མི་བཟད་སྐྱབས་མེད་མུན་ནག་ཐིབས་པོ་དཔག་མེད་པ་༎ ཕ་མཐའ་མེད་པའི་ནང་དུ་སྤྱི་ཚུགས་ལྟུང་བར་འགྱུར་༎
 शक्रो ऽपि यत्र सुरकिंनरनागयक्षमौलिप्रभाप्रकरपिञ्जरपादपीठः ।	གང་དུ་ལྷ་ཀླུ་མིའམ་ཅི་ཡི་མགོ་རྒྱན་གྱི་༏་།འོད་ཀྱི་ཚོགས་ཀྱིས་རྐང་རྟེན་དམར་བའི་བརྒྱ་བྱིན་ཡང་༎
 कर्मानिलाकुलगतिः कुगतिः प्रयाति को नाम तत्र पुरुषो न भयं भजेत ॥ श्ल्_८१ ॥	ལས་ཀྱི་རླུང་འཁྲུགས་འགྲོ་བ་ངན་པར་འགྲོ་འགྱུར་བ་༎ དེ་ལ་སྐྱེས་བུ་སུ་ཞིག་འཇིགས་པ་བསྟན་མི་བྱེད་༎
 प्रम्लायमानकुसुमाः श्रु x x x दिग्धा म्लानाम्बराः करुणदीक्षितबन्धुवर्गाः ।	མེ་ཏོག་རབ་ཏུ་རྙིངས་ཤིང་ལུས་རྡུལ་ཐོན་པ་དང་༎ གོས་རྙིང་སྨྲེ་ཞིང་ཉེ་དུ་རྣམས་ལ་ལྟ་བ་ཡིས་༎
 दुःखं परं यदमरा मरणे व्रजन्ति तन्मानवा न जलबुद्बुदलोलजीवाः ॥ श्ल्_८२ ॥	ལྷ་རྣམས་འཆི་བའི་རབ་ཏུ་སྡུག་བསྔལ་གང་ཡིན་དེ་༎ འཚོ་བ་ཆུ་བུར་ལྟ་བུར་ག-ཡོ་བའི་མི་ལ་མེད་༎
 दुःखाग्निप्रकरनिरोधभैरवे ऽस्मिन्यलोके वहति जनः सुखाभिमानम् । तन्मत्योर्वदनमपावृतं विशालं तद्बीजं पुनरपि जन्मपादपस्य ॥ श्ल्_८३ ॥ तं तृष्णामयदृढदीर्घतन्तुबद्धं पर्यस्तप्रणिहितभीमकालदण्डम् ।	སྡུག་བསྔལ་མེ་ཚོགས་འཕུང་བས་འཇིགས་པའི་འཇིག་རྟེན་འདིར་༎ སྐྱེ་བོ་བདེ་སྙམ་མངོན་པའི་ང་རྒྱལ་བྱེད་པ་དང་༎ དེ་ནི་གཤིན་རྗེའི་ཁ་ཡངས་འབྱེད་པར་བྱེད་པ་སྟེ་༎ དེ་ནི་སྐྱེ་བ་ཕྱི་མའི་ལྗོན་ཤིང་ས་བོན་ཡིན་༎ དེ་ནི་གཤིན་རྗེས་སྲིད་མཚོར་རྒྱུ་བའི་སེམས་ཅན་ལ་༎ ལོག་པར་སྨོན་པའི་འཇིགས་པ་དབྱིག་པ་ནག་པོའི་རྩེར་༎ སྲེད་པའི་ཐ་གུ་རིང་པོས་དམ་བཞག་བཏགས་པ་ཡི་༎
 सत्त्वानां भवजलधौ परिप्लुतानां मत्स्यनां बडिशमिवान्तकेन दत्तम् ॥ श्ल्_८४ ॥	མཆིལ་པས་ཉ་ལ་བྱ་བ་བཞིན་དུ་བཏབ་པ་ཡིན་༎
 कुम्भीपाकक्वथितकलिलादुष्णसंरम्भवेगात्कृत्वोद्ग्रीवं क्षणमपि सुखं लब्धनिश्वासमोक्षाः ।	དམྱལ་རྣམས་ཟངས་ཆེན་ལྷག་ལྷག་སྐོལ་བ་ཚ་བའི་ཤུགས་དྲག་ནས་༎ སྐད་ཅིག་ཙམ་ཞིག་མགོ་སྟོད་དབུགས་འབྱིན་འགྱུར་བ་རྣམས་༎
 क्रोधापूर्णैः सुबहुभिरयोमुद्गरैस्ताड्यमाना मन्यते तं परमिव सुखं नारका यद्वदेव ॥ श्ल्_८५ ॥	ལྕགས་ཀྱི་ཐོ་བ་རབ་ཏུ་མང་པོ་ཁྲོས་ཏེ་གཟས་པ་ཡིས་༎ བརྒྱབ་ན་དེ་ཉིད་མཆོག་ཏུ་བདེ་བ་ཡིན་པར་སེམས་པ་ལྟར་༎ དེ་བཞིན་སྡུག་བསྔལ་མི་བཟད་པ་ཡིས་དབང་མེད་རྟག་༄༥༡བ་གཟིར་ཅིང་༎ རེ་ཞིག་ཙམ་ཞིག་ཇི་ཞིག་ལྟར་ཏེ་སྐྱེ་ཤིའི་འཁྲུགས་མེད་ནས་༎
 तद्वद्दुःखैरनिशमवशो दारुणैः पीड्यमानस्तावत्कालं जरणमणरक्षोभमुक्तः कथंचित् ।	སྐད་ཅིག་སྡུག་བསྔལ་གཉུག་མར་བཟོད་དཀའ་མེ་ལྕེ་ཞིལ་གྱུར་ན་༎
 मन्दीभूते क्षणमपि निजे दुःसहे दुःखवह्नौ सर्वो लोकस्तनुसुखलवग्रामतृष्णां करोति ॥ श्ल्_८६ ॥	འཇིག་རྟེན་ཐམས་ཅད་བདེ་བ་ཁམ་འགའ་ལ་ཡང་སྲེད་པར་བྱེད་༎
 यावद्यावज्जगति सकले जायते सौख्यसंज्ञा तावत्तावद्बहुतरशिखो जायते रागबह्निः ।	ཇི་ལྟ་ཇི་ལྟར་འགྲོ་བ་ཀུན་ལ་བདེ་བའི་འདུ་ཤེས་བསྐྱེད་༎ དེ་ལྟ་དེ་ལྟར་གཏི་མུག་མུན་པ་ཤིན་ཏུ་སྟུག་པོར་འགྱུར་༎ ཇི་ལྟ་ཇི་ལྟར་འགྲོ་བ་ཀུན་ལ་སྡུག་བསྔལ་འདུ་ཤེས་བསྐྱེད་༎ དེ་ལྟ་དེ་ལྟར་གཏི་མུག་མུན་པ་ཤིན་ཏུ་སྲབ་མོར་འགྱུར་༎
 यावद्यावद्विसरति शुभा भावना भाव्यमाना तावत्तावद्बहलतरतामेति मोहान्धकारम् ॥ श्ल्_८७ ॥	ཇི་ལྟ་ཇི་ལྟར་སྡུག་པ་བསྒོམ་པ་ཤིན་ཏུ་རྣམ་འཕེལ་བ་༎ དེ་ལྟ་དེ་ལྟར་འདོད་ཆགས་མེ་ལྕེ་ཤིན་ཏུ་འཕྲོ་བར་འགྱུར་༎
 यावद्यावन्नियतमशुभा भावना याति वृद्धिम् । तावत्तावत्तरलतरतमिति मोहान्धकारम् ॥ श्ल्_८८ ॥	ཇི་ལྟ་ཇི་ལྟར་མི་སྡུག་བསྒོམ་པ་ཤིན་ཏུ་འཕེལ་འགྱུར་བ་༎ དེ་ལྟ་དེ་ལྟར་འདོད་ཆགས་མེ་ལྕེ་ཤིན་ཏུ་རྩེ་ཞིལ་འགྱུར་༎
 दुर्गन्धिपूतिविकृतैररविन्दमिन्दुमिन्दीवरं च तुलयन्ति यदाङ्गनाङ्गैः ।	བུད་མེད་ཡན་ལག་དྲིང་རུལ་པ་མི་སྡུག་དང་༎ པད་མའི་འདབ་མ་ཨཽཏཔལ་དག་ཏུ་སྙམ་བྱེད་པ་༎ སྙན་དངགས་མཁན་གྱི་བརྫུན་དེའི་འབྲས་བུ་མི་བཟད་པ་༎
 तस्यानृतस्य फलमुग्रमिदं कवीनां तास्वेव गर्भनिलयं पदमी विशन्ति ॥ श्ल्_८९ ॥	དེ་དག་དེ་ཡི་མངལ་གནས་འཇུག་པ་དེ་ཡིན་ནོ་༎
 का सौगतिर्जगति या शतशो न याता किं तत्सुखं यदशकृन्न पुरानुभूतम् ।	འགྲོ་བར་ལན་བརྒྱར་མ་སོན་འགྲོ་དེ་གང་ཞིག་ཡོད་༎ སྔོན་ཆད་ལན་མང་མ་མྱོང་བདེ་བ་དེ་གང་ཞིག་། 
 कास्ताः श्रियश्चपलचामरचारुहासाः प्राप्ता न यास्तदपि वर्धत एव रागः ॥ श्ल्_९० ॥	རྔ་ཡབ་དཀར་མཛེས་ལྟ་བུའི་དཔལ་གང་མ་ཐོབ་པ་༎ དེ་ཡང་གང་ཞིག་ཡོད་ན་འོན་ཀྱང་འདོད་ཆགས་འཕེལ་༎ གང་གི་གླིང་བར་མ་གནས་ཆུ་བོ་དེ་ཡོང་མིན་༎
 नद्यो न ता न विहृतं पुलिनेषु यासां स्थानं न तज्जगति यत्र कृतो न वासः ।	ཡུལ་ཕྱོགས་གང་དུ་གནས་མ་བཅས་པའི་གནས་དེ་མེད་༎
 व्योम्नापि तन्न पदमस्ति न यत्र यातं दुष्पूरणस्तदपि वर्धत एव रागः ॥ श्ल्_९१ ॥	གང་དུ་མ་སོང་ནམ་མཁའི་ཕྱོགས་དེའང་ཡོད་མིན་ན་༎ འོན་ཀྱང་འདོད་ཆགས་དགང་དཀའ་འཕེལ་བར་འགྱུར་བ་ཉིད་༎
 दुःखं न तद्यदसकृन्न पुरानुभूतं कामा न ते जगति यैरिह तृप्तिरासीत् ।	སྔོན་ཆད་ལན་མང་མ་མྱོང་སྡུག་བསྔལ་དེ་ཡོད་མིན་༎ འགྲོ་བར་གང་གིས་ཚིམ་གྱུར་འདོད་པ་དེ་དག་མེད་།
 सत्त्वो न सो ऽस्ति जठरे शयितं न यस्य संसारिणस्तदपि नास्ति कथं विरागः ॥ श्ल्_९२ ॥	གང་གི་ལྟོར་མཉལ་བའི་སེམས་ཅན་དེ་མེད་ན་༎ འོན་ཀྱང་ཇི་ལྟར་འཁོར་བ་ཅན་ལ་ཆགས་བྲལ་མེད་༎
 अत्यायते जगति जन्मपरिग्रहे ऽस्मिन्दुःखे सुखे च बहुशः परिवर्तमानः ।	སྐྱེ་བ་ཡོངས་སུ་འཛིན་པ་འགྲོ་བ་རྒྱ་ཆེན་འདིར་༎ བདེ་དང་སྡུག་བསྔལ་དག་ཏུ་ལན་མང་འགྲེ་ལྡོག་པ་༎
 नासौ जनो जगति यो न बभूव बन्धुर्द्वेषोरगस्तदपि तिष्ठति भीमभोगः ॥ श्ल्_९३ ॥	འགྲོ་བ་གཉེན་མ་གྱུར་པའི་སྐྱེ་བོ་དེ་གང་མེད་༎ འོན་ཀྱང་ཞེ་སྡང་སྤྲུལ་གྱི་རང་བཞིན་འཇིགས་པར་གནས་༎
 यैः सार्धमेत्य हसितं ललितं प्रगीतमेकत्र पीतमशितं च कृताश्च गोष्ठ्यः । कालक्रमेण गमिताः कति के ऽपि रम्या नीताः समाश्च विषमाश्च दशाः कथंचित् ॥ श्ल्_९४ ॥ तानार्जवं जवविवर्तनदृष्टनष्टानावर्तमध्यपतितानिव वीक्ष्यमाणः ।	གང་དང་ལྷན་ཅིག་འདུས་ནས་བགད་ཅིང་རྩེས་པ་དང་༎ གླུ་བླངས་དགའ་འདུན་བྱས་ཤིང་གཅིག་ཏུ་ཟོས་འཐུངས་དང་༎ དུས་ཀྱི་རིམ་པས་མེ་ཏོག་རྣ་རྒྱན་དེངས་བྱས་དང་༎ གནས་སྐབས་ཅི་ཞིག་༄༥༢ཨ་༌་༎ ལྟར་མཉམ་མི་མཉམ་བྱས་པ་ཡི་༎
 संसारसागरगतानपहाय बन्धूनेकः प्रयाति यदि नास्ति ततः कृतघ्नः ॥ श्ल्_९५ ॥	ཉེ་དུ་འཁོར་བའི་རྒྱ་མཚོའི་ཁོངས་སུ་ཆུད་གྱུར་པ་༎ ཀློང་གི་ནང་དུ་ལྷུང་བ་ལྟ་བུ་སྣང་བཞིན་དུ་༎ སྐྱེ་ཤིས་འཕོས་པས་ངོ་མ་ཤེས་པ་དེ་བོར་ནས་༎ གལ་ཏེ་གཅིག་ཐར་བྱེད་ན་དེ་ལས་ཁྲེལ་བོར་མེད་༎ བྱིས་པ་བང་ན་བཙའ་བ་ཅི་ཡང་མི་ནུས་པར་༎
 अङ्कस्थितेन शिशुना विवशेन यासां पीतः पयोधररसं प्रणयानुयातः ।	གང་གི་ནུ་ཞོ་བྱམས་པའི་ཤུགས་ཀྱིས་གཟགས་འཐུངས་པ་༎ ངལ་བ་མང་བསྟེན་བྱམས་པ་བསྟེན་པ་དེ་དག་འདིར་༎
 तन्निष्फलप्रचुरदुर्ललितैकभाजः को नाम दस्युरपि हातुमिहोत्सहेत ॥ श्ल्_९६ ॥ या संस्थितो ऽयमुदरे ऽपि कृतावकाशो याः स्नेहविक्लवधियः श्लथमेनमूहुः ।	ཤིན་ཏུ་མ་རབས་ཞིག་ནའང་སྤོང་བར་སུ་ཞིག་སྤྲོ་༎ གང་གི་ཁོང་ན་འདི་སྐབས་རྙེད་ནས་གནས་བཅས་ཤིང་༎ གང་གི་རྩེ་བག་སེམས་ཀྱིས་ཟོན་བཅས་འདི་བླངས་པ་༎
 ता दुःखिता अशरणाः कृपणा विहाय को नाम शत्रुरपि गन्तुमिहोत्सहेत ॥ श्ल्_९७ ॥	ཉོན་མོངས་དེ་དག་སྡུག་བསྔལ་སྐྱབས་མེད་དེར་བོར་ནས་༎ འགྲོ་བ་མ་རབས་ཐ་ཤལ་ཞིག་ནའང་སུ་ཞིག་སྤྲོ་༎
 विकीर्णे दुःखौघैर्जगति विवशे ऽस्मिन्नशरणे परार्थे यद्दुःखं तदिह सुखमाहुः सुपुरुषाः ।	འགྲོ་བ་སྡུག་བསྔལ་མི་བཟད་མང་པོས་དབང་མེད་སྐྱབས་མེད་འདིར་༎ གཞན་གྱི་དོན་དུ་སྡུག་བསྔལ་གང་དེ་བདེ་ཞེས་སྐྱེས་མཆོག་གསུངས་༏་། སྐད་ཅིག་གཞན་བཀྲེས་སྐོམ་དང་ཚ་ངལ་བྲལ་བས་རངས་བྱས་པ་༎ དེས་དགའ་གང་ཡིན་དེ་དང་འདྲ་བ་འདི་ནའང་གང་ཞིག་ཡོད་༎ གཞན་ཕན་བདེ་བ་སྐྱེད་པར་བརྩོན་པས་དགའ་བ་རྙེད་པ་གང་༎
 क्षणं क्षुत्तृष्णोष्णश्रमविगमरम्यानरुचः परं कृत्वा तेषामपि यदिह क इवास्य प्रतिसमः ॥ श्ल्_९८ ॥	དེ་ནི་ཡུལ་བདེའི་ལོངས་སྤྱོད་ལྷུར་ལེན་རྣམས་ཀྱིས་ཇི་ལྟར་ཡང་༎
 न सारम्यैर्या नैव च नृपतिलक्ष्मीपरिकरैर्न दारैर्नापत्यैर्न सुरभवने नासुरगतौ । कथंचित्संप्राप्यं x विषयसुखं भोगपरमैर्लभन्ते या प्रीतिं परहितसुखाधाननिरताः ॥ श्ल्_९९ ॥	གཞོན་བདེས་མི་ཐོབ་མི་དབང་འབྱོར་པའི་ཡོ་བྱད་རྣམས་ཀྱིས་མིན་༎ ཆུང་མས་མ་ཡིན་གཞན་མིན་ལྷ་གནས་ལྷ་མིན་འགྲོ་བས་མིན་༎ ཤིན་ཏུ་རྙེད་སླ་རཙབ༹་ཁམ་འགའ་ལྟ་ཕྱུགས་ཀྱང་རང་ཉིད་ཟ་༎
 स्वयं घासग्रासं पशुरपि करोत्येव सुलभं यदृच्छा लब्धं वा पिबति सलिलं गाढतृषितः ।	ཤིན་ཏུ་སྐོམ་པས་གདུངས་པའང་ཆུ་ཞིག་རྙེད་ན་དགའ་མགུར་འཐུང་༎ འདི་ན་སྐྱེས་བུ་གཞན་དོན་བྱེད་པར་བརྩོན་པ་གང་ཡིན་བ་༎
 परस्यार्थ कर्तुं यदिह पुरुषो ऽयं प्रयतते तदस्य स्वं तेजः सुखमिदमहो पौरुषमिदम् ॥ श्ल्_१०० ॥	དེ་འདིའི་བརྗིད་བག་ཡིན་ཏེ་དེ་བདེ་སྐྱེས་བུའི་རྩལ་དེ་འཕགས་༎
 यदालोकं कुवन् भ्रमति रविरश्रान्ततुरगः सदालोकं धत्ते यदगणितभारा वसुमती ।	ཉི་མ་རླབས་ཆན་རྟ་ཞོན་རྒྱུ་པ་སྣང་བྱེད་གང་ཡིན་དང་༎ ཁུར་ལ་མི་རྩེགས་ས་ཡིས་འཇིག་རྟེན་འདེགས་པ་གང་ཡིན་དེ་༎
 न स स्वार्थः कश्चित्प्रकृतिरियमेव महतां यदेते लोकानां हितसुखरसैकान्तरसिकाः ॥ श्ल्_१०१ ॥	རང་དོན་འགའ་མེད་ཆེན་པོ་རྣམས་ཀྱི་རང་བཞིན་དེ་འདྲ་སྟེ་༎ དེ་དག་འཇིག་རྟེན་ཕན་དང་བདེ་བའི་རོལ་གཅིག་ཏུ་གཞོལ་༎ འཇིག་རྟེན་མ་རིག་དུད་སྤྲིན་འཁྲིགས་པས་འགྲོ་བ་འཁྲུགས་གྱུར་བ་༎
 अविद्याधूम्रान्धभ्रमपरिगतव्याकुलगतिप्रदीप्ते दुःखाग्नौ पतितमवशं वीक्ष्य भुवनम् ।	སྡུག་བསྔལ་མེ་རབ་འབར་བའི་ནང་དུ་དབང་མེད་ལྟུང་མཐོང་ནས་༎
 स्फुरद्वह्निज्वाला प्रमथितशिरोवेष्टननिभा यातन्ते ये ऽत्राद्भुत इह पुरुषास्ते सुकृतिनः ॥ श्ल्_१०२ ॥	ཐོང་ལ་མེ་ལྕེ་འབར་བ་ལྟ་བུར་ཡིད་བྲེལ་བརྩོན་པ་གང་༎ འདི་ན་དེ་དག་སྐྱེས་༄༥༢བ་བུ་ཡིན་ཏེ་མཁས་པའང་དེ་དག་ཡིན་༎ གཞན་གྱི་དོན་དུ་མེ་ལྕེས་གང་བའི་མནར་མེད་དམྱལ་བར་ཡང་༎
 अवीचिं गाहन्ते हुतवहशिखापूरितमपि प्रसर्पद्रोमाञ्चा हिमनिकरचन्द्रांशुशिशिरम् ।	གངས་དང་ཟླ་འོད་བསིལ་བ་ལྟ་བུར་རབ་ཏུ་དགའ་བཞིན་འཇུག་། ཉིད་ཀྱི་དོན་དུ་པད་མ་ཁ་བྱེ་ལྷག་གེར་འདུག་པ་ཡི་༎
 परार्थे x x x स्फुटनलिनहासापि नलिनी करोत्येषां तापं हुतवहशिखासंहतिरिव ॥ श्ल्_१०३ ॥	མཚོ་ཡང་དེ་ལ་མེ་ལྕེའི་ཚོགས་བཞིན་རབ་ཏུ་གདུངས་བར་བྱེད་༏་། གཞན་ལ་ཕན་བར་བྱེད་པར་ཆས་པའི་མཁས་པ་རྣམས་༎
 परहितकरणाय बद्धकक्षाः सुखमसिपत्त्रवने वसन्ति सन्तः ।	ལོ་མ་རལ་གྲི་ཚལ་ནའང་བདེ་བླག་གནས་བྱེད་ཀྱིས་༎ སྐད་ཅིག་ཙམ་ཡང་ལྷ་ཡི་བུ་མོ་དང་འགྲོགས་ནས་༎
 न पुनरमरसुन्दरीसहायाः क्षणमपि नन्दनकानने रमन्ते ॥ श्ल्_१०४ ॥	དགའ་བའི་ཚལ་གྱི་ནང་དུ་སྐྱིད་པར་བྱེད་མི་འགྱུར་༎
 अशरणजनतारणाय तीर्णाः पुनरपि वैतरणीं तरन्ति धीराः । न तु गगनसरित्तरंगभङ्गव्यतिकरसङ्गसुखं स्वयं भजन्ते ॥ श्ल्_१०५ ॥	རྒལ་བར་གྱུར་པ་སྐྱབས་མེད་སྐྱེ་བོ་བསྒྲལ་བའི་ཕྱིར་༎ ཕྱིར་ཡང་ཆུ་བོ་རབ་མེད་ནང་དུ་འཇུག་བྱེད་ཀྱིས་༎ ལྷ་ཡི་ཆུ་བོ་དབའ་རླབས་ཆིལ་ཆིལ་འདུག་པ་ཡིས་༎ རེག་པའི་བདེ་བ་བདག་ཉིད་སྟེན་པར་བྱེད་མ་ཡིན་༎
 इति सुचरितरत्नं भूषणं भूषणानां शिवममृतमुदारं भासुरं भासुराणाम् ।	དེ་ལྟར་རྒྱན་གྱིས་བརྒྱན་གྱུར་ལེགས་སྤྱད་རིན་པོ་ཆེ་༎ གསལ་བའི་ནང་ན་གསལ་བ་ཞི་བའི་བདུད་རྩི་ཡངས་༏་། དགའ་བའི་དགའ་བ་བྱས་པ་མི་གཟོ་རྙེད་དཀའ་བ་༎
 असुलभमकृतज्ञैर्नन्दनं नन्दनानां भज समसुखहेतुं मङ्गलं मङ्गलानाम् ॥ श्ल्_१०६ ॥	བཀྲ་ཤིས་རྣམས་ཀྱི་བཀྲ་ཤིས་ཞི་བའི་བདེ་རྒྱུན་ཏེ་༎ བདེ་བར་གཤེགས་པའི་གསུང་གི་མེ་ཏོག་རྟག་བསྟེན་བྱ་༎
 सुगतवचनपुष्पं सर्वदा सेवनीयं फलति फलमुदारं पुष्पमेव द्रुमाणाम् ।	ལྗོན་ཤིང་མེ་ཏོག་དེ་ལས་འབྲས་བུ་རྒྱ་ཆེན་འབྱུང་༎ བདེ་གཤེགས་མེ་ཏོག་གསུང་ལས་དོན་ཚོགས་བསྟེན་བྱ་སྟེ་༎
 सुगतवचनपुष्पादर्थराशिर्निषेव्यो मधुनि मुधकराणां यस्य वाञ्छाप्रकर्षम् ॥ श्ल्_१०७ ॥	སྦྲང་མ་སྦྲང་རྩི་ལ་མཆོག་དགའ་བར་བྱེད་ལ་ལྟོས་༎
 विसृज विषयान्नीत्याकीर्णां क्षणव्ययसङ्गिनो भज समसुखं साकाङ्क्षं कृतान्तभयोज्झितम् ।	སྐད་ཅིག་གཅིག་ལ་ཟད་ཅིང་རྟག་ཏུ་འཁྲུག་པའི་ཡུལ་རྣམས་སྤོང་༎ ཞི་བའི་བདེ་འབྲས་འཆི་བའི་འཚེར་མེད་གཅིག་བུ་དབེན་པ་སྟེན་༎
 विकर तिमिरं मोहव्याजं विमोक्षयथार्गलं न खलु सुचिरं निद्रायन्ते सदश्वकिशोरकाः ॥ श्ल्_१०८ ॥	རྣམ་ཐར་སྒོ་ཡི་གཏན་པས་གཏི་མུག་འཁྲུགས་པའི་རབ་རིབ་སོལ་༎ རྟ་མཆོག་རྟེའུ་ནི་ཤིན་ཏུ་ཡུན་རིང་གཉིད་ལོག་འགྱུར་མ་ཡིན་༎ ཁྱོད་གཅིག་གདུང་བས་ཉམ་ཐག་རྣམས་ལ་སྲིད་པའི་མྱ་ངམ་དུ་༎
 विनयविसरो वीर्यस्कन्धः क्षमादमपल्लवः शमथकुसुमः प्रज्ञाशाखः प्रदानघनच्छदः ।	ཤིང་ཆེན་སྡང་བརྟན་རྒྱ་ཆེན་ཀུན་གེལ་བཟོད་དང་དུལ་བའི་ལོ་མ་ཅན་༎ ཞིག་ནས་མེ་ཏོག་ཤེས་རབ་ཡལ་ག་རབ་སྨིན་ལོ་བྲན་སྟུག་། 
 प्रणिधिशिखरः शीलच्छायः प्रशान्तिफलप्रदो भव भव मरौ तापार्तानां त्वमेकमहाद्रुमः ॥ श्ल्_१०९ ॥	སྨོན་ལམ་རྩེ་མོ་ཚུལ་ཁྲིམས་དྲི་མ་རབ་ཞི་འབྲས་བཅས་ཀྱིས་༎ ཁྱོད་གཅིག་གདུང་བས་ཉམ་ཐག་རྣམས་ལ་སྲིད་པའི་མྱ་ངམ་དུ་༎
 बहुजनहितो माभैर्वादप्रदानमहास्वनः पृथुतरशोधारासारः कृपानिलचोदितः । प्रशमितरजः शीलच्छायाविभूषितभूतलो भव भव मरौ तापार्तानां त्वमेकमहाघनः ॥ श्ल्_११० ॥	མཚོ་ཆེན་ཡངས་གསལ་བྱིན་གཞོལ་གཏིང་ཟབ་བསམ་པ་རབ་ཏུ་དངས་༎
 प्रकटविपुलं पङ्कागाधः प्रसन्नतराश्रयः सततशिशिरो जालव्यालप्रमादविवर्जितः ।	རྟག་བསིལ་སྤྲུལ་གདུག་རྙི་ཡིས་བག་མེད་འཇིགས་སྤངས་རང་བཞིན་གྱིས་༎ རབ་ཏུ་༄༥༣ཨ་༌་༎ གཙང་ཞིང་སྲེད་བ་གཅོད་བྱེད་རྟུལ་བའི་ཁུར་བཟོད་ཀྱིས་༎
 प्रकृतिसुभगस्तृष्णाच्छेदाविमर्दभरक्षमो भव भव मरौ तापार्तानां त्वमेकमहाह्रदः ॥ श्ल्_१११ ॥	ཁྱོད་གཅིག་གདུང་བས་ཉམ་ཐག་རྣམས་ལ་སྲིད་པའི་མྱ་ངམ་དུ་༎ སྤྲིན་ཆེན་སྐྱེ་བོ་མང་ཕན་མི་འཇིགས་སྨྲ་བའི་སྒྲ་ཆེན་སྒྲོགས་༎ དྲག་པ་རྒྱ་ཆེན་ཆར་གྱི་ཤུགས་དྲག་སྙིང་རྗེའི་རླུང་གིས་བསྐྱོད་༎ རྡུལ་བྲལ་ཞི་བས་ཚུལ་ཁྲིམས་དྲི་མས་ས་སྟེང་བརྒྱན་པར་གྱིས་༎
 इति निगदता यदुपार्जितं पुण्यं मया कियत्सुगतचरिते कृत्वा श्रद्धामनेन जनो ऽखिलः ।	བདག་གིས་དེ་སྐད་བརྗོད་པས་བསོད་ནམས་ཅུང་ཟད་བསྒྲུབས་པ་གང་༎ དེ་ཡིས་སྐྱེ་བོ་མ་ལུས་བདེ་གཤེགས་སྤྱོད་ལ་དང་བྱེད་ཅིང་༎
 सततसुखितो रम्याभोगः समृद्धमनोरथः परहितरतः सर्वज्ञत्वं प्रयातु ततः शनैः ॥ श्ल्_११२ ॥	རྟག་བདེ་ལོངས་སྤྱོད་བཟང་ལྡན་ཡིད་ལ་རེ་བ་འབྱོར་བ་དང་༎ གཞན་ལ་ཕན་དགའ་དེ་ནས་རིམ་གྱིས་ཀུན་མཁྱེན་བགྲོད་པར་ཤོག་། 
 करतलसमाः स्पष्टालोकाः प्रशान्तकृशानवः स्थलकमलिनीपत्त्रच्छन्ना बिसाङ्कुरदन्तुराः ।	དམྱལ་བ་ལག་མཐིལ་ལྟར་མཉམ་རྣམ་བསལ་མེ་རབ་ཞི་བ་དང་༎ སྐམ་འཁྲུངས་པདམའི་ལོ་མས་ཁེབས་ཤིང་རྩ་བའི་ཁྱེའུ་སོ་འཐོན་༎
 शुचिसुरभयः स्फुल्लाम्भोजैर्विभूषितभूमयो दधतु नरकाः स्फीतां शोभां सशीकरवायवः ॥ श्ल्_११३ ॥	གཙང་ཞིང་དྲི་ཞིམ་པདམ་ཁ་བྱེས་ས་རྣམས་བརྒྱན་པ་དང་༎ རྒྱས་ཤིང་བཟང་ལ་སེར་བུའི་ངད་བཅས་ཆར་ཟིམ་འབབ་པ་པར་ཤོག་། བདུད་དཔུང་ཕམ་པ་ཆོ་ངེས་འདེབས་པས་མི་བསྙེངས་སྒྲོགས་པ་པོ་༎
 विजितंविरुतमारानीकाः कृताभयघोषणा गगनसलिलक्रीडा रम्या समेत नरामराः ।	ལྷ་ཆུའི་རྩེ་མོ་བས་ཀྱང་དགའ་མཛད་ལྷ་དང་མི་འདུལ་བ་༎
 जननमरणक्लेशायासप्रबन्धविघातिनो दिशि दिशि सदा बुद्धोत्पादा भवन्तु समीहिताः ॥ श्ल्_११४ ॥	སྐྱེ་ཤི་ཉོན་མོངས་སྡུག་བསྔལ་རྒྱུན་རྣམས་འཇོམས་པའི་སངས་རྒྱས་དག་། ཕྱོགས་དང་ཕྱོགས་སུ་བྲང་པ་བཞིན་དུ་ནམ་ཞར་འབྱུང་བར་ཤོག་།འགྲོ་བ་ཆོས
 भवतु जगतां धर्मामोदः प्रबन्धमहोत्सवः सुचिरगुणिता मृत्योर्बन्ध्या भवन्तु मनोरथाः ।	ཀྱི་ཀུན་དགའ་འཕེལ་བའི་དགའ་སྟོན་ཆེ་བར་ཤོག་།འཆི་བདག་རེ་བ་ཤིན་ཏུ་ཡུན་རིང་གོམས་པ་དོན་མེད་ཤོག་། 
 मुनिजनकथागोष्ठीबन्धैः समावृतवर्षिभिः सततशिशिरः सुभगचन्द्रालोकः प्रयातु कृतार्थताम् ॥ श्ल्_११५ ॥	ཐུབ་པའི་སྐྱེ་བོ་གཏམ་ཚོགས་འཕེལ་བས་ཞེ་བ་བདུད་རྩི་ཡི་༎ ཆར་གྱི་ཟླ་བའི་སྣང་བ་རབ་བཟང་བསིལ་བས་དོན་བྱས་ཤོག་། 
 ॥ इति शिष्यलेखनाम धर्मकाव्यं समाप्तम् ॥	སློབ་མ་ལ་སྤྲིངས་པའི་ཕྲིན་ཡིག་སློབ་དཔོན་ཆེན་པོ་ཙན་དྲ་གོ་མིས་མཛད་པ་རྫོགས་སོ་། 
