 न्यायबिन्दु प्रकरणकारिका सूत्रपाठः १ प्रथमः प्रत्यक्षपरिच्छेदः	༄༢༣༡བ་༌་༎ རྒྱ་གར་སྐད་དུ་། ཉའ་ཡ་བིན་དུ་ན་ནའ་མ་པྲ་ཀ་ར་ན་། བོད་སྐད་དུ་། རིགས་པའི་ཐིགས་པ་ཞེས་བྱ་བའི་རབ་ཏུ་བྱེད་པ་། འཇམ་དཔལ་གཞོན་ནུར་གྱུར་པ་ལ་ཕྱག་འཚལ་ལོ་༎
 १।१ सम्यग्ज्ञानपूर्विका सर्वपुरुषार्थसिद्धिरिति तद्वयुत्पादयते ।	ཡང་དག་པའི་ཤེས་པ་ནི་། སྐྱེས་བུའི་དོན་ཐམས་ཅད་འགྲུབ་པའི་སྔོན་དུ་འགྲོ་བ་ཅན་ཡིན་པས་ན་དེ་བསྟན་ཏོ་༎
 १।२ द्विविधं सम्यग्ज्ञानम् । १।३ प्रत्यक्षम्,	ཡང་དག་པའི་ཤེས་པ་ནི་རྣམ་པ་གཉིས་ཏེ་།
 अनुमानं चेति ।	མངོན་སུམ་དང་རྗེས་སུ་དཔག་པའོ་༎
 १।४ तत्र प्रत्यक्षं कल्पनापोढमभ्रान्तम् ।	དེ་ལ་མངོན་སུམ་ནི་རྟོག་པ་དང་བྲལ་ཞིང་མ་འཁྲུལ་པའོ་༎ རྟོག་པ་ནི་།
 १।५ अभिलापसंसर्गयोग्यप्रतिभासप्रतीतिः कल्पना	ཤེས་པ་ལ་བརྗོད་པ་དང་འདྲེར་རུང་བ་སྣང་བ་སྟེ་དེ་དང་བྲལ་བའོ་༎
 १।६ तया रहितं तिमिराशुभ्रमणनौयानसम्भ्रमाद्यनाहितविभ्रमं ज्ञानं प्रत्यक्षम् ।	རབ་རིབ་དང་། མྱུར་དུ་བསྐོར་བ་དང་། གྲུར་ཞུགས་པ་དང་། འཁྲུག་པ་ལ་སོགས་པས་འཁྲུལ་པ་མ་སྐྱེས་པའི་ཤེས་པ་ནི་མངོན་སུམ་མོ་༎
 १।७ तच्चतुर्विधम् ।	དེ་ནི་རྣམ་པ་བཞི་སྟེ་།
 १।८ इन्द्रियज्ञानम् । (१) १।९ स्वविषयानन्तरविषयसहकारिणेन्द्रियज्ञानेन समनन्तरप्रत्ययेन जनितं तन्मनोविज्ञानम् । (२)	དབང་པོའི་ཤེས་པ་དང་། རང་གི་ཡུལ་གྱི་དེ་མ་ཐག་པ་ཡུལ་ལྷན་ཅིག་བྱེད་པ་ཅན་། དབང་པོའི་ཤེས་པ་མཚུངས་པ་དེ་མ་ཐག་པའི་རྐྱེན་གྱིས་བསྐྱེད་པའི་ཡིད་ཀྱི་རྣམ་པར་ཤེས་པ་དང་། 
 १।१० सर्वचित्तचैत्तानामात्मसंवेदनम् । (३) १।११ भूतार्थभावनाप्रकर्षपर्यन्तजं योगिज्ञानं चेति । (४)	སེམས་དང་སེམས་ལས་བྱུང་བ་ཐམས་ཅད་ཀྱི་རང་རིག་པ་དང་། ཡང་དག་པའི་དོན་བསྒོམ་པའི་རབ་ཀྱི་མཐའ་ལས་བྱུང་བ་རྣལ་འབྱོར་པའི་ཤེས་པའོ་༎
 १।१२ तस्य विषयः स्वलक्षणम् ।	དེའི་ཡུལ་ནི་རང་གི་མཚན་ཉིད་དེ་།
 १।१३ यस्यार्थस्य सन्निधानासन्निधानाभ्यां ज्ञानप्रतिभासभेदस्तत्स्वलक्षणम् ।	དོན་གང་ཉེ་བ་དང་མི་ཉེ་བ་དག་ལས་ཤེས་པ་ལ་སྣང་བ་ཐ་དད་པ་དེ་ནི་རང་གི་མཚན་ཉིད་དོ་༎
 १।१४ तदेव परमार्थसत् । १।१५ अर्थक्रियासामर्थ्यलक्षणत्वाद् वस्तुनः ।	དེ་ཉིད་དོན་དམ་པར་ཡོད་པ་སྟེ་དངོས་པོའི་མཚན་ཉིད་ནི་དོན་བྱེད་མཚན་ཉིད་ཁོ་ན་ཡིན་པའི་ཕྱིར་རོ་༎ 
 १।१६ अन्यत् सामान्यलक्षणम्	གཞན་ནི་སྤྱིའི་མཚན་ཉིད་དེ་།
 १।१७ सो ऽनुमानस्य विषयः । १।१८ अत्देव च प्रत्यक्षं ज्ञानं प्रमाणफलम् ।	དེ་ནི་རྗེས་སུ་དཔག་པའི་ཡུལ་ཡིན་ནོ་༎ མངོན་སུམ་གྱི་ཤེས་པ་དེ་ཉིད་ཚད་མའི་འབྲས་བུ་སྟེ་།
 १।१९ अर्थप्रतीतिरूपत्वात् ।	དོན་རྟོགས་པའི་ངོ་བོ་ཁོ་ན་ཡིན་པའི་ཕྱིར་རོ་༎
 १।२० अर्थसारूप्यमस्य प्रमाणम् ।	དོན་དང་འདྲ་བ་ཉིད་དེའི་ཚད་མ་སྟེ་།
 १।२१ तद्वशादर्थप्रतीतिसिद्धरेति ।	དེའི་དབང་གིས་དོན་རྟོགས་པ་འགྲུབ་པའི་ཕྱིར་རོ་༎ རིགས་པའི་ཐིགས་པ་ཞེས་བྱ་བའི་རབ་ཏུ་བྱེད་པ་ལས་།
 इति प्रथमः प्रत्यक्षपरिच्छेदः ॥ द्वितीयः स्वार्थानुमानपरिच्छेदः	མངོན་སུམ་གྱི་ལེའུ་སྟེ་དང་པོའོ་།
 २।१ अनुमानं द्विधा ।	༎ ། རྗེས་སུ་དཔག་པ་ནི་རྣམ་པ་གཉིས་ཏེ་།
 २।२ स्वार्थ परार्थ च ।	རང་གི་དོན་དང་གཞན་གྱི་དོན་ནོ་༎
 २।३ तत्र स्वार्थ त्रिरूपाल्लिङ्गाद् यदनुमेये ज्ञानं तदनुमानम् ।	དེ་ལ་རང་གི་དོན་གྱི་རྗེས་སུ་དཔག་པར་བྱ་བ་ལ་ཚུལ་གསུམ་པའི་རྟགས་ལས་ཤེས་པ་གང་ཡིན་པའོ་༎ 
 २।४ प्रमाणलक्षणव्यवस्थात्रापि पूर्ववत् ।	འདིར་ཡང་ཚད་མའི་འབྲས་བུ་རྣམ་པར་གཞག་པ་ནི་མངོན་སུམ་དང་འདྲའོ་༎
 २।५ त्रैरूप्यं पुनर्लिङ्गस्यानुमेये सत्त्वमेव, सपक्ष एव सत्त्वम्,	ཚུལ་གསུམ་པ་ཉིད་ཀྱི་རྟགས་ནི་རྗེས་སུ་དཔག་པར་བྱ་བ་ལ་ཡོད་པ་ཉིད་དང་། ༄༢༣༢ཨ་༌་༎ མཐུན་པའི་ཕྱོགས་ཉིད་ལ་ཡོད་པ་དང་། མི་མཐུན་པའི་ཕྱོགས་ལ་མེད་པ་ཉིད་དུ་ངེས་པའོ་༎
 असपक्षे चासत्त्वमेव निश्चितम् । २।६ अनुमेयो ऽत्र जिज्ञासितविशेषो धर्मी । २।७ साध्यधर्मसामान्येन समानो ऽर्थः सपक्ष ।	རྗེས་སུ་དཔག་པར་བྱ་བ་ནི་འདིར་ཤེས་པར་འདོད་པའི་བྱེ་བྲག་དང་ལྡན་པའི་ཆོས་ཅན་ནོ་༎ མཐུན་པའི་ཕྱོགས་ནི་བསྒྲུབ་པར་བྱ་བའི་ཆོས་ཀྱི་སྤྱི་དང་དོན་མཐུན་པའོ་༎
 २।८ न सपक्षो ऽसपक्षः ।	མི་མཐུན་པའི་ཕྱོགས་ནི་མཐུན་པའི་ཕྱོགས་མ་ཡིན་པ་སྟེ་།
 २।९ ततो ऽन्यस्तद्विरुद्धस्तदभावश्चेति	དེ་ལས་གཞན་པ་དང་། དེ་དང་འགལ་བ་དང་། དེ་མེད་པའོ་༎
 २।१० त्रिरूपाणि च त्रीण्येव लिङ्गानि ।	ཚུལ་གསུམ་པོ་དག་ནི་རྟགས་གསུམ་ཁོ་ན་དང་ལྡན་པ་སྟེ་།
 २।११ अनुपलब्धिः स्वभावः कार्य चेति ।	མི་དམིགས་པ་དང་། རང་བཞིན་དང་། འབྲས་བུའོ་༎
 २।१२ तत्रानुपलब्धिर्यथा- न प्रदेशविशेषे क्वचिद् घटः,	དེ་ལ་མི་དམིགས་པ་ནི་དཔེར་ན་ཕྱོགས་ཀྱི་བྱེ་བྲག་འགའ་ཞིག་ན་བུམ་པ་མེད་དེ་།
 उपलब्धिक्षणप्राप्तस्यानुपलब्धेरिति ।	དམིགས་པའི་རིག་བྱར་གྱུར་པ་ལས་མི་དམིགས་པའི་ཕྱིར་རོ་ཞེས་བྱ་བ་ལྟ་བུའོ་༎
 २।१३ उपलब्धिलक्षणप्राप्तिरूपलम्भप्रत्ययान्तरसाकल्यं स्वभावविशेषश्च ।	དམིགས་པའི་རིག་བྱར་གྱུར་པ་ནི་དམིགས་པའི་རྐྱེན་གཞན་ཚང་བ་ཉིད་དང་རང་བཞིན་ཁྱད་པར་ཅན་ཏེ་། 
 २।१४ यः स्वभावः सत्स्वन्येषूषलम्भप्रत्ययेषु सन् प्रत्यक्ष एव भवति, स स्वभावविशेषः ।	རང་བཞིན་གང་ཡོད་ལ་དམིགས་པའི་རྐྱེན་གཞན་དག་ཀྱང་ཡོད་ན་མངོན་སུམ་ཁོ་ནར་འགྱུར་ཏེ་། 
 २।१५ स्वभावः स्वसत्तामात्रप्रभाविनि साध्यधर्मे हेतुः ।	བའོ་༎ རང་བཞིན་ནི་རང་ཡོད་པ་ཙམ་དུ་གྱུར་པ་། བསྒྲུབ་པར་བྱ་བའི་ཆོས་ཀྱི་གཏན་ཚིགས་ཏེ་།
 २।१६ यथा- वृक्षो ऽयं शिशपात्वादिति ।	དཔེར་ན་ཤིང་ཤ་པ་ཡིན་པའི་ཕྱིར་།
 २।१७ कार्य यथा- बह्निरत्र धूमादिति ।	འདི་ནི་ཤིང་ངོ་ཞེས་བྱ་བ་ལྟ་བུའོ་༎ འབྲས་བུ་ནི་དཔེར་ན་དུ་བ་ཡོད་པའི་ཕྱིར་། དེ་ན་མེ་ཡོད་དོ་ཞེས་བྱ་བ་ལྟ་བུའོ་༎
 २।१८ अत्र द्वौ वस्तुसाधनौ ।	འདི་ལ་གཉིས་ནི་དངོས་པོ་སྒྲུབ་པའོ་༎
 एकः प्रतिषेधहेतुः ।	གཅིག་ནི་དགག་པའི་གཏན་ཚིགས་སོ་༎ རང་བཞིན་འབྲེལ་པ་ཡོད་ན་།
 २।१९ स्वभावप्रतिबन्धे हि सत्यर्थो ऽर्थ गमयेत् ।	དོན་གྱིས་དོན་གོ་བར་བྱེད་དེ་།
 २।२० तदप्रतिबद्धस्य तदव्यभिचारनियमाभावात् ।	དེ་དང་མ་འབྲེལ་ན་དེར་མི་འཁྲུལ་བར་ངེས་པ་མེད་པའི་ཕྱིར་རོ་༎
 २।२१ स च प्रतिबन्धः साध्ये ऽर्थे लिङ्गस्य ।	བསྒྲུབ་པར་བྱ་བའི་དོན་ལ་རྟགས་འབྲེལ་པ་དེ་ཡང་། དངོས་སུ་ན་བསྒྲུབ་པར་བྱ་བའི་དོན་གྱི་རང་བཞིན་ཡིན་པའི་ཕྱིར་དང་། བསྒྲུབ་པར་བྱ་བའི་དོན་ལས་འབྱུང་བའི་ཕྱིར་ཏེ་།
 २।२२ वस्तुतस्तादात्म्यात् तदुत्पत्तेश्च । २।२३ अतत्स्वभावस्यातदुत्पत्तेश्च तत्राप्रतिबद्धस्वभावत्वात् ।	དེའི་རང་བཞིན་མ་ཡིན་པ་དང་། དེ་ལས་བྱུང་བ་མ་ཡིན་པ་ནི་དེ་དང་འབྲེལ་པ་མེད་པའི་རང་བཞིན་ཡིན་པའི་ཕྱིར་རོ་༎ དེའི་བདག་ཉིད་དང་དེ་ལས་བྱུང་བ་དེ་གཉིས་ཀྱང་།
 २।२४ ते च तादात्म्यतदुत्पत्ती स्वभावकार्ययोरेवेति ताभ्यामेव वस्तुसिद्धिः ।	རང་བཞིན་དང་འབྲས་བུ་ཁོ་ན་ཡིན་ཏེ་། དེ་གཉིས་ཁོ་ནས་དངོས་པོ་གྲུབ་པོ་༎
 २।२५ प्रतिषेधसिद्धिरपि यथोक्ताया एवानुपलब्धेः ।	དགག་པ་སྒྲུབ་ཀྱང་མི་དམིགས་པ་ཇི་སྐད་སྨོས་པ་ཁོ་ན་ལས་འགྱུར་ཏེ་།
 २।२६ सति वस्तुनि तस्या असम्भवात् ।	དངོས་པོ་ཡོད་ན་ནི་དེ་མི་སྲིད་པའི་ཕྱིར་རོ་༎
 २।२७ अन्यथा चानुपलब्धिलक्षणप्राप्तेषु देशकालस्वभावविप्रकृष्टेष्वर्थेष्वात्मप्रत्यक्षनिवृत्तेरभवनिश्चयाभावात् ।	གཞན་དུ་ནི་ཡུལ་དང་། དུས་དང་། རང་བཞིན་གྱིས་བསྐལ་པའི་དོན་དམིགས་པའི་རིག་བྱར་མ་༄༢༣༢བ་གྱུར་པ་རྣམས་ལ་། རང་གི་མངོན་སུམ་ལོག་ཀྱང་དངོས་པོ་མེད་པར་ངེས་པ་མེད་པའི་ཕྱིར་རོ་༎
 २।२८ अमूढस्मृतिसंस्कारस्यातीतस्य वर्तमानस्य च प्रतिपत्तृप्रत्यक्षस्य निवृत्तिरभावव्यवहारप्रसाधनी ।	མི་རྨོངས་པར་དྲན་པའི་འདུ་བྱེད་སྒྲུབ་པ་པོའི་མངོན་སུམ་འདས་པ་དང་། ད་ལྟར་གྱི་ལོག་ན་དངོས་པོ་མེད་པའི་ཐ་སྙད་འཇུག་སྟེ་།
 २।२९ तस्या एवाभावनिश्चयात् ।	དེ་ཉིད་ཀྱི་དངོས་པོ་མེད་པར་ངེས་པའི་ཕྱིར་རོ་༎
 २।३० सा च प्रयोगभेदादेकादशप्रकारा ।	དེ་ནི་སྦྱོར་བའི་བྱེ་བྲག་གིས་རྣམ་པ་བཅུ་གཅིག་སྟེ་།
 २।३१ स्वभावानुपलब्धिर्यथा- नात्र धूम उपलब्धिलक्षणप्राप्तस्यानुपलब्धेरिति । (१)	རང་བཞིན་མི་དམིགས་པ་ནི་དཔེར་ན་འདི་ན་དུ་བ་མེད་དེ་དམིགས་པའི་རིག་བྱར་གྱུར་པ་ལས་མི་དམིགས་པའི་ཕྱིར་རོ་༎ ཞེས་བྱ་བ་ལྟ་བུའོ་༎ འབྲས་བུ་མི་དམིགས་པ་ནི་།
 २।३२ कार्यानुपलब्धिर्यथा- नात्राप्रतिबद्धसामर्थ्यानि धूमकारणानि सन्ति,	དཔེར་ན་འདི་ན་དུ་བའི་རྒྱུ་ནུས་པ་ཐོགས་པ་མེད་པ་དག་མེད་དེ་།
 धूमाभावादिति । (२)	དུ་བ་མེད་པའི་ཕྱིར་རོ་ཞེས་བྱ་བ་ལྟ་བུའོ་༎
 २।३३ व्यापकानुपलब्धिर्यथा- नात्र शिशपा,	ཁྱབ་པར་བྱེད་པ་མི་དམིགས་པ་ནི་། དཔེར་ན་འདི་ན་ཤིང་མེད་པའི་ཕྱིར་ཤིང་ཤ་པ་མེད་དོ་༎ ཞེས་བྱ་བ་ལྟ་བུའོ་༎
 वृक्षाभावादिति । (३) २।३४ स्वभावविरुद्धोपलब्धिर्यथा- नात्र शीतस्पर्शो वह्नेरिति । (४)	རང་བཞིན་འགལ་བ་དམིགས་པ་ནི་དཔེར་ན་འདི་ན་མེ་ཡོད་པའི་ཕྱིར་གྲང་བའི་རེག་པ་མེད་དོ་ཞེས་པ་ལྟ་བུའོ་༎
 २।३५ विरुद्धकार्योपलब्धिर्यथा- नात्र शीतस्पर्शो धूमादिति । (५)	འགལ་བའི་འབྲས་བུ་དམིགས་པ་ནི་དཔེར་ན་འདི་ན་དུ་བ་ཡོད་པའི་ཕྱིར་། གྲང་བའི་རེག་པ་མེད་དོ་ཞེས་བྱ་བ་ལྟ་བུའོ་༎
 २।३६ विरुद्धव्याप्तोपलब्धिर्यथा- न ध्रुवभावी भूतस्यापि भावस्य विनाशः,	འགལ་བ་ཁྱབ་པ་དམིགས་པ་ནི་དཔེར་ན་དངོས་པོ་བྱུང་བ་ཡང་འཇིག་པར་ངེས་པར་འགྱུར་བ་མེད་དེ་། 
 हेत्वन्तरापेक्षणादिति । (६)	རྒྱུ་གཞན་ལ་ལྟོས་པའི་ཕྱིར་རོ་ཞེས་བྱ་བ་ལྟ་བུའོ་༎
 २।३७ कार्यविरुद्धोपलब्धिर्यथा- नेहाप्रतिल्बद्धसामर्थ्यानि शीतकारणानि सन्ति, वह्नेरिति । (७)	འབྲས་བུ་འགལ་བ་དམིགས་པ་ནི་དཔེར་ན་འདི་ན་མེ་ཡོད་པའི་ཕྱིར་གྲང་བའི་རྒྱུའི་ནུས་པ་ཐོགས་པ་མེད་པ་དག་མེད་དོ་ཞེས་བྱ་བ་ལྟ་བུའོ་༎ 
 २।३८ व्यापकविरुद्धोपलब्धिर्यथा- नात्र तुषारस्पशो वह्नेरिति । (८)	ཁྱབ་པར་བྱེད་པ་འགལ་བ་དམིགས་པ་ནི་དཔེར་ན་འདི་ན་མེ་ཡོད་པའི་ཕྱིར་བ་མོའི་རེག་པ་མེད་དོ་ཞེས་བྱ་བ་ལྟ་ལྟ་བུའོ་༎ 
 २।३९ कारणानुपलब्धिर्यथा- नात्र धूमो वह्न्यभावादिति । (९)	བུའོ་༎ རྒྱུ་མི་དམིགས་པ་ནི་དཔེར་ན་འདི་ན་མེ་མེད་པའི་ཕྱིར་དུ་བ་མེད་དོ་ཞེས་བྱ་བ་ལྟ་བུའོ་༎
 २।४० कारणविरुद्धोपलब्धिर्यथा- नास्य रोमहर्षादिविशेषाः,	རྒྱུ་འགལ་བ་དམིགས་པ་ནི་དཔེར་ན་འདི་ན་སྤུ་ལོང་ཞེས་བྱ་བ་ལ་སོགས་པའི་བྱེ་བྲག་མེད་དེ་། 
 सन्निहितदहनविशेषत्वादिति । (१०)	གདུང་བར་བྱེད་པའི་བྱེ་བྲག་ཉེ་བ་ཉིད་ཀྱི་ཕྱིར་རོ་ཞེས་བྱ་བ་ལྟ་བུའོ་མེད་དེ་། 
 २।४१ कारणविरुद्धकायपिलब्धिर्यथा- न रोमहर्षादिविशेषयुक्तपुरुषावानयं प्रदेशः, धूमादिति । (११)	༎ རྒྱུ་འགལ་བའི་འབྲས་བུ་དམིགས་པ་ནི་དཔེར་ན་ཕྱོགས་འདི་ན་དུ་བ་ཡོད་མེད་དེ་། ༎ པའི་ཕྱིར་། སྤུ་ལོང་ཞེས་བྱེད་པ་ལ་སོགས་པའི་བྱེ་བྲག་དང་ལྡན་པའི་མི་དང་ལྡན་པ་མ་ཡིན་ནོ་ཞེས་བྱ་བ་མེད་དེ་། ༎ པའི་ཕྱིར་། ལྟ་བུའོ་༎ དོན་གཞན་ཡོད་པ་དང་དགག་པ་དག་གིས་སྦྱོར་བ་ཐ་དད་ཀྱང་།
 २।४२ इमे सर्वे कार्यानुपलब्ध्यादयो दशानुपलब्धिप्रयोगाः स्वभावानुपलब्धौ संग्रहमुपयान्ति । २।४३ पारम्पर्येणार्थान्तरविधिप्रतिषेधाभ्यां प्रयोगभेदे ऽपि ।	བརྒྱུད་པའི་སྒོ་ནས་འབྲས་བུ་མི་དམིགས་པ་ལ་སོགས་པ་མི་དམིགས་པའི་སྦྱོར་བ་བཅུ་པོ་དེ་དག་ཐམས་ཅད་ནི་རང་བཞིན་མི་༄༢༣༣ཨ་༌་༎
 २।४४ प्रयोगदर्शनाभ्यासात् स्वयमप्येवं व्यवच्छेदप्रतीतिर्भवति स्वार्थे ऽप्यनुमाने ऽस्याः प्रयोगनिर्देशः ।	དམིགས་པའི་ནང་དུ་བསྡུ་བར་འགྱུར་རོ་༎ སྦྱོར་བ་མཐོང་བ་གོམས་པ་ལས་བདག་ཉིད་ཀྱང་དེ་བཞིན་དུ་རྣམ་པར་གཅོད་པ་རྟོགས་པར་འགྱུར་བས་། བདག་གི་དོན་གྱི་རྗེས་སུ་དཔག་པ་ལ་ཡང་བྱེ་བྲག་བསྟན་ཏོ་༎
 २ ।४५ सर्वत्र चास्यामभावव्यवहारसाधन्यामनुपलब्धौ येषां स्वभावविरुद्धदीनामुपलब्ध्या	མེད་པའི་ཐ་སྙད་སྒྲུབ་པའི་མི་དམིགས་པ་དེ་དག་ཐམས་ཅད་ལ་ཡང་རང་བཞིན་འགལ་བ་ལ་སོགས་པ་དམིགས་པ་དང་། རྒྱུ་ལ་སོགས་པ་མི་དམིགས་པས་།
 कारणादीनामनुपलब्ध्या च प्रतिषेध उक्तस्तेषामुपलब्धिलक्षणप्राप्तानामेविपलब्धिश्च वेदितव्या ।	དགག་པ་བཤད་པ་གང་ཡིན་པ་དེ་དག་ནི་དམིགས་པའི་རིག་བྱར་གྱུར་པ་ཁོ་ན་དག་ལས་དམིགས་པ་དང་། མི་དམིགས་པར་ཡང་རིག་པར་བྱའོ་༎
 २।४६ अन्येषां विरोधकार्यकारणभावासिद्धेः ।	གཞན་དག་ལ་ནི་འགལ་བ་དང་༎ རྒྱུ་དང་འབྲས་བུ་ཡོད་པ་དང་། མེད་པ་མི་འགྲུབ་པའི་ཕྱིར་རོ་༎
 २।४७ विप्रकृष्टविषया पुनरनुपलब्धिः प्रत्यक्षानुमाननिवृत्तिलक्षणा संशयहेतुः ।	བསྐལ་པའི་ཡུལ་མི་དམིགས་པའི་མངོན་སུམ་དང་རྗེས་སུ་དཔག་པའི་མཚན་ཉིད་ནི་ཐེ་ཚོམ་གྱི་རྒྱུ་ཡིན་ཏེ་། 
 २।४८ प्रमाणनिवृत्तावप्यर्थाभावासिद्धेरिति ।	ཚད་མ་ལོག་ཀྱང་དོན་མེད་པར་མི་འགྲུབ་པའི་ཕྱིར་རོ་༎ རིགས་པའི་ཐིག་པ་ཞེས་བྱ་བའི་རབ་ཏུ་བྱེད་པ་ལས་།
 इति द्वितीयः स्वार्थानुमानपरिच्छेदः ॥	བདག་གི་དོན་རྗེས་སུ་དཔག་པའི་ལེའུ་སྟེ་གཉིས་པའོ་།
 तृतीयः परार्थानुमानपरिच्छेदः ३।१ त्रिरूपलिङ्गाख्यानं परार्थमनुमानम् ।	༎ ། གཞན་གྱི་དོན་གྱི་རྗེས་སུ་དཔག་པ་ནི་ཚུལ་གསུམ་པའི་རྟགས་བརྗོད་པ་སྟེ་།
 ३।२ कारणे कार्योपचारात् ।	རྒྱུ་ལ་འབྲས་བུ་བཏགས་པའི་ཕྱིར་རོ་༎
 ३।३ तद् द्विविधम् । ३।४ प्रयोगभेदात् ।	སྦྱོར་བའི་བྱེ་བྲག་གིས་དེ་ནི་རྣམ་པ་གཉིས་ཏེ་།
 ३।५ साधम्यवद्वैधम्यवच्च ।	ཆོས་མཐུན་པ་ཉིད་ཅན་དང་། ཆོས་མི་མཐུན་པ་ཉིད་ཅན་ནོ་༎
 ३।६ नानायोरर्थतः कश्चिद् भेदः । ३।७ अन्यत्र प्रयोगभेदात् ।	སྦྱོར་བའི་བྱེ་བྲག་མ་གཏོགས་པར་འདི་གཉིས་དོན་དུ་ནི་བྱེ་བྲག་ཅི་ཡང་མེད་དོ་༎
 ३।८ तत्र साधर्म्यवत्प्रयोगः- यदुपलब्धिलक्षणप्राप्तं सन्नोपलभ्यते सो ऽसद् व्यवहारविषयः सिद्धः ।	དེ་ལ་ཆོས་མཐུན་པ་ཉིད་ཅན་ནི་དམིགས་པའི་རིག་བྱར་གྱུར་པ་གང་མ་དམིགས་པ་དེ་ནི་མེད་པའི་ཐ་སྙད་ཀྱི་ཡུལ་དུ་གྲུབ་སྟེ་།
 यथा- अन्यो दृष्टः कश्चिद् शशविषाणादिः ।	དཔེར་ན་རི་བོང་གི་རབ༹་ལ་སོགས་པ་གཞན་འགའ་ཞིག་མཐོང་བ་བཞིན་ཏེ་།
 नोपलभ्यते च क्वचित् प्रदेशविशेषे उपलब्धिलक्षणप्रापो घट इत्यनुपलब्धिप्रयोगः ।	ཕྱོགས་ཀྱི་བྱེ་བྲག་གང་ན་དམིགས་པའི་རིག་བྱར་གྱུར་པ་བུམ་པ་མི་དམིགས་སོ་ཞེས་བྱ་བ་ལྟ་བུའོ་༎ 
 ३।९ तथा स्वभावहेतोः प्रयोगः- यत् सत् तत् सर्वमनित्यम्,	དེ་བཞིན་དུ་རང་བཞིན་གྱི་གཏན་ཚིགས་ཀྱི་སྦྱོར་བ་ནི་གང་ཡོད་པ་དེ་ཐམས་ཅད་ནི་མི་རྟག་སྟེ་།
 यथा घटादिरिति शुद्धस्य स्वभावहेतोः प्रयोगः ।	དཔེར་ན་བུམ་པ་ལ་སོགས་པ་ལྟ་བུའོ་ཞེས་བྱ་བ་ནི་རང་བཞིན་དག་པའི་སྦྱོར་བའོ་༎
 ३।१० यदुत्पत्तिमत् तदनित्यमिति स्वभावभूतधर्मभेदेन स्वभावस्य प्रयोगः । ३।११ यत् कृतकं तदनित्यमित्युपाधिभेदेन ।	གང་སྐྱེ་བ་དང་ལྡན་པ་དེ་ནི་མི་རྟག་པའོ་ཞེས་བྱ་བ་ནི་རང་བཞིན་དུ་གྱུར་པའི་ཆོས་ཀྱི་བྱེ་བྲག་གིས་རང་བཞིན་གྱི་སྦྱོར་བའོ་༎ གང་བྱས་པ་དེ་ནི་མི་རྟག་པའོ་ཞེས་བྱ་བ་དེ་ནི་ཁྱད་པར་གྱི་བྱེ་བྲག་གིས་༎ ཏེ་། 
 ३।१२ अपेक्षितपरव्यापारो हि भावः स्वभावनिष्पत्तौ कृतक इति ।	རང་གི་ངོ་བོ་འགྲུབ་པར་བྱ་བའི་ཕྱིར་གཞན་གྱི་བྱེད་པ་ལ་ལྟོས་པའི་༄༢༣༣བ་ངོ་བོ་ནི་བྱས་པའོ་ཞེས་བྱའོ་༎
 ३।१३ एवं प्रयत्नान्तरीयक- प्रत्ययभेदभेदित्वादयो ऽपि द्रष्टव्याः ।	བརྩལ་མ་ཐག་ཏུ་བྱུང་བ་དང་། རྐྱེན་གྱི་བྱེ་བྲག་གིས་ཐ་དད་པ་ཅན་ཉིད་ལ་སོགས་པ་ལ་ཡང་དེ་བཞིན་དུ་བལྟ་བར་བྱའོ་༎ 
 ३।१४ सन्नुत्पत्तिमान् कृतको वा शब्द इति पक्षधर्मोपदर्शनम् ।	ཡོད་པའམ་སྐྱེ་བ་དང་ལྡན་པ་འམ་བྱས་པ་ཞེས་བྱ་བའི་སྒྲ་ནི་ཕྱོགས་ཀྱི་ཆོས་ཉེ་བར་སྟོན་པའོ་༎
 ३।१५ सर्व एते साधनधर्मा यथास्वं प्रमाणैः सिद्धसाधनधर्ममात्रानुबन्धे एव साध्यधर्मे ऽवगन्तव्याः ।	སྒྲུབ་པའི་ཆོས་དེ་དག་ཐམས་ཅད་ནི་རང་གི་ངོ་བོ་སྒྲུབ་པ་ཅི་ལྟ་བུ་དག་གིས་སྒྲུབ་པའི་ཆོས་ཙམ་དང་བསྒྲུབ་པར་བྱ་བའི་ཆོས་རྗེས་སུ་འབྲེལ་པར་གྲུབ་པ་ཁོ་ནར་ཁོང་དུ་ཆུད་པར་བྱ་སྟེ་། 
 ३।१६ तस्यैव तत्स्वभावत्वात् । ३।१७ स्वभावस्य च हेतुत्वात् ।	དངོས་སུ་ན་དེ་ཉིད་དེའི་རང་བཞིན་ཡིན་པའི་ཕྱིར་དང་། རང་བཞིན་ཡང་གཏན་ཚིགས་ཡིན་པའི་ཕྱིར་ཏེ་།
 ३।१८ वस्तुतस्तयोस्तादात्म्यम् । ३।१९ तन्निष्पत्तावनिष्पन्नस्य तत्स्वभावत्वाभावात् । ३।२० व्यभिचारसम्भवाच्च ।	དེ་གྲུབ་ལ་དེ་མ་གྲུབ་ན་ནི་དེའི་རང་བཞིན་ཉིད་མེད་པའི་ཕྱིར་དང་། འཁྲུལ་པ་ཡང་སྲིད་པའི་ཕྱིར་རོ་༎
 ३।२१ कार्यहेतोः प्रयोगः - यत्र धूमस्तत्राग्निः । यथा महानसादौ ।	འབྲས་བུའི་གཏན་ཚིགས་ཀྱི་སྦྱོར་བ་ནི་གང་ན་དུ་བ་ཡོད་པ་དེ་ན་མེ་ཡོད་དེ་། དཔེར་ན་ཚང་བང་ལ་སོགས་པ་བཞིན་ཏེ་།
 अस्ति चेह धूम इति ।	འདི་ན་ཡང་དུ་བ་ཡོད་དོ་ཞེས་བྱ་བ་ལྟ་བུའོ་༎
 ३।२२ इहापि सिद्धे एव कार्यकारणभावे कारणे साध्ये कार्यहेतुर्वक्तव्यः ।	འདིར་ཡང་རྒྱུ་དང་འབྲས་བུའི་དངོས་པོར་གྲུབ་པ་ཁོ་ན་ལ་རྒྱུ་བསྒྲུབ་པར་བྱ་བ་ལ་འབྲས་བུའི་གཏན་ཚིགས་སུ་བརྗོད་པར་བྱའོ་༎
 ३।२३ वैधर्म्यवतः प्रयोगः- यत् सदुपलब्धिलक्षणप्राप्तं तदुपलभ्यत एव ।	ཆོས་མི་མཐུན་པ་ཉིད་ཅན་གྱི་སྦྱོར་བ་ནི་གང་ཡོད་ལ་དམིགས་པའི་རིག་བྱར་གྱུར་པ་དེ་ནི་དམིགས་པ་ཁོ་ནར་འགྱུར་ཏེ་།
 यथा नीलादिविशेषः । न चैवमिहोपलब्धिलक्षणप्राप्तस्य सत उपलब्धिर्घटस्येत्यनुपलब्धिप्रयोगः ।	དཔེར་ན་སྔོན་པོ་ལ་སོགས་པའི་བྱེ་བྲག་ལྟ་བུ་ཡིན་ན་འདི་ན་ནི་དམིགས་པའི་རིག་བྱར་གྱུར་པ་བུམ་པ་དེ་ལྟར་མི་དམིགས་སོ་ཞེས་བྱ་བ་ནི་མི་དམིགས་པའི་སྦྱོར་བའོ་༎
 ३।२४ असत्यनित्यत्वे, नास्ति सत्त्वमुत्पत्तिमत्त्वं कृतकत्वं वा । संश्च शब्द उत्पत्तिमान् कृतको वेति स्वभावहेतोः प्रयोगः ।	མི་རྟག་པ་ཉིད་མེད་ན་ཡོད་པའམ་སྐྱེ་བ་དང་ལྡན་པའམ་བྱས་པ་མེད་པ་ཉིད་ཡིན་ན་། སྒྲ་ནི་ཡོད་པའམ་སྐྱེ་བ་དང་ལྡན་པའམ་། བྱས་པའོ་༎ ཞེས་བྱ་བ་ནི་རང་བཞིན་གྱིས་སྦྱོར་བའོ་༎
 ३।२५ असत्यग्नौ न भवत्येव धूमः ।	མེ་མེད་ན་དུ་བ་མི་འབྱུང་བ་ཉིད་ལ་།
 अत्र चास्ति धूम इति कार्यहेतोः प्रयोगः ।	འདི་ན་ནི་དུ་བ་ཡོད་དོ་ཞེས་བྱ་བ་ནི་འབྲས་བུའི་གཏན་ཚིགས་ཀྱི་སྦྱོར་བའོ་༎
 ३।२६ साधर्म्येणापि हि प्रयोगे ऽर्थाद् वैधर्म्यगतिरिति ।	དོན་གྱིས་ན་ཆོས་མཐུན་པས་ཀྱང་སྦྱོར་བ་ལ་ཆོས་མི་མཐུན་པ་ཉིད་རྟོགས་ཏེ་།
 ३।२७ असति तस्मिन् साध्येन हेतोरन्वयाभावात् ।	དེ་མེད་ན་ནི་བསྒྲུབ་པར་བྱ་བ་གཏན་ཚིགས་ཀྱི་རྗེས་སུ་འགྲོ་བ་མེད་པའི་ཕྱིར་རོ་༎
 ३।२८ तथा वैधर्म्येणाप्यन्वयगतिः ।	དེ་བཞིན་དུ་ཆོས་མི་མཐུན་པས་ཀྱང་རྗེས་སུ་འགྲོ་བ་རྟོགས་ཏེ་།
 ३।२९ असति तस्मिन् साध्याभावे हेत्वभावस्यासिद्धेः ।	དེ་མེད་ན་ནི་བསྒྲུབ་པར་བྱ་བ་མེད་ན་གཏན་ཚིགས་མེད་པར་མི་འགྲུབ་པའི་ཕྱིར་རོ་༎
 ३।३० नहि स्वभावप्रतिबन्धे ऽसत्येकस्य निवृत्तावपरस्य नियमेन निवृत्तिः ।	རང་བཞིན་འབྲེལ་པ་མེད་ན་ནི་ཅིག་ལོག་པས་གཞན་ངེས་པར་ལྡོག་པ་མ་ཡིན་ནོ་༎
 ३।३१ स च द्विप्रकारः- सर्वस्य तादात्म्यलक्षणस्तदुत्पतिलक्षणश्चेत्युक्तम् ।	དེ་ཡང་ཐམས་ཅད་ཀྱི་རྣམ་པ་གཉིས་ཏེ་། དེའི་བདག་ཉིད་དང་དེ་ལས་བྱུང་བ་ཞེས་སྨོས་པ་༄༢༣༤ཨ་༌་༎ ཡིན་ནོ་༎
 ३।३२ तेन हि निवृत्ति कथयता प्रतिबन्धो दर्शनीयः ।	དེས་ན་ལྡོག་པ་བརྗོད་པས་འབྲེལ་པ་བསྟན་པར་བྱའོ་༎
 तस्मात् निवृत्तिवचनमाक्षिप्तप्रतिबन्धोपदर्शनमेव भवति ।	དེ་ལྟ་བས་ན་ལྡོག་པའི་ཚིག་གིས་ནི་འབྲེལ་པ་བསྡུས་པ་ཁོ་ན་ཡིན་ལ་།
 यच्च प्रतिबन्धोपदर्शनं तदेवान्वयवचनमित्येकेनापि वाक्येनान्वयमुखेन व्यतिरेकमुखेन	འབྲེལ་པ་བསྟན་པ་གང་ཡིན་པ་དེ་ཡང་རྗེས་སུ་འགྲོ་བ་ཞེས་བྱ་སྟེ་། དེ་ལྟ་བས་ན་རྗེས་སུ་འགྲོ་བའི་སྒོ་ཡང་རུང་ལྡོག་པའི་སྒོ་ཡང་རུང་སྟེ་། ཚིག་གཅིག་བརྗོད་པས་ཀྱང་།
 वा प्रयुक्तेन सपक्षासपक्षयोर्लिङ्गस्य सदसत्त्वख्यापनं कृतं भवतीति नावशयं वाक्यद्वयप्रयोगः ।	མཐུན་པའི་ཕྱོགས་དང་མི་མཐུན་པའི་ཕྱོགས་ལ་རྟགས་ཡོད་པ་དང་མེད་པ་བསྟན་པར་འགྱུར་བས་དེ་ལྟར་ན་ཚིག་གཉིས་ཀྱིས་སྦྱོར་བ་བསྟན་པར་ངེས་པ་མེད་དོ་༎ 
 ३।३३ अनुपलब्धावपि - यत् सद् उपलब्धिलक्षणप्राप्तंतदुपलभ्यत एवेत्युक्ते,	མི་དམིགས་པ་ལ་ཡང་གང་ཡོད་ལ་དམིགས་པའི་རིག་བྱར་གྱུར་པ་དེ་ནི་པ་མེད་དོ་༎ ། དམིགས་པ་ཁོ་ནར་འགྱུར་རོ་ཞེས་བསྟན་པར་མི་དམིགས་ན་།
 अनुपलभ्यमानं तादृशमसदिति प्रतीरेरन्वयसिद्धिः ।	དེ་ལྟ་བུ་མེད་དོ་ཞེས་བྱ་བར་རྟོགས་པའི་ཕྱིར་རྗེས་སུ་འགྲོ་བ་གྲུབ་པོ་༎
 ३।३४ द्वयोरप्यनयोः प्रयोगयोर्नावश्यं पक्षनिर्देशः ।	སྦྱོར་བ་འདི་གཉི་ག་ལ་ཡང་ཕྱོགས་བསྟན་པར་ངེས་པ་མེད་དེ་།
 ३।३५ यस्मात् साधर्म्यवत्प्रयोगे ऽपि यदुपलब्धिलक्षणप्राप्तं सन्नोपलभ्यते, सो ऽसद्वयवहारविषयः । नोपलभ्यते चात्रोपलब्धिलक्षणप्राप्तो घट इत्युक्ते सामर्थ्यादेव नेह घट इति भवति ।	འདིར་ཆོས་མཐུན་པ་ཉིད་ཅན་གྱི་སྦྱོར་བ་ལ་ཡང་དམིགས་པའི་རིག་བྱར་གྱུར་པ་གང་དམིགས་པ་དེ་ནི་མེད་པའི་ཐ་སྙད་ཀྱི་ཡུལ་ཡིན་ལ་། འདི་ན་ཡང་དམིགས་པའི་རིག་བྱར་གྱུར་པ་བུམ་པ་མི་དམིགས་སོ་ཞེས་བསྟན་པར་ཤུགས་ཀྱིས་འདི་ན་བུམ་པ་མེད་དོ་ཞེས་བྱ་བར་འགྱུར་། རོ་༎ 
 ३।३६ तथा वैधर्म्यवत्प्रयोगे ऽपि- यः सद् व्यवहारविषय उपलब्धिलक्षणप्राप्तः स उपलभ्यत एव ।	དེ་བཞིན་དུ་ཆོས་མི་མཐུན་པ་ཉིད་ཅན་གྱི་སྦྱོར་བ་ལ་ཡང་ཡོད་པའི་ཐ་སྙད་ཀྱི་ཡུལ་གང་ཡོད་ལ་། དམིགས་པའི་རིག་བྱར་གྱུར་པ་དེ་ནི་དམིགས་པ་ཁོ་ནར་འགྱུར་ན་།
 न तथात्र तादृशो घट उपलभ्यते- इत्युक्ते सामर्थ्यादेव नेह सद्वयवहारविषय इति भवति ।	འདི་ན་དེ་འདྲ་བའི་བུམ་པ་དེ་ནི་མི་དམིགས་སོ་ཞེས་བསྟན་པས་ཤུགས་ཉིད་ཀྱིས་འདིར་ཡོད་པའི་ཐ་སྙད་ཀྱི་ཡུལ་མེད་དོ་ཞེས་བྱ་བར་འགྱུར་རོ་༎ 
 ३।३७ कीदृशः पुनः पक्ष इति निर्देश्यः?	ཕྱོགས་ཇི་ལྟ་བུ་ཞིག་བསྟན་པར་བྱ་ཞེ་ན་།
 ३।३८ स्वरूपेणैव स्वयमिष्टो ऽनिराकृतः पक्ष इति ।	རང་གི་ངོ་བོ་ཁོ་ན་དང་། བདག་ཉིད་དང་། འདོད་པ་དང་། མ་བསྩལ་བར་བསྟན་པར་བྱ་བ་ནི་ཕྱོགས་སོ་ཞེས་བསྟན་པར་བྱ་བ་ཡིན་ཏེ་།
 ३।३९ स्वरूपेणेति साध्यत्वेनेष्टः ।	རང་གི་ངོ་བོ་ཞེས་བྱ་བ་ནི་བསྒྲུབ་པར་བྱ་བ་ཁོ་ནར་འདོད་པའོ་༎
 ३।४० स्वरूपेणैवेति साध्यत्वेनैवेष्टो न साधनत्वेनापि । ३।४१ यथा शब्दस्यानित्यत्वे साध्ये चाक्षुषत्वं हेतुः,	རང་གི་ངོ་བོ་ཁོ་ན་ཞེས་བྱ་བ་ནི་བསྒྲུབ་པར་བྱ་བ་ཁོ་ན་འདོད་པ་ཡིན་གྱི་སྒྲུབ་པ་ཉིད་ཡིན་ཡང་རུང་བ་མ་ཡིན་ཏེ་། དཔེར་ན་སྒྲ་མི་རྟག་པ་ཉིད་དུ་བསྒྲུབ་པར་བྱ་བ་ལ་གཏན་ཚིགས་མིག་གིས་གཟུང་བ་ཉིད་ནི་སྒྲ་ལ་མ་གྲུབ་པའི་ཕྱིར་བསྒྲུབ་པར་བྱ་བ་ཡིན་ན་།
 शब्दे ऽसिद्धत्वात् साध्यं भवतीति न पुनस्तदिह साध्यत्वेनैवेष्टम्, साधनत्वेनाप्यभिधानात् ।	དེ་འདིར་ནི་སྒྲུབ་པ་ཁོ་ནར་བརྗོད་པའི་ཕྱིར་བསྒྲུབ་པར་བྱ་བ་ཉིད་ཁོ་ནར་ནི་མི་འདོད་དོ་༎ 
 ३।४२ स्वयमिति वादिना । ३।४३ यस्तदा साधनमाह ।	བདག་ཉིད་ཅེས་བྱ་བ་ནི་དེའི་ཚེ་རྒོལ་བས་བསྒྲུབ་པ་སྨྲས་པ་གང་ཡིན་པའོ་༎
 ३।४४ एतेन यद्यपि क्वचिच्छास्त्रे स्थितः साधनमाह,	༄༢༣༤བ་དེས་ན་གལ་ཏེ་བསྟན་བཅོས་འགའ་ཞིག་ལ་བརྟེན་ཏེ་སྒྲུབ་པ་སྨྲས་ན་ཡང་།
 तच्छास्त्रकारेण तस्मिन् धर्मिण्यनेकधर्माभ्युपगमे ऽपि यस्तदा तेन वादिना धर्मः स्वयं साधयितु मिष्टः स एव साध्यो नेतर इत्युक्तं भवति ।	བསྟན་བཅོས་དེ་བྱེད་པས་ཆོས་ཅན་དེ་ལ་ཆོས་མང་ཞིག་ཁས་ལེན་དུ་ཟིན་ཀྱང་དེའི་ཚེ་རྒོལ་བ་དེས་ཆོས་གང་སྒྲུབ་པར་འདོད་པ་དེ་ཉིད་བསྒྲུབ་པར་བྱ་བ་ཡིན་གྱི་། ཅིག་ཤོས་ན་མ་ཡིན་ནོ་ཞེས་བསྟན་པར་འགྱུར་རོ་༎
 ३।४५ इष्ट इति यत्रार्थे विवादेन साधनमुपन्यस्तं तस्य सिद्धिमिच्छता सो ऽनुक्तो ऽपि वचनेन साध्यो भवति ।	འདོད་པ་ཞེས་བྱ་བ་དོན་གང་ལ་རྩོད་པས་སྒྲུབ་པ་བཀོད་པ་དེ་སྒྲུབ་པར་འདོད་པའོ་༎ དེ་ནི་ཚིག་ཏུ་མ་སྨྲས་ཀྱང་བསྒྲུབ་པར་བྱ་བ་ཡིན་ཏེ་།
 ३।४६ तदधिकरणत्वाद् विवादस्य ।	དེ་ནི་རྩོད་པའི་གཞི་ཡིན་པའི་ཕྱིར་རོ་༎
 ३।४७ यथा परार्थाश्चक्षुरादयः सङ्घातत्वाच्छयनासनाद्यङ्गवदिति ।	དཔེར་ན་འདུས་པ་ཡིན་པའི་ཕྱིར་། མིག་ལ་སོགས་པ་ནི་གཞན་གྱི་དོན་བྱེད་དེ་། མལ་ཆ་དང་སྟན་ལ་སོགས་པའི་ཡན་ལག་བཞིན་ནོ་ཞེས་བྱ་བ་ལྟ་བུའོ་༎
 अत्रात्मार्था इत्यनुक्तावप्यात्मार्थतैव साध्या ।	འདིར་བདག་གི་དོན་ཞེས་མ་བརྗོད་ཀྱང་བདག་གི་དོན་ཉིད་དུ་བསྒྲུབ་པར་བྱ་བ་ཡིན་ཏེ་།
 तेन नोक्तमात्रमेव साध्यम्- इत्युक्तं भवति । ३।४८ अनिराकृत इति- एतल्लक्षणयोगे ऽपि यः साधयितुमिष्टो ऽप्यर्थः प्रत्यक्षानुमानप्रतीतिस्ववचनैर्निराक्रियते, न स पक्ष इति प्रदर्शनार्थम् ।	དེས་ན་སྨྲས་པ་ཙམ་ཁོ་ན་ནི་བསྒྲུབ་པར་བྱ་བ་མ་ཡིན་ནོ་ཞེས་བསྟན་པར་འགྱུར་རོ་༎ མ་བསལ་བ་ཞེས་བྱ་བ་ནི་མཚན་ཉིད་དེ་དག་དང་ལྡན་དུ་ཟིན་ཀྱང་སྒྲུབ་པར་འདོད་པའི་དོན་གང་ཞིག་ལ་མངོན་སུམ་དང་། རྗེས་སུ་དཔག་པ་དང་། གྲགས་པ་དང་། རང་གི་ཚིག་རྣམས་ཀྱིས་བསལ་བ་གང་ཡིན་པ་དེ་ནི་ཕྱོགས་མ་ཡིན་ནོ་ཞེས་བསྟན་པའི་ཕྱིར་ཏེ་། 
 ३।४९ तत्र प्रत्यक्षनिराकृतो यथा- अश्रावणः शब्द इति । (१)	དེ་ལ་མངོན་སུམ་གྱིས་བསལ་བ་ནི་། དཔེར་ན་སྒྲ་ནི་མཉན་དུ་མི་རུང་ངོ་ཞེས་བྱ་བ་ལྟ་བུའོ་༎
 ३।५० अनुमाननिराकृतो यथा- नित्यः शब्द इति । (२)	རྗེས་སུ་དཔག་པས་བསལ་བ་ནི་དཔེར་ན་བུམ་པ་ནི་རྟག་པའོ་ཞེས་བྱ་བ་ལྟ་བུའོ་༎ གྲགས་པས་བསལ་བ་ནི་།
 ३।५१ प्रतीतिनिराकृतो यथा- अचन्द्रः शशीति । (३)	དཔེར་ན་རི་བོང་ཅན་ནི་ཟླ་བ་མ་ཡིན་ནོ་ཞེས་བྱ་བ་ལྟ་བུའོ་༎
 ३।५२ स्ववचननिराकृतो यथा- नानुमानं प्रमाणमिति । (४)	རང་གི་ཚིག་གིས་བསལ་བ་ནི་། དཔེར་ན་རྗེས་སུ་དཔག་པ་ནི་ཚད་མ་མ་ཡིན་ནོ་ཞེས་བྱ་བ་ལྟ་བུ་སྟེ་།
 ३।५३ इति चत्वारः पक्षाभास निराकृता भवन्ति । ३।५४ एवं सिद्धस्य असिद्धस्यापि साधनत्वेनाभिमतस्य,	ཕྱོགས་ལྟར་སྣང་བ་བཞི་བསལ་བ་ཡིན་ནོ་༎
 स्वयं वादिना तदा साधयितुमनिष्टस्य, उक्तमात्रस्य, निराकृतस्य च विपर्येण साध्य इति ।	དེ་ལྟར་ན་གྲུབ་པ་དང་མ་གྲུབ་ཀྱང་སྒྲུབ་པ་ཉིད་དུ་འདོད་པ་དང་། དེའི་ཚེ་རྒོལ་བ་བདག་ཉིད་ཀྱིས་སྒྲུབ་པར་མི་འདོད་པ་དང་། སྨྲས་པ་ཙམ་དང་བསལ་བ་ལས་བཟློག་པ་ནི་བསྒྲུབ་པར་བྱ་བ་ཡིན་ནོ་༎
 तेनैव स्वरूपेणाभिमतो वादिन इष्टो ऽनिराकृतः पक्ष इति पक्षलक्षणमनवद्यं दर्शितं भवति ।	དེ་ཉིད་ཀྱི་ངོ་བོ་དང་། རྒོལ་བའི་འདོད་པ་དང་། མ་བསལ་བ་ནི་ཕྱོགས་ཡིན་ཏེ་། དེ་ལྟར་ན་ཕྱོགས་ཀྱི་མཚན་ཉིད་ཁ་ན་མ་ཐོ་བ་མེད་པར་བསྟན་པ་ཡིན་ནོ་༎
 ३।५५ त्रिरूपलिङ्गाख्यानं परार्थानुमानमित्युक्तम् ।	གཞན་གྱི་དོན་གྱི་རྗེས་སུ་དཔག་པ་ནི་ཚུལ་གསུམ་པའི་རྟགས་བརྗོད་པ་སྟེ་ཞེས་སྨྲས་པ་དེ་ལས་། 
 तत्र त्रयाणां रूपाणामेकस्यापि रूपस्यानुक्तो साधनाभासः ।	ཚུལ་གསུམ་ལས་གཅིག་མ་སྨྲས་ན་ཡང་སྒྲུབ་པ་ལྟར་སྣང་བ་ཡིན་ནོ་༎ སྨྲས་ཀྱང་གོ་བར་བྱ་བ་༄༢༣༥ཨ་༌་༎
 ३।५६ उक्तावप्यसिद्धौ सन्देहे वा प्रतिपाद्यप्रतिपादकयो ।	དང་གོ་བར་བྱེད་པ་གཉིས་ལས་མ་གྲུབ་པའམ་།
 ३।५७ एकस्य रूपस्य धर्मिसम्बन्धस्यासिद्धो सन्देहे वासिद्धो हेत्वाभासः ।	ཐེ་ཚོམ་ཟ་ན་ཡང་ངོ་༎ ཆོས་ཅན་དང་འབྲེལ་པའི་ཚུལ་གཅིག་མ་གྲུབ་པའམ་། ཐེ་ཚོམ་ཟ་ན་མ་གྲུབ་པའི་གཏན་ཚིགས་ལྟར་སྣང་བ་ཡིན་ཏེ་།
 ३।५८ यथा - ऽअनित्यः शब्दःऽ इति साध्ये चाक्षुषत्वमुभयासिद्धम् ।	དཔེར་ན་སྒྲ་མི་རྟག་པའོ་ཞེས་སྒྲུབ་པ་ལ་། མིག་གིས་གཟུང་བ་ཉིད་ནི་གཉི་ག་ལ་མ་གྲུབ་པ་ལྟ་བུའོ་༎ ཤིང་རྣམས་ལ་སེམས་ཡོད་པར་སྒྲུབ་པ་ལ་།
 ३।५९ ऽचेतनास्तरवःऽ इति साध्ये सर्वत्वगपहरणे मरणं प्रतिवाद्यसिद्धम्,	ཤུན་པ་ཐམས་ཅད་བཤུས་ནས་འཆི་བ་ནི་ཕྱིར་རྒོལ་བ་ལ་མ་གྲུབ་སྟེ་།
 विज्ञानेन्द्रियायुर्निरोधलक्षणस्य मरणस्यानेनाभ्युपगमात्,	དེ་ནི་རྣམ་པར་ཤེས་པ་དང་། དབང་པོ་དང་། ཚེ་འགགས་པའི་མཚན་ཉིད་ལ་འཆི་བ་ཡིན་པར་ཁས་ལེན་པའི་ཕྱིར་རོ་༎
 तस्य च तरुष्वसम्भवात् ।	དེ་ཡང་ཤིང་དག་ལ་མི་སྲིད་པའི་ཕྱིར་རོ་༎
 ३।६० ऽअचेतनाः सुखादयऽ इति साध्ये उत्पत्तिमत्त्वम्,	བདེ་བ་ལ་སོགས་པ་སེམས་པ་མེད་པར་སྒྲུབ་པ་ལ་སྐྱེ་བ་ཅན་ནམ་།
 अनित्यत्वं व सांख्यस्य स्वयं वादिनो ऽसिद्धम् ।	མི་རྟག་པ་ཉིད་ནི་གྲངས་ཅན་རྒོལ་བ་བདག་ཉིད་ལ་མ་གྲུབ་པའོ་༎
 ३।६१ तथा स्वयं तदाश्रयणस्य वा सन्देहे ऽसिद्धिः ।	དེ་བཞིན་དུ་བདག་ཉིད་དང་དེའི་གཞི་ལ་ཐེ་ཚོམ་ཟ་ན་ཡང་མ་གྲུབ་པ་ཡིན་ཏེ་།
 ३।६२ यथा वाष्पादिभावेन सन्दिह्यमानो भूतसङ्घातो ऽग्निसिद्धावुपदिश्यमानः सन्दिग्धासिद्धः । ३।६३ यथेह निकुञ्जे मयूरः केकायितादिति । ३।६४ तदापातदेशभ्रमे ।	དཔེར་ན་མེ་བསྒྲུབ་པར་བྱ་བ་ལ་རླངས་པ་ལ་སོགས་པའི་དངོས་པོར་ཐེ་ཚོམ་ཟ་བའི་འབྱུང་བ་འདུས་པ་ལྟ་བུ་དང་། དཔེར་ན་རྨ་བྱའི་སྒྲ་གྲག་པའི་ཕྱིར་རི་སུལ་འདི་ན་རྨ་བྱ་ཡོད་དོ་ཞེས་བྱ་བ་ལ་། དེ་གྲག་པའི་ཡུལ་མི་རྟོགས་པ་ལྟ་བུའོ་༎
 ३।६५ धर्म्यसिद्धावप्यसिद्धः- यथा सर्वगत आत्मेति साध्ये सर्वत्रोपलभ्यमानगुणत्वम् ।	ཆོས་ཅན་མ་གྲུབ་ན་ཡང་མ་གྲུབ་པ་ཡིན་ཏེ་། དཔེར་ན་བདག་ཐམས་ཅད་ན་གནས་པར་སྒྲུབ་པ་ལ་ཐམས་ཅད་ན་དམིགས་པའི་ཡོན་ཏན་ཉིད་ལྟ་བུའོ་༎ 
 ३।६६ तथैकस्य रूपस्यासपक्षे ऽसत्त्वस्यसिद्धावनैकान्तिको हेत्वाभासः ।	དེ་བཞིན་དུ་མི་མཐུན་པའི་ཕྱོགས་ལ་མེད་པའི་ཚུལ་གཅིག་མ་གྲུབ་ན་ཡང་མ་ངེས་པའི་གཏན་ཚིགས་ལྟར་སྣང་བ་ཡིན་ཏེ་།
 ३।६७ यथा शब्दस्यानित्यत्वादिके धर्मे साध्ये प्रमेयत्वादिको धर्मः सपक्षविपक्षयोः सर्वत्रैकदेशे वा वर्तमानः ।	དཔེར་ན་སྒྲ་རྟག་པ་ཉིད་ལ་སོགས་པའི་ཆོས་སུ་སྒྲུབ་པ་ལ་། གཞལ་བྱ་ཉིད་ལ་སོགས་པའི་ཆོས་ནི་མཐུན་པའི་ཕྱོགས་དང་མི་མཐུན་པའི་ཕྱོགས་ཐམས་ཅད་ལའམ་། ཕྱོགས་གཅིག་ལ་ཡོད་པ་ལྟ་བུའོ་༎
 ३।६८ तथा- अस्यैव रूपस्य सन्देहे ऽप्यनैकान्तिक एव ।	དེ་བཞིན་དུ་ཚུལ་དེ་ཉིད་ལ་ཐེ་ཚོམ་ཟ་ན་ཡང་མ་ངེས་པ་ཁོ་ན་སྟེ་།
 ३।६९ यथासर्वज्ञः कश्चिद्विवक्षितः पुरुषो राजादिमान् वेति साध्ये वक्तृत्वादिको धर्मः सन्दिग्धविपक्षव्यावृत्तिकः ।	དཔེར་ན་བརྗོད་པར་འདོད་པའི་མི་ལ་ལ་ཞིག་ཐམས་ཅད་མཁྱེན་པ་མ་ཡིན་པའམ་། འདོད་ཆགས་ལ་སོགས་པ་དང་ལྡན་པ་སྒྲུབ་པ་ལ་སྨྲ་བ་ལ་སོགས་པའི་ཆོས་ལྟ་བུ་སྟེ་། མི་མཐུན་པའི་ཕྱོགས་ལས་ལྡོག་པ་ལ་ཐེ་ཚོམ་ཟ་བ་ཡིན་ནོ་༎
 ३।७० ऽसर्वज्ञो वक्ता नोपलभ्यतेऽ इत्येवम्प्रकारस्यानुपलम्भस्यादृश्यात्मविषयत्वेन सन्देहहेतुत्वात् ।	ཐམས་ཅད་མཁྱེན་པ་ལ་སྨྲ་བ་མ་དམིགས་སོ་ཞེས་བྱ་བའི་མི་དམིགས་པའི་རྣམ་པ་དེ་ལྟ་བུ་ནི་ཡུལ་ལྟར་མི་སྣང་བ་ཉིད་ཀྱིས་ཐེ་ཚོམ་གྱི་རྒྱུ་ཡིན་༄༢༣༥བ་པའི་ཕྱིར་རོ་༎
 ततो ऽसर्वज्ञविपर्याद् वक्तृत्वादेर्व्यावृत्तिः सन्दिग्धा ।	དེ་བས་ན་ཐམས་ཅད་མཁྱེན་པ་མ་ཡིན་པ་ལས་ལྡོག་པ་ལ་སྨྲ་བ་ལ་སོགས་པ་ལྡོག་པ་ནི་ཐེ་ཚོམ་དུ་འགྱུར་བ་ཡིན་ཏེ་།
 ३।७१ वक्तृत्वसर्वज्ञत्वयोर्विरोधाभावाच्च यः सर्वज्ञः स वक्ता न भवतीत्यदर्शने ऽपि व्यतिरेको न सिध्यन्ति, सन्देहात् ।	སྨྲ་བ་ཉིད་དང་། ཐམས་ཅད་མཁྱེན་པ་ཉིད་གཉིས་ལ་འགལ་བ་མེད་པའི་ཕྱིར་རོ་༎ མ་མཐོང་དུ་ཟིན་ཀྱང་ཐམས་ཅད་མཁྱེན་པ་གང་ཡིན་པ་དེ་སྨྲ་བ་མ་ཡིན་ནོ་ཞེས་བྱ་བའི་ལྡོག་པ་ནི་མི་འགྲུབ་སྟེ་། ཐེ་ཚོམ་ཟ་བའི་ཕྱིར་རོ་༎
 ३।७२ द्विविधो हि पदार्थानां विरोध ।	དངོས་པོ་རྣམས་ཀྱི་འགལ་བ་ནི་རྣམ་པ་གཉིས་ཏེ་།
 ३।७३ अविकलकारणस्य भवतो ऽन्यभावे ऽभावाद् विरोधगतिः	རྒྱུ་མ་ཚང་བ་མེད་པར་འབྱུང་བ་ལ་གཞན་ཡོད་ན་མེད་པའི་ཕྱིར་འགལ་བ་སྟེ་།
 ३।७४ शीतोष्णस्पर्शवत् ।	གྲང་བ་དང་ཚ་བའི་རེག་པ་ལྟ་བུའོ་༎
 ३।७५ परस्परपरिहारस्थितलक्षणतया वा भावाभाववत् ।	གཅིག་གིས་གཅིག་སྤངས་ཏེ་གནས་པའི་མཚན་ཉིད་ཁོ་ན་སྟེ་ཡོད་པ་དང་མེད་པ་ལྟ་བུའོ་༎
 ३।७६ स च द्विविधो ऽपि विरोधो वक्तृत्वसर्वज्ञत्वयोर्न सम्भवति । ३।७७ न चाविरुद्धविधेरनुपलब्धावप्यभावगतिः ।	འགལ་བ་རྣམ་པ་དེ་གཉི་ག་ཡང་སྨྲ་བ་ཉིད་དང་ཐམས་ཅད་མཁྱེན་པ་ཉིད་ལ་མི་སྲིད་པའི་ཕྱིར་མི་འགལ་བ་ཡོད་པའི་ཕྱིར་དམིགས་ཀྱང་མེད་པར་རྟོགས་པ་མ་ཡིན་ནོ་༎
 ३।७८ रागादीनां वचनादेश्च कार्यकारणभावासिद्धेः ।	འདོད་ཆགས་ལ་སོགས་པ་དང་ཚིགས་ལ་སོགས་པ་ཡང་རྒྱུ་དང་འབྲས་བུའི་དངོས་པོར་མ་གྲུབ་པའི་ཕྱིར་། 
 ३।७९ अर्थान्तरस्य चाकारणस्य निवृत्तौ न वचनादेर्निवृत्तिः ।	དོན་གཞན་རྒྱུ་མ་ཡིན་པ་ལོག་པས་ཚིག་ལ་སོགས་པ་ལྡོག་པ་ནི་མ་ཡིན་ཏེ་ཕྱིར་། 
 ३।८० इति सन्दिग्धव्यतिरेको ऽनैकान्तिको वचनादिः ।	། དེ་ལྟར་ཚིག་ལ་སོགས་པ་ལྡོག་པ་ལ་ཐེ་ཚོམ་ཟ་བ་དང་ལྡན་པའི་མ་ངེས་པ་ཡིན་ནོ་༎
 ३।८१ द्वयो रूपयोर्विपर्ययसिद्धौ विरुद्धः ।	ཚུལ་གཉིས་ཀྱི་ཕྱིན་ཅི་ལོག་ཏུ་གྲུབ་པ་ནི་འགལ་བ་ཡིན་ནོ་༎
 ३।८२ कयोर्द्वयोः?	གཉིས་པོ་གང་ཞེ་ན་།
 ३।८३ सपक्षे सत्त्वस्य,	མཐུན་པའི་ཕྱོགས་ལ་ཡོད་པ་དང་། མི་མཐུན་པའི་ཕྱོགས་ལ་མེད་པའོ་༎
 असपक्षे चासत्त्वस्य । यथा कृतत्वं प्रयत्नानन्तरीय कत्वं च नित्यत्वे साध्ये विरुद्धो हेत्वाभासः ।	བྱས་པ་ཉིད་དང་བརྩལ་མ་ཐག་ཏུ་འབྱུང་བ་ཉིད་ནི་རྟག་པ་ཉིད་སྒྲུབ་པ་ལ་འགལ་བའི་གཏན་ཚིགས་ལྟར་སྣང་བ་ཡིན་ཏེ་།
 ३।८४ अनयोः सपक्षे ऽसत्त्वम्, असपक्षे च सत्त्वमिति विपर्ययसिद्धिः ।	འདི་གཉིས་ཀྱི་མཐུན་པའི་ཕྱོགས་ལ་མེད་པ་དང་། མི་མཐུན་པའི་ཕྱོགས་ལ་ཡོད་པས་ཕྱིན་ཅི་ལོག་ཏུ་གྲུབ་པ་ཡིན་ལ་།
 ३।८५ एतौ च साध्यविपर्ययसाधनाद् विरुद्धौ ।	དེ་གཉིས་ནི་བསྒྲུབ་པར་བྱ་བ་ཕྱིན་ཅི་ལོག་ཏུ་སྒྲུབ་པའི་ཕྱིར་འགལ་བ་དག་ཡིན་ནོ་༎
 ३।८६ ननु च तृतीयो ऽपीष्टविघातकृद् विरुद्धः ।	འདོད་པ་ལ་གནོད་པ་བྱེད་པའི་ཕྱིར་འགལ་བ་གསུམ་པ་ཡང་བ་མ་ཡིན་ནམ་།
 ३।८७ यथा परार्थाश्चक्षुरादयः सङ्घातत्वाच्चयनासनाद्यङ्गवदिति ।	དཔེར་ན་འདུས་པ་ཡིན་པའི་ཕྱིར་མིག་ལ་སོགས་པ་ནི་གཞན་གྱི་དོན་བྱེད་པ་ཉིད་དེ་མལ་ཆ་དང་སྟན་ལ་སོགས་པའི་ཡན་ལག་བཞིན་ནོ་ཞེས་པ་ལྟ་བུའོ་༎
 ३।८८ तदिष्टासंहतपारार्थ्यविपर्ययसाधनाद् विरुद्धः ।	དེ་ནི་འདུས་པ་མ་ཡིན་པ་གཞན་གྱི་དོན་བྱེད་པར་འདོད་དེ་། ཕྱིན་ཅི་ལོག་ཏུ་སྒྲུབ་པའི་ཕྱིར་འགལ་བའོ་༎
 ३।८९ स इह कस्मान्नोक्तः?	དེ་ཅིའི་ཕྱིར་མ་སྨྲས་ཤེ་ན་།
 ३।९० अनयोरेवान्तर्भावात् ।	འདི་གཉིས་ཁོ་ནའི་ནང་དུ་འདུས་པའི་ཕྱིར་།
 ३।९१ नह्ययमाभ्यां साध्याविपर्ययसाधनत्वेन भिद्यते ।	དེ་ནི་བསྒྲུབ་པར་བྱ་བ་ལོག་པར་༄༢༣༦ཨ་༌་༎ བསྒྲུབས་པས་འདི་གཉིས་དང་ཐ་དད་པ་མ་ཡིན་ནོ་༎
 ३।९२ नहीष्टोक्तयोः साध्यत्वेन कश्चिद्विशेष इति । ३।९३ द्वयो रूपयोरेकस्यासिद्धावपरस्य च सन्देहे ऽनैकान्तिक ।	འདོད་པ་དང་སྨྲས་པ་གཉིས་ལ་བསྒྲུབ་པར་བྱ་བ་ཉིད་དུ་ནི་བྱེ་བྲག་ཅི་ཡང་མེད་དོ་༎ ཚུལ་གཉིས་ལས་གཅིག་ནི་མ་གྲུབ་ལ་། ཅིག་ཤོས་ལ་ནི་ཐེ་ཚོམ་ཟ་བ་ཡང་མ་ངེས་པ་ཡིན་ཏེ་།
 ३।९४ यथा वीतरागः कश्चित् सर्वज्ञो वा, वक्तृत्वादिति ।	དཔེར་ན་སྨྲ་བའི་ཕྱིར་འདོད་ཆགས་དང་བྲལ་བའམ་། ཐམས་ཅད་མཁྱེན་པ་ཡིན་ནོ་ཞེས་བྱ་བ་ལྟ་བུ་སྟེ་།
 व्यतिरेको ऽत्रासिद्धः ।	འདི་ལ་ལྡོག་པ་ནི་མ་གྲུབ་ལ་།
 सन्दिग्धो ऽन्वयः ।	རྗེས་སུ་འགྲོ་བ་ལ་ནི་ཐེ་ཚོམ་ཟ་བ་ཡིན་ཏེ་། ཐམས་ཅད་མཁྱེན་པ་དང་འདོད་ཆགས་དང་བྲལ་བ་ནི་བསྐལ་པ་ཡིན་པའི་ཕྱིར་།
 ३।९५ सर्वज्ञवीतरागयोर्विप्रकर्षाद् वचनादेस्तत्र सत्त्वमसत्त्वं वा सन्दिग्धम्	དེ་ལ་ཚིག་ལ་སོགས་པ་ཡོད་དམ་མེད་པར་ཐེ་ཚོམ་ཟ་བའི་ཕྱིར་རོ་༎
 ३।९६ अनयोरेव द्वयो रूपयोः सन्देहे ऽनैकान्तिकः ।	ཚུལ་དེ་ཉིད་ལ་ཐེ་ཚོམ་ཟ་ན་མ་ངེས་པ་ཡིན་ཏེ་།
 ३।९७ यथा सात्मकं जीवच्छरीरं प्राणादिमत्त्वादिति ।	དཔེར་ན་སྲོག་ལ་སོགས་པ་དང་ལྡན་པའི་ཕྱིར་། གསོན་པོའི་ལུས་ནི་བདག་དང་བཅས་པ་ཡིན་ནོ་ཞེས་བྱ་བ་ལྟ་བུ་སྟེ་།
 ३।९८ न हि सात्मकनिरात्मकाभ्यामन्यो राशिरस्ति यत्रायं प्राणादिर्वर्तेत ।	བདག་དང་བཅས་པ་དང་བདག་མེད་པ་ལས་གང་ལ་སྲོག་ལ་སོགས་པ་གནས་པར་འགྱུར་བའི་ཕུང་པོ་གཞན་ནི་མེད་དེ་།
 ३।९९ आत्मनो वृत्तिव्यवच्छेदाभ्यां सर्वसंग्रहात् ।	བདག་གནས་པ་དང་རྣམ་པར་གཅོད་པ་དག་གིས་ཐམས་ཅད་བསྡུས་པའི་ཕྱིར་རོ་༎
 ३।१०० नाप्यनयोरेकत्र वृत्तिनिश्चयः ।	འདི་གཉིས་ལས་གཅིག་ལ་གནས་པར་ཡང་ངེས་པ་མེད་དེ་།
 ३।१०१ सात्मकत्वेनानात्मकत्वेन वा प्रसिद्धे प्राणादेरसिद्धेः ।	བདག་དང་བཅས་པའམ་བདག་མེད་པར་སྒྲུབ་པ་ལ་སྲོག་ལ་སོགས་པ་མ་གྲུབ་པའི་ཕྱིར་རོ་༎
 ३।१०२ तस्माज्जीवच्छरीरसम्बन्धी प्राणादिः सात्मकादनात्मकाच्च सर्वस्माद् व्यावृत्तत्वेनासिद्धेस्ताभ्यां न व्यतिरिच्यते ।	དེ་བས་ན་གསོན་པོའི་ལུས་དང་འབྲེལ་བ་ཅན་གྱི་སྲོག་ལ་སོགས་པ་ནི་བདག་དང་བཅས་པ་དང་བདག་མེད་པ་ཐམས་ཅད་ལས་ལྡོག་པ་ཉིད་དུ་མ་གྲུབ་པའི་ཕྱིར་དེ་གཉིས་དང་མ་བྲལ་བའོ་༎ 
 ३।१०३ न तत्रान्वेति । ३।१०४ एकात्मन्यप्यसिद्धेः ।	བདག་གཅིག་ལ་ཡང་མ་གྲུབ་པའི་ཕྱིར་དེ་ལ་རྗེས་སུ་འགྲོ་བ་མེད་དོ་༎
 ३।१०५ नापि सात्मकादनात्मकाच्च तस्यान्वयव्यतिरेकयोरभावनिश्चयः । ३।१०६ एकाभावनिश्चयस्यापरभावनिश्चयनान्तरीयकत्वात् ।	བདག་དང་བཅས་པ་དང་བདག་མེད་པ་དེའི་རྗེས་སུ་འགྲོ་བ་དང་། ལྡོག་པ་གཉིས་མེད་པར་ངེས་པ་མེད་དེ་།
 ३।१०७ अन्वयव्यतिरेकयोरन्योन्यव्यवछेदरूपत्वात्,	རྗེས་སུ་འགྲོ་བ་དང་ལྡོག་པ་གཉིས་ནི་ཕན་ཚུན་གཅོད་པའི་ངོ་བོ་ཁོ་ན་ཡིན་པའི་ཕྱིར་རོ་༎ གཅིག་མེད་པར་ངེས་པ་ནི་ཅིག་ཤོས་ཡོད་པར་གདོན་མི་ཟ་བའི་ཕྱིར་རོ་༎
 तत एवान्वयव्यतिरेकयोः सन्देहादनैकान्तिकः ।	དེ་ཉིད་ཀྱི་ཕྱིར་རྗེས་སུ་འགྲོ་བ་དང་ལྡོག་པ་གཉིས་ལ་ཐེ་ཚོམ་ཟ་བའི་མ་ངེས་པ་ཡིན་ཏེ་། 
 ३।१०८ साध्येतरयोरतो निश्चयाभावात् ।	བསྒྲུབ་པར་བྱ་བ་དང་ཅིག་ཤོས་ལ་ངེས་པ་མེད་པའི་ཕྱིར་རོ་༎
 ३।१०९ एवमेषां त्रयाणां रूपाणामेकैकस्य द्वयोर्द्वयोर्वा रूपयोरसिद्धौ सन्देहे वा यथायोगमसिद्धविरुद्धानैकान्तिकास्त्रयो हेत्वाभासाः ।	དེ་ལྟར་ན་ཚུལ་གསུམ་པོ་དེ་དག་ལས་ཚུལ་རེ་རེ་ཡང་གཉིས་གཉིས་ལ་མ་གྲུབ་པའམ་། ཐེ་ཚོམ་ཟ་བ་ཡིན་ཏེ་། ཅི་རིགས་པར་གཏན་ཚིགས་ལྟར་སྣང་བ་གསུམ་པོ་མ་༄༢༣༦བ་གྲུབ་པ་དང་འགལ་བ་དང་། མ་ངེས་པ་དག་ཡིན་ནོ་༎
 ३।११० विरुद्धाव्यभिचार्यपि संशयहेतुरुक्तः ।	འགལ་བ་མི་འཁྲུལ་པ་ཅན་ཡང་ཐེ་ཚོམ་གྱི་རྒྱུར་བཤད་ན་།
 स इह कस्मान्नोक्तः?	དེ་འདིར་མ་སྨོས་ཏེ་།
 ३।१११ अनुमानविषये ऽसम्भवात् ।	རྗེས་སུ་དཔག་པའི་ཡུལ་ལ་མི་སྲིད་པའི་ཕྱིར་རོ་༎
 ३।११२ न हि सम्भवो ऽस्ति कार्यस्वस्वभावयोरुक्तलक्षणयोरनुपलम्भस्य च विरुद्धतायाः ।	འབྲས་བུའམ་རང་བཞིན་ནམ་མི་དམིགས་པའི་མཚན་ཉིད་སྨོས་པ་ལ་འགལ་བ་མི་འཁྲུལ་པ་ཅན་མི་སྲིད་ལ་། 
 ३।११३ न चान्यो ऽव्यभिचारी ।	མི་འཁྲུལ་པ་ཅན་གཞན་ནི་མེད་དོ་༎
 ३।११४ तस्मादवस्तुदर्शनबलप्रवृत्तमागमश्रयमनुमानमाश्रित्व तदर्थविचारेषु विरुद्धाव्यभिचारी साधनदोष उक्तः ।	དེ་ལྟ་བས་ན་དངོས་པོ་མ་མཐོང་པའི་སྟོབས་ཀྱིས་ཞུགས་པ་ཡིན་པས་ན་ལུང་ལ་བརྟེན་པའི་རྗེས་སུ་དཔག་པ་ལ་བརྟེན་ཏེ་། དེའི་དོན་དཔྱད་པ་དག་ལ་འགལ་བ་མི་འཁྲུལ་པ་ཅན་ནི་སྒྲུབ་པའི་སྐྱོན་དུ་བཤད་དོ་༎
 ३।११५ शास्त्रकाराणामर्थेषु भ्रान्त्या विपरीतस्वभावोपसंहारसम्भवात् ।	བསྟན་བཅོས་བྱེད་པ་རྣམས་ནི་དོན་རྣམས་ལ་འཁྲུལ་པས་རང་བཞིན་ལོག་པར་སྟོན་པ་སྲིད་པའི་ཕྱིར་རོ་༎ 
 ३।११६ न ह्यस्य सम्भवो यथावस्थितवस्तुस्थितिष्वात्मकार्यानुपलम्भेषु ।	དངོས་པོ་ཅི་ལྟ་བ་བཞིན་དུ་གནས་པར་འདུག་པ་བདག་དང་འབྲས་བུ་དང་མི་དམིགས་པ་དག་ལ་མི་སྲིད་པའི་ཕྱིར་རོ་༎
 ३।११७ तत्रोदाहरणम्- यत् सर्वदेशस्थितैः स्वसम्बन्धिभिर्युगपदभिसम्बध्यते तत् सर्वगतम् ।	འདིར་དཔེ་ནི་གང་ཞིག་ཡུལ་ཐམས་ཅད་ན་གནས་པ་རང་དང་འབྲེལ་བ་ཅན་དག་དང་། གཅིག་པུར་མངོན་པར་འབྲེལ་བ་དེ་ནི་ཐམས་ཅད་ལ་གནས་པ་ཡིན་ཏེ་།
 यथाकाशम् ।	དཔེར་ན་ནམ་མཁའ་ལ་སོགས་པ་བཞིན་ནོ་༎
 अभिसम्बध्यते च सर्वदेशावस्थितैः स्वसम्बन्धिभिर्युगपत् सामान्यमिति । ३।११८ तत्सम्बन्धिस्वभावमात्रानुबन्धिनी तद्देशसन्निहितस्वभावता ।	སྤྱི་ཡང་ཡུལ་ཐམས་ཅད་པ་རང་དང་འབྲེལ་བ་ཅན་དག་དང་ཅིག་ཅར་དུ་མངོན་པར་འབྲེལ་ཏོ་༎ དེ་དང་འབྲེལ་བ་ཅན་གྱི་རང་བཞིན་ཙམ་གྱི་རྗེས་སུ་འཇུག་པའི་རང་བཞིན་ཅན་དེའི་ཡུལ་ན་འདུག་པའི་རང་བཞིན་ཉིད་ཡིན་ནོ་༎
 ३।११९ न हि यो यत्र नास्ति स तद्देशमात्मना व्याप्नोतीति स्वभावहेतुप्रयोगः ।	གང་ན་གང་མེད་པ་དེ་ནི་དེའི་ཡུལ་བདག་ཉིད་ཁྱབ་པར་བྱེད་པ་མ་ཡིན་ནོ་ཞེས་བྱ་བ་ནི་རང་བཞིན་གྱི་གཏན་ཚིགས་ཀྱི་སྦྱོར་བ་ཡིན་ནོ་༎ 
 ३।१२० द्वितीयो ऽपि प्रयोगः- यदुपलब्धिलक्षणप्राप्तं सन्नोपलभ्यते न तत् तत्रास्ति ।	སྦྱོར་བ་གཉིས་པ་ཡང་དམིགས་པའི་རིག་བྱར་གྱུར་པ་གང་ཞིག་གང་ན་མི་དམིགས་པ་དེ་ནི་དེ་ན་མེད་དེ་།
 तद्यथा- क्वचिदविद्यमाना घटः । नोपलभ्यते चोपलब्धिलक्षणप्राप्तं सामान्यं व्यक्त्यन्तरालेष्विति ।	དཔེར་ན་འགའ་ཞིག་ན་བུམ་པ་མེད་དོ་ཞེས་བྱ་བ་ལྟ་བུ་ཡིན་ལ་གསལ་བའི་བར་རྣམས་ལ་ཡང་དམིགས་པའི་རིག་བྱར་གྱུར་པ་སྤྱི་མི་དམིགས་སོ་ཞེས་བྱ་བའོ་༎
 अयमनुपलम्भः स्वभावश्च परस्परविरुद्धार्थसाधनादेकत्र संशयं जनयतः ।	མི་དམིགས་པ་འདི་དང་རང་བཞིན་དེ་ནི་ཕན་ཚུན་འགལ་བའི་དོན་དུ་བསྒྲུབས་པ་ཡིན་པས་གཅིག་ལ་ཐེ་ཚོམ་སྐྱེད་པར་བྱེད་དོ་༎
 ३।१२१ त्रिरूपो हेतुरुक्तः । तावता नार्थप्रतीतिरिति नपृथग्दृष्टान्तो नाम साधनावयव कश्चित् । तेन नास्य लक्षणं पृथगुच्यतेः गतार्थत्वात् ।	གཏན་ཚིགས་ཀྱི་མཚན་ཉིད་གསུམ་སྨོས་པ་དེ་ཙམ་གྱིས་དོན་རྟོགས་པས་དཔེ་ཞེས་བྱ་བ་སྒྲུབ་པའི་ཡན་ལག་ནི་ལོགས་ཤིག་ཏུ་ཅི་ཡང་མེད་དོ་༎ དེས་ན་དེའི་མཚན་ཉིད་ལོགས་ཤིག་ཏུ་མ་བརྗོད་དེ་དོན་གོ་བའི་ཕྱིར་རོ་༎ གཏན་ཚིགས་ནི་མཐུན་པའི་ཕྱོགས་༄༢༣༧ཨ་༌་༎
 ३।१२२ हेतोः सपक्षः एव सत्त्वमसपक्षाच्च सर्वतो व्यावृत्तो रूपमुक्तमभदेन ।	ཉིད་ལ་ཡོད་པ་དང་། མི་མཐུན་པའི་ཕྱོགས་ཐམས་ཅད་ལས་ལྡོག་པའི་ཚུལ་དུ་བྱེ་བྲག་མེད་པར་བཤད་པ་ལ་།
 पुनर्विशेषेण कार्यस्वभावयोरुक्तलक्षणयोर्जन्मतन्मात्रनुबन्धो दशनीयावुक्तौ ।	ཡང་བྱེ་བྲག་ཏུ་ནི་འབྲས་བུ་དང་རང་བཞིན་གཉིས་ཀྱི་སྐྱེ་བ་དང་དེ་ཙམ་གྱི་རྗེས་སུ་འཇུག་པ་ཡིན་པར་བསྟན་པ་ཤེས་པར་བྱ་བར་བཤད་དེ་། 
 तच्च दर्शयता- यत्र धूमस्तत्राग्निः,	དེ་ཡང་སྟོན་པར་བྱེད་པས་གང་ན་དུ་བ་ཡོད་པ་དེ་ན་མེ་ཡོད་ལ་བཤད་དེ་། 
 असत्यग्नौ न क्वचिद् धूमा यथा महानसेतरयोः ।	། མེ་མེད་ན་དུ་བ་ཡང་མེད་དེ་། དཔེར་ན་ཚང་བང་དང་གཞན་པ་ལྟ་བུའོ་༎
 यत्र कृतकत्वं तत्रानित्यत्वम्,	གང་ན་བྱས་པ་ཉིད་ཡོད་པ་དེ་ན་མི་རྟག་པ་ཉིད་ཡོད་ལ་།
 अनित्यत्वाभावे कृतकत्वासम्भवो यथा घटाकाशयोरिति दर्शनीयम् ।	མི་རྟག་པ་ཉིད་མེད་ན་བྱས་པ་ཡང་མི་སྲིད་དེ་། དཔེར་ན་བུམ་པ་དང་ནམ་མཁའ་དག་ལྟ་བུའོ་ཞེས་བཤད་པར་བྱའོ་༎
 न ह्यन्यथा सपक्षविपक्षयाः सदसत्त्वे यथोक्तप्रकारे शक्ये दशयितुम् । तत्कार्यतानियमः कार्यलिङ्गस्य, स्वभावलिङ्गस्य च स्वभावेन व्याप्तिः । अस्मिश्चार्थे दर्शिते दर्शित एव दृष्टान्ता भवतिः,	གཞན་དུ་ན་མཐུན་པའི་ཕྱོགས་དང་མི་མཐུན་པའི་ཕྱོགས་དག་ལ་ཡོད་པ་དང་མེད་པ་ཇི་སྐད་སྨོས་པའི་རྣམ་པ་དག་བསྟན་པར་མི་ནུས་སོ་༎ འབྲས་བུའི་རྟགས་ནི་དེའི་འབྲས་བུ་ཉིད་དུ་ངེས་པའམ་རང་བཞིན་གྱི་རྟགས་ནི་རང་བཞིན་གྱིས་ཁྱབ་པ་ཡིན་ལ་།
 एतावन्मात्ररूपत्वान् तस्येति ।	དེའི་ཚུལ་ནི་དེ་ཙམ་དུ་ཟད་པའི་ཕྱིར་རོ་༎
 ३।१२३ एतेनैव दृष्टान्तदोषा अपि निरस्ता भवन्ति ।	འདིས་ནི་དཔེའི་ཉེས་པ་རྣམས་ཀྱང་བསལ་བ་ཡིན་ཏེ་།
 ३।१२४ यथा नित्यः शब्दो ऽमूर्तत्वात्,	དཔེར་ན་སྒྲ་ནི་རྟག་པ་ཡིན་ཏེ་ལུས་ཅན་མ་ཡིན་པའི་ཕྱིར་།
 कर्मवत् परमाणुवद् घटवदिति ।	ལས་དང་རྡུལ་ཕྲ་རབ་དང་། བུམ་པ་བཞིན་ནོ་ཞེས་བྱ་བ་ནི་།
 एते दृष्टान्ताभासाः साध्यसाधनधर्मोभयाविकलाः ।	བསྒྲུབ་པར་བྱ་བ་དང་། སྒྲུབ་པར་བྱེད་པའི་ཆོས་དག་གཉིས་ཀ་མེད་པ་ཡིན་ནོ་༎
 ३।१२५ तथा सन्दिग्धसाध्यधर्मादयश्च ।	དེ་བཞིན་དུ་བསྒྲུབ་པར་བྱ་བའི་ཆོས་ལ་ཐེ་ཚོམ་ཟ་བ་ལ་སོགས་པ་ཡང་།
 यथा- रागादिमानयं वचनाद् रथ्यापुरुषवत् ।	དཔེར་ན་སྨྲ་བའི་ཕྱིར་ན་། འདོད་ཆགས་ལ་སོགས་པ་དང་ལྡན་པ་ཡིན་ཏེ་། ལམ་པོ་ཆེའི་མི་བཞིན་ནོ་ཞེས་བྱ་བ་དང་། མི་འདི་ནི་འདོད་ཆགས་ལ་སོགས་པ་དང་ལྡན་པའི་ཕྱིར་།
 मरणधर्मायं पुरुषो रागादिमत्त्वाद् रथ्यापुरुषवत् । असर्वज्ञो ऽयं(पुरुषो)	འཆི་བའི་ཆོས་ཅན་ཡིན་ཏེ་ལམ་པོ་ཆེའི་མི་བཞིན་ནོ་ཞེས་བྱ་བ་དང་། འདོད་ཆགས་ལ་སོགས་པ་དང་ལྡན་པའི་ཕྱིར་ཐམས་ཅད་མཁྱེན་པ་མ་ཡིན་ཏེ་།
 रागादिमत्त्वाद् रथ्यापुरुषवदिति ।	ལམ་པོ་ཆེའི་མི་བཞིན་ནོ་༎ ཞེས་བྱ་བ་ལྟ་བུའོ་༎
 ३।१२६ तथानन्वयो ऽप्रदर्शितान्वयश्च । यथा- यो वक्ता स रागादिमान्,	རྗེས་སུ་འགྲོ་བ་མེད་པ་དང་། རྗེས་སུ་འགྲོ་བ་རབ་ཏུ་མ་བསྟན་པ་ནི་དཔེར་ན་གང་སྨྲ་བ་དེ་ནི་འདོད་ཆགས་ལ་སོགས་པ་དང་ལྡན་པ་སྟེ་།
 इष्टपुरुषवत् । अनित्यः शब्दः कृतकत्वाद् घटवदिति ।	འདོད་པའི་མི་བཞིན་ནོ་ཞེས་བྱ་བ་དང་། བྱས་པའི་ཕྱིར་སྒྲ་ནི་མི་རྟག་པ་སྟེ་། བུམ་པ་བཞིན་ནོ་ཞེས་བྱ་བ་ལྟ་བུའོ་༎
 ३।१२७ तथा विपरीतान्वयः- यदनित्यं तत् कृतकमिति ।	དེ་བཞིན་དུ་རྗེས་སུ་འགྲོ་བ་ཕྱིན་ཅི་ལོག་ནི་གང་མི་རྟག་པ་དེ་ནི་བྱས་པའོ་ཞེས་བྱ་བ་ལྟ་བུ་སྟེ་།
 ३।१२८ साधर्म्येण दृष्टान्तदोषाः ।	ཆོས་༄༢༣༧བ་མཐུན་པས་ཡིན་ནོ་༎
 ३।१२९ वैधर्म्येणापि- परमाणुवत् कर्मवद् आकाशवदिति साध्याद्यव्यतिरेकिणः ।	ཆོས་མི་མཐུན་པས་ཀྱང་རྡུལ་ཕྲ་རབ་དང་ལས་དང་ནམ་མཁའ་བཞིན་ནོ་ཞེས་བྱ་བ་ནི་། བསྒྲུབ་པར་བྱ་བ་ལ་སོགས་པ་ལས་མི་ལྡོག་པ་ཅན་དག་ཡིན་ནོ་༎
 ३।१३० तथा सन्दिग्धसाध्यव्यतिरेकादयः ।	དེ་བཞིན་དུ་བསྒྲུབ་པར་བྱ་བ་ལས་། ལྡོག་པ་ལ་ཐེ་ཚོམ་ཟ་བ་ལ་སོགས་པ་ནི་།
 यथा- असर्वज्ञाः कपिलादयो ऽनाप्ता वा अविद्यमानसर्वज्ञताप्ततालिङ्गभुतप्रमाणातिशयशासनत्वादिति ।	དཔེར་ན་སེར་སྐྱ་ལ་སོགས་པ་ནི་ཐམས་ཅད་མཁྱེན་པའམ་ཡིད་ཆེས་པ་མ་ཡིན་ཏེ་། ཐམས་ཅད་མཁྱེན་པ་དང་འདོད་ཆགས་དང་བྲལ་བའི་རྟགས་སུ་གྱུར་པ་ཚད་མ་ཕུལ་དུ་ཕྱིན་པ་བསྟན་པ་མེད་པ་ཉིད་ཀྱི་ཕྱིར་རོ་ཞེས་བྱ་བ་ལྟ་བུའོ་༎ 
 अत्र वैधर्म्योदाहरणम्- यः सर्वज्ञ आप्तो वा स ज्योतिर्ज्ञानादिकमु पदिष्टवान् ।	འདིར་ཆོས་མི་མཐུན་པའི་དཔེ་ནི་གང་ཞིག་ཐམས་ཅད་མཁྱེན་པའམ་༏་འདོད་ཆགས་དང་བྲལ་བ་ཡིན་པ་དེས་ནི་སྐར་མའི་ཤེས་པ་ལ་སོགས་པ་བསྟན་ཏེ་།
 यथा- ऋषभवर्धमानादिरिति ।	དཔེར་ན་ཁྱུ་མཆོག་དང་སྡོང་རིས་ལ་སོགས་པ་ལྟ་བུའོ་༎
 तत्रासर्वज्ञतानाप्ततयोः साध्यधर्मयोः सन्दिग्धो व्यतिरेकः ।	ཆོས་མི་མཐུན་པའི་དཔེ་ལས་བསྒྲུབ་པར་བྱ་བའི་ཆོས་ཐམས་ཅད་མཁྱེན་པ་ཉིད་མ་ཡིན་པ་དང་། ཡིད་ཆེས་པ་མ་ཡིན་པ་གཉིས་ལྡོག་པ་ལ་ཐེ་ཚོམ་ཟ་བ་ཡིན་ནོ་༎ བསྒྲུབ་པ་ལས་ལྡོག་པ་ལ་ཐེ་ཚོམ་ཟ་བ་ནི་།
 ३।१३१ सन्दिग्धसाधनवतिरेको यथा- न त्रयिविदा ब्राह्मणे ग्राह्यवचन कश्चिद् विविक्षितः पुरुषो रागादिमत्त्वादिति ।	དཔེར་ན་གསུམ་རིག་པའི་བྲམ་ཟེས་ནི་མི་འགའ་ཞིག་གི་བརྗོད་པར་འདོད་པའི་ཚིག་གཟུང་བར་མི་བྱ་སྟེ་། འདོད་ཆགས་ལ་སོགས་པ་དང་ལྡན་པའི་ཕྱིར་རོ་ཞེས་བྱ་བ་ལྟ་བུའོ་༎
 अत्र वेधर्म्योदाहरणम्- ये ग्राह्यवचना न ते रागादिमन्तः,	འདིར་ཆོས་མི་མཐུན་པའི་དཔེ་ནི་ཚིག་གཟུང་བར་བྱ་བ་གང་དག་ཡིན་པ་དེ་ནི་འདོད་ཆགས་ལ་སོགས་པ་དང་མི་ལྡན་པ་སྟེ་།
 तद्यथा गौतमादयो धर्मशास्त्राणां प्रणेतार इति ।	དཔེར་ན་གོ་ཏ་མ་ལ་སོགས་པ་ཆོས་ཀྱི་བསྟན་བཅོས་རྣམས་བྱེད་པ་ལྟ་བུ་སྟེ་།
 गौतमादिभ्यो रागादिमत्त्वस्य साधनधर्मस्य व्यावृत्तिः सन्दिग्धा । ३।१३२ सन्दिग्धोभयव्यतिरेको यथा- अवितरागाः कपिलादयः,	གོ་ཏ་མ་ལ་སོགས་པ་ལས་སྒྲུབ་པའི་ཆོས་འདོད་ཆགས་ལ་སོགས་པ་དང་ལྡན་པ་ལྡོག་པ་ལ་ཐེ་ཚོམ་ཟ་བ་ཡིན་ནོ་༎ གཉིས་ཀ་ལས་ལྡོག་པ་ལ་ཐེ་ཚོམ་ཟ་བ་ནི་། དཔེར་ན་སེར་སྐྱ་ལ་སོགས་པ་ནི་ཡོངས་སུ་འཛིན་པ་དང་ཀུན་ཏུ་འཛིན་པ་དང་ལྡན་པའི་ཕྱིར་འདོད་ཆགས་དང་བྲལ་བ་མ་ཡིན་ནོ་ཞེས་བྱ་བ་ལྟ་བུའོ་༎ འདིར་ཆོས་མི་མཐུན་པའི་དཔེ་ནི་། གང་ཞིག་འདོད་ཆགས་དང་བྲལ་བ་དེ་ལ་ནི་།
 परिग्रहाग्रहयोगादिति । अत्र वैधर्म्यणोदाहरनम्- यो वीतरागो न तस्य परिग्रहाग्रह,	ཡོངས་སུ་འཛིན་པ་དང་། ཀུན་དུ་འཛིན་པ་མེད་དེ་།
 यथर्षभादेरिति ।	དཔེར་ན་ཁྱུ་མཆོག་ལ་སོགས་པ་ལྟ་བུ་སྟེ་།
 ऋषभादेरवीतरागत्वपरिग्रहाग्रहयोगयोः साध्यसाधनधर्मयोः सन्दिग्धो व्यतिरैकः ।	བསྒྲུབ་པར་བྱ་བ་དང་སྒྲུབ་པའི་ཆོས་འདོད་ཆགས་དང་བྲལ་བ་ཉིད་དང་། ཡོངས་སུ་འཛིན་པ་དང་ཀུན་དུ་འཛིན་པ་ཁྱུ་མཆོག་ལ་སོགས་པ་ལས་ལྡོག་༄༢༣༨ཨ་༌་༎ པ་ལ་ཐེ་ཚོམ་ཟ་བ་ཡིན་ནོ་༎
 ३।१३३ अव्यतिरेको यथा- अवीतरागो ऽयं वक्तृत्वात् ।	ལྡོག་པ་མེད་པ་ནི་དཔེར་ན་སྨྲ་བའི་ཕྱིར་འདོད་ཆགས་དང་བྲལ་བ་མ་ཡིན་ནོ་ཞེས་བྱ་བ་ལྟ་བུའོ་༎ 
 वैधर्म्येणोदाहरणम् - यत्रावीतरागत्वं नास्ति, न स वक्ता ।	གང་ལ་འདོད་ཆགས་དང་མ་བྲལ་བ་ཉིད་མེད་པ་དེ་ནི་སྨྲ་བ་མ་བ་ལྟ་བུའོ་༎ ཡིན་ཏེ་། 
 यथा - उपलखण्ड इति ।	དཔེར་ན་རྡོའི་དུམ་བུ་བཞིན་ནོ་ཞེས་བྱ་བ་ལྟ་བུ་སྟེ་བ་ལྟ་བུའོ་༎ ཡིན་ཏེ་། ། གལ་ཏེ་རྡོའི་དུམ་བུ་ལས་གཉི་ག་ལྡོག་པ་ཡོད་མོད་བ་ལྟ་བུའོ་༎ ཡིན་ཏེ་། ། ཀྱི་།
 यद्यप्युपलखण्डादुभयं व्यावृत्त तथापि सर्वो वीतरागो न वक्तेति व्याप्त्या व्यतिरैकासिद्धेरव्यतिरकः ।	འོན་ཀྱང་འདོད་ཆགས་དང་བྲལ་བ་ཐམས་ཅད་སྨྲ་བ་མ་ཡིན་ནོ་ཞེས་བྱ་བར་ཁྱབ་པར་ལྡོག་པ་མ་གྲུབ་པའི་ཕྱིར་ལྡོག་པ་མེད་པ་ཡིན་བ་ལྟ་བུའོ་༎ ཡིན་ཏེ་། ། ཀྱི་། ནོ་༎ ལྡོག་པ་རབ་ཏུ་མ་བསྟན་པ་ནི་བ་ལྟ་བུའོ་༎ ཡིན་ཏེ་། ། ཀྱི་། ནོ་༎ 
 ३।१३४ अप्रदर्शितव्यतिरेको यथा- अनित्यः शब्दः कृतकत्वादाकाशवदिति वैधर्म्येण ।	། ཆོས་མི་མཐུན་པ་དཔེར་ན་སྒྲ་ནི་བྱས་པའི་མི་རྟག་པ་སྟེ་། དཔེར་ན་ནམ་མཁའ་བཞིན་ནོ་ཞེས་བྱ་བ་ལྟ་བུའོ་༎ ལྡོག་པ་ཕྱིན་ཅི་ལོག་ནི་།
 ३।१३५ विपरीतव्यतिरेको यथा- यदकृतक तन्नित्यं भवतीति	དཔེར་ན་གང་མ་བྱས་པ་དེ་ནི་རྟག་པ་ཡིན་ནོ་ཞེས་བྱ་བ་ལྟ་བུའོ་༎
 ३।१३६ न ह्येभिर्दृष्टान्ताभासैर्हेतोः सामान्यलक्षणं सपक्ष एव सत्त्वं विपक्षो च सर्वत्रासत्त्वमेव निश्चयेन शक्यं दर्शयितुं विशेषलक्षणं वा ।	དཔེ་ལྟར་སྣང་བ་དེ་དག་གིས་ནི་གཏན་ཚིགས་ཀྱི་སྤྱིའི་མཚན་ཉིད་མཐུན་པའི་ཕྱོགས་ཉིད་ལ་ཡོད་པ་དང་། མི་མཐུན་པའི་ཕྱོགས་ཐམས་ཅད་ལ་མེད་པ་ཉིད་དམ་། བྱེ་བྲག་གི་མཚན་ཉིད་བསྟན་པར་མི་ནུས་ཏེ་།
 तदर्थापत्त्यैषां निरासो द्रष्टव्यः ।	དེའི་ཕྱིར་དོན་གྱི་དབང་གིས་དེ་དག་བསལ་བར་རིག་པར་བྱའོ་༎ མ་ཚང་བ་ཉིད་ལ་སོགས་པ་སྨྲས་པ་ནི་།
 ३।१३७ दूषणा न्यूनताद्युक्तिः ।	སུན་འབྱིན་པ་དག་ཡིན་ནོ་༎
 ३।१३८ ये पूर्वं न्यूनतादयः साधनदोषा उक्तास्तेषामुद्भावनं दूषणम् ।	སྔར་སྒྲུབ་པའི་རྐྱེན་མ་ཚང་བ་ལ་སོགས་པ་སྨོས་པ་གང་ཡིན་པ་དེ་དག་བརྗོད་པ་ནི་སུན་འབྱིན་པ་ཡིན་ཏེ་།
 तेन परेष्टार्थसिद्धिप्रतिबन्धात् ।	དེས་ཕ་རོལ་པོ་འདོད་པའི་དོན་འགྲུབ་པ་ལ་གེགས་བྱེད་པའི་ཕྱིར་རོ་༎
 ३।१३९ दूषणाभासास्तु जातयः ।	སུན་འབྱིན་པ་ལྟར་སྣང་བདག་ནི་ལྟག་ཆོད་རྣམས་ཏེ་།
 ३।१४० अभूतदोषोद्भावनानि जात्युत्तरणीति ।	ཡང་དག་པ་མ་ཡིན་པའི་སྐྱོན་བརྗོད་པ་དག་ནི་ལྟག་ཆོད་རྣམས་ཡིན་ནོ་༎
 इति तृतीयः परार्थानुमानपरिच्छेदः ॥	གཞན་གྱི་དོན་གྱི་རྗེས་སུ་དཔག་པའི་ལེའུ་སྟེ་གསུམ་པའོ་།
