 फ़ोर् एxअम्प्ले -वत्, -मत्, रेमैन् उन्दिविदेद्, अन्द् तेर्म्स् सुछ् अस् अ नुमेरल्+ -ध। -विध। -प्रकर रेमैन् अल्सो उन्दिविदेद्। ३।३। चोम्पोउन्द् wओर्द्स् wइथ् थे सुफ़्फ़िxएस् -त। -त्व ओर् -भव। -भुत फ़ुन्दमेन्तल्ल्य् रेमैन् उन्दिविदेद्। फ़ोर् एxअम्प्ले: कर्यकरनभव।-भुत।-त। ३।४। चोम्पोउन्द् wओर्द्स् wइथ् एवम्-, तत्-, तथ-, पर-, यथ-, सु-, स्व- इन् थे wओर्धेअद् फ़ुन्दमेन्तल्ल्य् रेमैन् उन्दिविदेद्। फ़ोर् एxअम्प्ले: एवम्जतिय, तदुत्पत्ति, तथक्र्त, परतन्त्र, यथर्थ, यथस्वम्, सुज्ननत्व, स्वभव। ३।५। सोमे चोम्पोउन्द् wओर्द्स् wहिछ् अरे रेगर्देद् अस् तेर्मिनोलोग्य् रेमैन् अल्सो उन्दिविदेद्। फ़ोर् एxअम्प्ले: अग्निहोत्र, अयोगव्यवच्छेद, अर्थपत्ति, पदर्थ, परमर्थ, प्रसज्यप्रतिसेध, विरुद्धव्यभिचरिन्, समनन्तरप्रत्यय, सम्तनपरिनम, समन्यलक्सन, स्वभवप्रतिबन्ध। ४। थोसे तेर्म्स् wहोसे wओर्धेअद् इस् सुब्जेच्त् तो थे सन्धि रुलेस् (फ़ोर् एxअम्प्ले, -द् धेतु-) अरे चितेद् इन् थेइर् ओरिगिनल् फ़ोर्म् (फ़ोर् एxअम्प्ले, -द् *हेतु-) फ़ोर् थे सके ओफ़् उसिन्ग् थिस् दतबसे तो मके अन् क्Wइच् इन्देx। १। औगुस्त्। १९९७ । त्सुकुब मोतोइ ओनो नोते: थिस् दतबसे इस् क़ुइते अ तेन्ततिवे ओने, अन्द् इ मुस्त् अद्मित् थत् थेरे अरे अ लोत् ओफ़् एर्रोर्स् अन्द् देफ़ेच्त्स् इन् थिस् वेर्सिओन्। इ wओउल्द् अप्प्रेचिअते इत् वेर्य् मुछ् इफ़् थे उसेर् wओउल्द् पोइन्त् ओउत् अन्य् एर्रोर्स् इन् थिस् वेर्सिओन् सो थत् wए चन् मके अ बेत्तेर् नेw वेर्सिओन् इन् थे फ़ुतुरे। ए-मैल्: ओनो@लोगोस्।त्सुकुब।अच्।ज्प् *************************************************************************	༄༢༣༡བ་༌་༎ རྒྱ་གར་སྐད་དུ་། ཉའ་ཡ་བིན་དུ་ན་ནའ་མ་པྲ་ཀ་ར་ན་། བོད་སྐད་དུ་། རིགས་པའི་ཐིགས་པ་ཞེས་བྱ་བའི་རབ་ཏུ་བྱེད་པ་། འཇམ་དཔལ་གཞོན་ནུར་གྱུར་པ་ལ་ཕྱག་འཚལ་ལོ་༎
 ०१००१ सम्यग्-ज्ञान-पूर्विका सर्व-पुरुष-अर्थ-सिद्धिर् इति तद् व्युत्पाद्यते।	ཡང་དག་པའི་ཤེས་པ་ནི་། སྐྱེས་བུའི་དོན་ཐམས་ཅད་འགྲུབ་པའི་སྔོན་དུ་འགྲོ་བ་ཅན་ཡིན་པས་ན་དེ་བསྟན་ཏོ་༎
 ०१००२ द्विविधं सम्यग्-ज्ञानम्।	ཡང་དག་པའི་ཤེས་པ་ནི་རྣམ་པ་གཉིས་ཏེ་།
 ०१००३ प्रत्यक्षम् अनुमानं च इति।	མངོན་སུམ་དང་རྗེས་སུ་དཔག་པའོ་༎
 ०१००४ तत्र प्रत्यक्षं कल्पना अपोढम् अभ्रान्तम्।	དེ་ལ་མངོན་སུམ་ནི་རྟོག་པ་དང་བྲལ་ཞིང་མ་འཁྲུལ་པའོ་༎ རྟོག་པ་ནི་།
 ०१००५ अभिलाप-संसर्ग-योग्य-प्रतिभासा प्रतीतिः कल्पना।	ཤེས་པ་ལ་བརྗོད་པ་དང་འདྲེར་རུང་བ་སྣང་བ་སྟེ་དེ་དང་བྲལ་བའོ་༎
 ०१००६ तया रहितं तिमिर-आशुभ्रमण-नौयान-संक्षोभ-आद्य्-अनाहित-विभ्रमं ज्ञानं प्रत्यक्षम्।	རབ་རིབ་དང་། མྱུར་དུ་བསྐོར་བ་དང་། གྲུར་ཞུགས་པ་དང་། འཁྲུག་པ་ལ་སོགས་པས་འཁྲུལ་པ་མ་སྐྱེས་པའི་ཤེས་པ་ནི་མངོན་སུམ་མོ་༎
 ०१००७ तत् चतुर्विधम्।	དེ་ནི་རྣམ་པ་བཞི་སྟེ་།
 ०१००८ इन्द्रिय-ज्ञानम्। ०१००९ स्व-विषय-अनन्तर-विषय-सहकारिणा इन्द्रिय-ज्ञानेन समनन्तरप्रत्ययेन जनितं तन् मनोविज्ञानम्।	དབང་པོའི་ཤེས་པ་དང་། རང་གི་ཡུལ་གྱི་དེ་མ་ཐག་པ་ཡུལ་ལྷན་ཅིག་བྱེད་པ་ཅན་། དབང་པོའི་ཤེས་པ་མཚུངས་པ་དེ་མ་ཐག་པའི་རྐྱེན་གྱིས་བསྐྱེད་པའི་ཡིད་ཀྱི་རྣམ་པར་ཤེས་པ་དང་། 
 ०१०१० सर्व-चित्त-चैत्तानाम् आत्म-संवेदनम्। ०१०११ भूत-अर्थ-भावना-प्रकर्ष-पर्यन्तजं योगिज्ञानं च इति।	སེམས་དང་སེམས་ལས་བྱུང་བ་ཐམས་ཅད་ཀྱི་རང་རིག་པ་དང་། ཡང་དག་པའི་དོན་བསྒོམ་པའི་རབ་ཀྱི་མཐའ་ལས་བྱུང་བ་རྣལ་འབྱོར་པའི་ཤེས་པའོ་༎
 ०१०१२ तस्य विषयः स्वलक्षणम्।	དེའི་ཡུལ་ནི་རང་གི་མཚན་ཉིད་དེ་།
 ०१०१३ यस्य अर्थस्य संनिधान-असंनिधानाभ्यां ज्ञान-प्रतिभास-भेदस् तत् स्वलक्षणम्।	དོན་གང་ཉེ་བ་དང་མི་ཉེ་བ་དག་ལས་ཤེས་པ་ལ་སྣང་བ་ཐ་དད་པ་དེ་ནི་རང་གི་མཚན་ཉིད་དོ་༎
 ०१०१४ तद् एव परमार्थसत्। ०१०१५ अर्थक्रियासामर्थ्य-लक्षणत्वाद् वस्तुनः।	དེ་ཉིད་དོན་དམ་པར་ཡོད་པ་སྟེ་དངོས་པོའི་མཚན་ཉིད་ནི་དོན་བྱེད་མཚན་ཉིད་ཁོ་ན་ཡིན་པའི་ཕྱིར་རོ་༎ 
 ०१०१६ अन्यत् सामान्यलक्षणम्।	གཞན་ནི་སྤྱིའི་མཚན་ཉིད་དེ་།
 ०१०१७ सो अनुमानस्य विषयः।	དེ་ནི་རྗེས་སུ་དཔག་པའི་ཡུལ་ཡིན་ནོ་༎
 ०१०१८ तद् एव च प्रत्यक्षं ज्ञानं प्रमाण-फलम्।	མངོན་སུམ་གྱི་ཤེས་པ་དེ་ཉིད་ཚད་མའི་འབྲས་བུ་སྟེ་།
 ०१०१९ अर्थ-प्रतीति-रूपत्वात्।	དོན་རྟོགས་པའི་ངོ་བོ་ཁོ་ན་ཡིན་པའི་ཕྱིར་རོ་༎
 ०१०२० अर्थ-सारूप्यम् अस्य प्रमाणम्।	དོན་དང་འདྲ་བ་ཉིད་དེའི་ཚད་མ་སྟེ་།
 ०१०२१ तद्-वशाद् अर्थ-प्रतीति-सिद्धेर् इति।	དེའི་དབང་གིས་དོན་རྟོགས་པ་འགྲུབ་པའི་ཕྱིར་རོ་༎ རིགས་པའི་ཐིགས་པ་ཞེས་བྱ་བའི་རབ་ཏུ་བྱེད་པ་ལས་། མངོན་སུམ་གྱི་ལེའུ་སྟེ་དང་པོའོ་།
 ०२००१ अनुमानं द्विविधा।	༎ ། རྗེས་སུ་དཔག་པ་ནི་རྣམ་པ་གཉིས་ཏེ་།
 ०२००२ स्वार्थं परार्थं च।	རང་གི་དོན་དང་གཞན་གྱི་དོན་ནོ་༎
 ०२००३ तत्र स्वार्थं त्रिरूपाल् लिङ्गाद् यद् अनुमेये ज्ञानं तद् अनुमानम्।	དེ་ལ་རང་གི་དོན་གྱི་རྗེས་སུ་དཔག་པར་བྱ་བ་ལ་ཚུལ་གསུམ་པའི་རྟགས་ལས་ཤེས་པ་གང་ཡིན་པའོ་༎ 
 ०२००४ प्रमाण-फल-व्यवस्था अत्र अपि प्रत्यक्ष-वत्।	འདིར་ཡང་ཚད་མའི་འབྲས་བུ་རྣམ་པར་གཞག་པ་ནི་མངོན་སུམ་དང་འདྲའོ་༎
 ०२००५ त्रैरूप्यं पुनर् लिङ्गस्य अनुमेये सत्त्वम् एव, सपक्ष एव सत्त्वम्,	ཚུལ་གསུམ་པ་ཉིད་ཀྱི་རྟགས་ནི་རྗེས་སུ་དཔག་པར་བྱ་བ་ལ་ཡོད་པ་ཉིད་དང་། ༄༢༣༢ཨ་༌་༎ མཐུན་པའི་ཕྱོགས་ཉིད་ལ་ཡོད་པ་དང་། མི་མཐུན་པའི་ཕྱོགས་ལ་མེད་པ་ཉིད་དུ་ངེས་པའོ་༎
 असपक्षे च असत्त्वम् एव निश्चितम्। ०२००६ अनुमेयो अत्र जिज्ञाषित-विशेषो धर्मी। ०२००७ साध्य-धर्म-सामान्येन समानो अर्थः सपक्षः।	རྗེས་སུ་དཔག་པར་བྱ་བ་ནི་འདིར་ཤེས་པར་འདོད་པའི་བྱེ་བྲག་དང་ལྡན་པའི་ཆོས་ཅན་ནོ་༎ མཐུན་པའི་ཕྱོགས་ནི་བསྒྲུབ་པར་བྱ་བའི་ཆོས་ཀྱི་སྤྱི་དང་དོན་མཐུན་པའོ་༎
 ०२००८ न सपक्षो असपक्षः।	མི་མཐུན་པའི་ཕྱོགས་ནི་མཐུན་པའི་ཕྱོགས་མ་ཡིན་པ་སྟེ་།
 ०२००९ ततो अन्यस् तद्-विरुद्धस् तद्-अभावश् च इति।	དེ་ལས་གཞན་པ་དང་། དེ་དང་འགལ་བ་དང་། དེ་མེད་པའོ་༎
 ०२०१० त्रिरूपाणि च त्रीण्य् एव लिङ्गानि।	ཚུལ་གསུམ་པོ་དག་ནི་རྟགས་གསུམ་ཁོ་ན་དང་ལྡན་པ་སྟེ་།
 ०२०११ अनुपलब्धिः स्वभावः कार्यं च इति।	མི་དམིགས་པ་དང་། རང་བཞིན་དང་། འབྲས་བུའོ་༎
 ०२०१२ तत्र अनुपलब्धिर् यथा, न प्रदेश-विशेषे क्वचिद् घटः,	དེ་ལ་མི་དམིགས་པ་ནི་དཔེར་ན་ཕྱོགས་ཀྱི་བྱེ་བྲག་འགའ་ཞིག་ན་བུམ་པ་མེད་དེ་།
 उपलब्धि-लक्षण-प्राप्तस्य अनुपलब्धेर् इति	དམིགས་པའི་རིག་བྱར་གྱུར་པ་ལས་མི་དམིགས་པའི་ཕྱིར་རོ་ཞེས་བྱ་བ་ལྟ་བུའོ་༎
 ०२०१३ उपलब्धि-लक्षण-प्राप्तिर् उपलम्भ-प्रत्यय-अन्तर-साकल्यं स्वभाव-विशेषश् च।	དམིགས་པའི་རིག་བྱར་གྱུར་པ་ནི་དམིགས་པའི་རྐྱེན་གཞན་ཚང་བ་ཉིད་དང་རང་བཞིན་ཁྱད་པར་ཅན་ཏེ་། 
 ०२०१४ यः स्वभावः सत्स्व् अन्येषु उपलम्भ-प्रत्ययेषु सन् प्रत्यक्ष एव भवति स स्वभाव-विशेषः।	རང་བཞིན་གང་ཡོད་ལ་དམིགས་པའི་རྐྱེན་གཞན་དག་ཀྱང་ཡོད་ན་མངོན་སུམ་ཁོ་ནར་འགྱུར་ཏེ་། 
 ०२०१५ स्वभावः स्व-सत्ता-मात्र-भाविनि साध्य-धर्मे हेतुः।	བའོ་༎ རང་བཞིན་ནི་རང་ཡོད་པ་ཙམ་དུ་གྱུར་པ་། བསྒྲུབ་པར་བྱ་བའི་ཆོས་ཀྱི་གཏན་ཚིགས་ཏེ་།
 ०२०१६ यथा वृक्षो अयं शिंशपात्वाद् इति।	དཔེར་ན་ཤིང་ཤ་པ་ཡིན་པའི་ཕྱིར་།
 ०२०१७ कार्यं यथा वह्निर् अत्र धूमाद् इति।	འདི་ནི་ཤིང་ངོ་ཞེས་བྱ་བ་ལྟ་བུའོ་༎ འབྲས་བུ་ནི་དཔེར་ན་དུ་བ་ཡོད་པའི་ཕྱིར་། དེ་ན་མེ་ཡོད་དོ་ཞེས་བྱ་བ་ལྟ་བུའོ་༎
 ०२०१८ अत्र द्वौ वस्तु-साधनौ। एकः प्रतिषेध-हेतुः	འདི་ལ་གཉིས་ནི་དངོས་པོ་སྒྲུབ་པའོ་༎ གཅིག་ནི་དགག་པའི་གཏན་ཚིགས་སོ་༎
 ०२०१९ स्वभावप्रतिबन्धे हि सत्य् अर्थो अर्थं गमयेत्।	རང་བཞིན་འབྲེལ་པ་ཡོད་ན་། དོན་གྱིས་དོན་གོ་བར་བྱེད་དེ་།
 ०२०२० तद्-अप्रतिबद्धस्य तद्-अव्यभिचार-नियम-अभावात्।	དེ་དང་མ་འབྲེལ་ན་དེར་མི་འཁྲུལ་བར་ངེས་པ་མེད་པའི་ཕྱིར་རོ་༎
 ०२०२१ स च प्रतिबन्धः साध्ये अर्थे लिङ्गस्य।	བསྒྲུབ་པར་བྱ་བའི་དོན་ལ་རྟགས་འབྲེལ་པ་དེ་ཡང་། དངོས་སུ་ན་བསྒྲུབ་པར་བྱ་བའི་དོན་གྱི་རང་བཞིན་ཡིན་པའི་ཕྱིར་དང་། བསྒྲུབ་པར་བྱ་བའི་དོན་ལས་འབྱུང་བའི་ཕྱིར་ཏེ་།
 ०२०२२ वस्तुतस् तादात्म्यात् तदुत्पत्तेश् च। ०२०२३ अतद्-स्वभावस्य अतदुत्पत्तेश् च तत्र अप्रतिबद्ध-स्वभावत्वात्।	དེའི་རང་བཞིན་མ་ཡིན་པ་དང་། དེ་ལས་བྱུང་བ་མ་ཡིན་པ་ནི་དེ་དང་འབྲེལ་པ་མེད་པའི་རང་བཞིན་ཡིན་པའི་ཕྱིར་རོ་༎ དེའི་བདག་ཉིད་དང་དེ་ལས་བྱུང་བ་དེ་གཉིས་ཀྱང་།
 ०२०२४ ते च तादात्म्य-तदुपत्ती स्वभाव-कार्ययोर् एव इति ताभ्याम् एव वस्तु-सिद्धिः।	རང་བཞིན་དང་འབྲས་བུ་ཁོ་ན་ཡིན་ཏེ་། དེ་གཉིས་ཁོ་ནས་དངོས་པོ་གྲུབ་པོ་༎
 ०२०२५ प्रतिषेध-सिद्धिर् अपि यथोक्ताया एव अनुपलब्धेः।	དགག་པ་སྒྲུབ་ཀྱང་མི་དམིགས་པ་ཇི་སྐད་སྨོས་པ་ཁོ་ན་ལས་འགྱུར་ཏེ་།
 ०२०२६ सति वस्तुनि तस्या असम्भवात्।	དངོས་པོ་ཡོད་ན་ནི་དེ་མི་སྲིད་པའི་ཕྱིར་རོ་༎
 ०२०२७ अन्यथा च अनुपलब्धि-लक्षण-प्राप्तेषु देश-काल-स्वभाव-विप्रकृष्टेष्व् अर्थेष्व् आत्म-प्रत्यक्ष-निवृत्तेर् अभाव-निश्चय-अभावात्।	གཞན་དུ་ནི་ཡུལ་དང་། དུས་དང་། རང་བཞིན་གྱིས་བསྐལ་པའི་དོན་དམིགས་པའི་རིག་བྱར་མ་༄༢༣༢བ་གྱུར་པ་རྣམས་ལ་། རང་གི་མངོན་སུམ་ལོག་ཀྱང་དངོས་པོ་མེད་པར་ངེས་པ་མེད་པའི་ཕྱིར་རོ་༎
 ०२०२८ अमूढ-स्मृति-संस्कारस्य अतीतस्य वर्तमानस्य च प्रतिपत्तृ-प्रत्यक्षस्य निवृत्तिर् अभाव-व्यवहार-प्रवर्तनी।	མི་རྨོངས་པར་དྲན་པའི་འདུ་བྱེད་སྒྲུབ་པ་པོའི་མངོན་སུམ་འདས་པ་དང་། ད་ལྟར་གྱི་ལོག་ན་དངོས་པོ་མེད་པའི་ཐ་སྙད་འཇུག་སྟེ་།
 ०२०२९ तस्या एव अभाव-निश्चयात्।	དེ་ཉིད་ཀྱི་དངོས་པོ་མེད་པར་ངེས་པའི་ཕྱིར་རོ་༎
 ०२०३० सा च प्रयोग-भेदाद् एकदश-प्रकारा।	དེ་ནི་སྦྱོར་བའི་བྱེ་བྲག་གིས་རྣམ་པ་བཅུ་གཅིག་སྟེ་།
 ०२०३१ स्वभाव-अनुपलब्धिर् यथा, न अत्र धूम उपलब्धि-लक्षण-प्राप्तस्य अनुपलब्धिर् इति।	རང་བཞིན་མི་དམིགས་པ་ནི་དཔེར་ན་འདི་ན་དུ་བ་མེད་དེ་དམིགས་པའི་རིག་བྱར་གྱུར་པ་ལས་མི་དམིགས་པའི་ཕྱིར་རོ་༎ ཞེས་བྱ་བ་ལྟ་བུའོ་༎
 ०२०३२ कार्य-अनुपलब्धिर् यथा,	འབྲས་བུ་མི་དམིགས་པ་ནི་།
 न इह अप्रतिबद्ध-सामर्थ्यानि धूम-कारणानि सन्ति धूम-अभावाद् इति।	དཔེར་ན་འདི་ན་དུ་བའི་རྒྱུ་ནུས་པ་ཐོགས་པ་མེད་པ་དག་མེད་དེ་། དུ་བ་མེད་པའི་ཕྱིར་རོ་ཞེས་བྱ་བ་ལྟ་བུའོ་༎
 ०२०३३ व्यापक-अनुपलब्धिर् यथा,	ཁྱབ་པར་བྱེད་པ་མི་དམིགས་པ་ནི་།
 न अत्र शिंशपा, वृक्ष-अभावाद् इति।	དཔེར་ན་འདི་ན་ཤིང་མེད་པའི་ཕྱིར་ཤིང་ཤ་པ་མེད་དོ་༎ ཞེས་བྱ་བ་ལྟ་བུའོ་༎
 ०२०३४ स्वभाव-विरुद्ध-उपलब्धिर् यथा, न अत्र शीत-स्पर्शो वह्नेर् इति।	རང་བཞིན་འགལ་བ་དམིགས་པ་ནི་དཔེར་ན་འདི་ན་མེ་ཡོད་པའི་ཕྱིར་གྲང་བའི་རེག་པ་མེད་དོ་ཞེས་པ་ལྟ་བུའོ་༎
 ०२०३५ विरुद्ध-कार्य-उपलब्धिर् यथा, न अत्र शीत-स्पर्शो धूमाद् इति।	འགལ་བའི་འབྲས་བུ་དམིགས་པ་ནི་དཔེར་ན་འདི་ན་དུ་བ་ཡོད་པའི་ཕྱིར་། གྲང་བའི་རེག་པ་མེད་དོ་ཞེས་བྱ་བ་ལྟ་བུའོ་༎
 ०२०३६ विरुद्ध-व्याप्त-उपलब्धिर् यथा, न धूम-भावी भूतस्य अपि भावस्य विनाशः,	འགལ་བ་ཁྱབ་པ་དམིགས་པ་ནི་དཔེར་ན་དངོས་པོ་བྱུང་བ་ཡང་འཇིག་པར་ངེས་པར་འགྱུར་བ་མེད་དེ་། 
 हेत्व्-अन्तर-अपेक्षणाद् इति।	རྒྱུ་གཞན་ལ་ལྟོས་པའི་ཕྱིར་རོ་ཞེས་བྱ་བ་ལྟ་བུའོ་༎
 ०२०३७ कार्य-विरुद्ध-उपलब्धिर् यथा, न इह अप्रतिबद्ध-सामर्थ्यानि शीत-कारणानि सन्ति, वह्नेर् इति।	འབྲས་བུ་འགལ་བ་དམིགས་པ་ནི་དཔེར་ན་འདི་ན་མེ་ཡོད་པའི་ཕྱིར་གྲང་བའི་རྒྱུའི་ནུས་པ་ཐོགས་པ་མེད་པ་དག་མེད་དོ་ཞེས་བྱ་བ་ལྟ་བུའོ་༎ 
 ०२०३८ व्यापक-विरुद्ध-उपलब्धिर् यथा, न अत्र तुषार-स्पर्शो वह्नेर् इति।	ཁྱབ་པར་བྱེད་པ་འགལ་བ་དམིགས་པ་ནི་དཔེར་ན་འདི་ན་མེ་ཡོད་པའི་ཕྱིར་བ་མོའི་རེག་པ་མེད་དོ་ཞེས་བྱ་བ་ལྟ་ལྟ་བུའོ་༎ བུའོ་༎ 
 ०२०३९ कारण-अनुपलब्धिर् यथा, न अत्र धूमो वह्न्य्-अभावाद् इति।	རྒྱུ་མི་དམིགས་པ་ནི་དཔེར་ན་འདི་ན་མེ་མེད་པའི་ཕྱིར་དུ་བ་མེད་དོ་ཞེས་བྱ་བ་ལྟ་བུའོ་༎
 ०२०४० कारण-विरुद्ध-उपलब्धिर् यथा, न अस्य रोम-हर्ष-आदि-विशेषाः,	རྒྱུ་འགལ་བ་དམིགས་པ་ནི་དཔེར་ན་འདི་ན་སྤུ་ལོང་ཞེས་བྱ་བ་ལ་སོགས་པའི་བྱེ་བྲག་མེད་དེ་། 
 संनिहित-दहन-विशेषत्वाद् इति।	གདུང་བར་བྱེད་པའི་བྱེ་བྲག་ཉེ་བ་ཉིད་ཀྱི་ཕྱིར་རོ་ཞེས་བྱ་བ་ལྟ་བུའོ་མེད་དེ་། 
 ०२०४१ कारण-विरुद्ध-कार्य-उपलब्धिर् यथा, न रोम-हर्ष-आदि-विशेष-युक्त-पुरुषवान् अयं प्रदेशः, धूमाद् इति।	༎ རྒྱུ་འགལ་བའི་འབྲས་བུ་དམིགས་པ་ནི་དཔེར་ན་ཕྱོགས་འདི་ན་དུ་བ་ཡོད་མེད་དེ་། ༎ པའི་ཕྱིར་། སྤུ་ལོང་ཞེས་བྱེད་པ་ལ་སོགས་པའི་བྱེ་བྲག་དང་ལྡན་པའི་མི་དང་ལྡན་པ་མ་ཡིན་ནོ་ཞེས་བྱ་བ་མེད་དེ་། ༎ པའི་ཕྱིར་། ལྟ་བུའོ་༎ དོན་གཞན་ཡོད་པ་དང་དགག་པ་དག་གིས་སྦྱོར་བ་ཐ་དད་ཀྱང་།
 ०२०४२ इमे सर्वे कार्य-अनुपलब्ध्य्-आदयो दश-अनुपलब्धि-प्रयोगाः स्वभाव-अनुपलब्धौ संग्रहम् उपयान्ति। ०२०४३ पारंपर्येण अर्थान्तर-विधि-प्रतिषेधायां प्रयोग-भेदे अपि।	བརྒྱུད་པའི་སྒོ་ནས་འབྲས་བུ་མི་དམིགས་པ་ལ་སོགས་པ་མི་དམིགས་པའི་སྦྱོར་བ་བཅུ་པོ་དེ་དག་ཐམས་ཅད་ནི་རང་བཞིན་མི་༄༢༣༣ཨ་༌་༎
 ०२०४४ प्रयोग-दर्शन-अभ्यासात् स्वयम् अप्य् एवं व्यवच्छेद-प्रतीतिर् भवति इति स्वार्थे अप्य् अनुमाने अस्याः प्रयोग-निर्देशः।	དམིགས་པའི་ནང་དུ་བསྡུ་བར་འགྱུར་རོ་༎ སྦྱོར་བ་མཐོང་བ་གོམས་པ་ལས་བདག་ཉིད་ཀྱང་དེ་བཞིན་དུ་རྣམ་པར་གཅོད་པ་རྟོགས་པར་འགྱུར་བས་། བདག་གི་དོན་གྱི་རྗེས་སུ་དཔག་པ་ལ་ཡང་བྱེ་བྲག་བསྟན་ཏོ་༎
 ०२०४५ सर्वत्र च अस्याम् अभाव-व्यवहार-साधन्याम् अनुपलब्धौ येषां स्वभाव-विरुद्ध-आदीनाम्	མེད་པའི་ཐ་སྙད་སྒྲུབ་པའི་མི་དམིགས་པ་དེ་དག་ཐམས་ཅད་ལ་ཡང་རང་བཞིན་འགལ་བ་ལ་སོགས་པ་དམིགས་པ་དང་། རྒྱུ་ལ་སོགས་པ་མི་དམིགས་པས་།
 उपलब्ध्या कारण-आदीनाम् अनुपलब्ध्या च प्रतिषेध उक्तस् तेषाम् उपलब्धि-लक्षण-प्राप्तानाम्।	དགག་པ་བཤད་པ་གང་ཡིན་པ་དེ་དག་ནི་དམིགས་པའི་རིག་བྱར་གྱུར་པ་ཁོ་ན་དག་ལས་དམིགས་པ་དང་། 
 ०२०४५ एव उपलब्धिर् अनुपलब्धिश् च वेदितव्या।	མི་དམིགས་པར་ཡང་རིག་པར་བྱའོ་༎
 ०२०४६ अन्येषां विरोध-कार्यकारणभाव-सिद्धेः।	གཞན་དག་ལ་ནི་འགལ་བ་དང་༎ རྒྱུ་དང་འབྲས་བུ་ཡོད་པ་དང་། མེད་པ་མི་འགྲུབ་པའི་ཕྱིར་རོ་༎ བསྐལ་པའི་ཡུལ་མི་དམིགས་པའི་མངོན་སུམ་དང་རྗེས་སུ་དཔག་པའི་མཚན་ཉིད་ནི་ཐེ་ཚོམ་གྱི་རྒྱུ་ཡིན་ཏེ་། 
 ०२०४७ प्रमाण-निवृत्तव् अप्य् अर्थ-अभाव-असिद्धेर् इति।	ཚད་མ་ལོག་ཀྱང་དོན་མེད་པར་མི་འགྲུབ་པའི་ཕྱིར་རོ་༎ རིགས་པའི་ཐིག་པ་ཞེས་བྱ་བའི་རབ་ཏུ་བྱེད་པ་ལས་། བདག་གི་དོན་རྗེས་སུ་དཔག་པའི་ལེའུ་སྟེ་གཉིས་པའོ་།
 ०३००१ त्रिरूप-लिङ्ग-आख्यानं परार्थम् अनुमानम्।	༎ ། གཞན་གྱི་དོན་གྱི་རྗེས་སུ་དཔག་པ་ནི་ཚུལ་གསུམ་པའི་རྟགས་བརྗོད་པ་སྟེ་།
 ०३००२ कारणे कार्य-उपचारात्।	རྒྱུ་ལ་འབྲས་བུ་བཏགས་པའི་ཕྱིར་རོ་༎
 ०३००३ तद् द्विविधम्। ०३००४ प्रयोग-भेदात्।	སྦྱོར་བའི་བྱེ་བྲག་གིས་དེ་ནི་རྣམ་པ་གཉིས་ཏེ་།
 ०३००५ साधर्म्य-वैधर्म्य-वचन इति।	ཆོས་མཐུན་པ་ཉིད་ཅན་དང་། ཆོས་མི་མཐུན་པ་ཉིད་ཅན་ནོ་༎
 ०३००६ न अनयोर् अर्थतः कश्चिद् भेदः। ०३००७ अन्यत्र प्रयोग-भेदात्।	སྦྱོར་བའི་བྱེ་བྲག་མ་གཏོགས་པར་འདི་གཉིས་དོན་དུ་ནི་བྱེ་བྲག་ཅི་ཡང་མེད་དོ་༎
 ०३००८ तत्र साधर्म्यवत् प्रयोगः: यद् उपलब्धि-लक्षण-प्राप्तं सन्न् न उपलभ्यते सो असद्-व्यवहार-विषयः सिद्धः,	དེ་ལ་ཆོས་མཐུན་པ་ཉིད་ཅན་ནི་དམིགས་པའི་རིག་བྱར་གྱུར་པ་གང་མ་དམིགས་པ་དེ་ནི་མེད་པའི་ཐ་སྙད་ཀྱི་ཡུལ་དུ་གྲུབ་སྟེ་།
 यथा अन्यः कश्चिद् दृष्टः शश-विषाण-आदिः। न उपलभ्यते च कश्चित् प्रदेश-विशेष उपलब्धि-लक्षण-प्राप्तो घट इत्य् अनुपलब्धि-प्रयोगः।	དཔེར་ན་རི་བོང་གི་རབ༹་ལ་སོགས་པ་གཞན་འགའ་ཞིག་མཐོང་བ་བཞིན་ཏེ་། ཕྱོགས་ཀྱི་བྱེ་བྲག་གང་ན་དམིགས་པའི་རིག་བྱར་གྱུར་པ་བུམ་པ་མི་དམིགས་སོ་ཞེས་བྱ་བ་ལྟ་བུའོ་༎ 
 ०३००९ तथा स्वभावहेतोः प्रयोगः: यत् सत् तत् सर्वम् अनित्यम्,	དེ་བཞིན་དུ་རང་བཞིན་གྱི་གཏན་ཚིགས་ཀྱི་སྦྱོར་བ་ནི་གང་ཡོད་པ་དེ་ཐམས་ཅད་ནི་མི་རྟག་སྟེ་།
 यथा घट-आदिर् इति शुद्धस्य स्वभावहेतोः प्रयोगः।	དཔེར་ན་བུམ་པ་ལ་སོགས་པ་ལྟ་བུའོ་ཞེས་བྱ་བ་ནི་རང་བཞིན་དག་པའི་སྦྱོར་བའོ་༎
 ०३०१० यद् उत्पत्तिमत् तद् अनित्यम् इति स्वभावभूत-धर्म-भेदेन स्वभावस्य प्रयोगः। ०३०११ यत् कृतकं तद् अनित्यम् इत्य् उपाधि-भेदेन।	གང་སྐྱེ་བ་དང་ལྡན་པ་དེ་ནི་མི་རྟག་པའོ་ཞེས་བྱ་བ་ནི་རང་བཞིན་དུ་གྱུར་པའི་ཆོས་ཀྱི་བྱེ་བྲག་གིས་རང་བཞིན་གྱི་སྦྱོར་བའོ་༎ གང་བྱས་པ་དེ་ནི་མི་རྟག་པའོ་ཞེས་བྱ་བ་དེ་ནི་ཁྱད་པར་གྱི་བྱེ་བྲག་གིས་༎ ཏེ་། 
 ०३०१२ अपेक्षित-पर-व्यापारो हि भावः स्वभाव-निष्पत्तौ कृतक इति।	རང་གི་ངོ་བོ་འགྲུབ་པར་བྱ་བའི་ཕྱིར་གཞན་གྱི་བྱེད་པ་ལ་ལྟོས་པའི་༄༢༣༣བ་ངོ་བོ་ནི་བྱས་པའོ་ཞེས་བྱའོ་༎
 ०३०१३ एवं प्रत्यय-भेदभेदित्व-आदयो अपि द्रष्टव्याः।	བརྩལ་མ་ཐག་ཏུ་བྱུང་བ་དང་། རྐྱེན་གྱི་བྱེ་བྲག་གིས་ཐ་དད་པ་ཅན་ཉིད་ལ་སོགས་པ་ལ་ཡང་དེ་བཞིན་དུ་བལྟ་བར་བྱའོ་༎ 
 ०३०१४ सन्न् उत्पत्तिमान् कृतको वा शब्द इति पक्ष-धर्म-उपदर्शनम्।	ཡོད་པའམ་སྐྱེ་བ་དང་ལྡན་པ་འམ་བྱས་པ་ཞེས་བྱ་བའི་སྒྲ་ནི་ཕྱོགས་ཀྱི་ཆོས་ཉེ་བར་སྟོན་པའོ་༎
 ०३०१५ सर्व एते साधन-धर्मा यथास्वं प्रमाणैः। सिद्ध-साधन-धर्म-मात्र-अनुबन्ध एव साध्य-धर्मो अवगन्तव्याः। ०३०१६ तस्य एव तत्।	སྒྲུབ་པའི་ཆོས་དེ་དག་ཐམས་ཅད་ནི་རང་གི་ངོ་བོ་སྒྲུབ་པ་ཅི་ལྟ་བུ་དག་གིས་སྒྲུབ་པའི་ཆོས་ཙམ་དང་བསྒྲུབ་པར་བྱ་བའི་ཆོས་རྗེས་སུ་འབྲེལ་པར་གྲུབ་པ་ཁོ་ནར་ཁོང་དུ་ཆུད་པར་བྱ་སྟེ་། 
 ०३०१७ स्वभावस्य च हेतुत्वात्।	དངོས་སུ་ན་དེ་ཉིད་དེའི་རང་བཞིན་ཡིན་པའི་ཕྱིར་དང་། རང་བཞིན་ཡང་གཏན་ཚིགས་ཡིན་པའི་ཕྱིར་ཏེ་།
 ०३०१८ वस्तुतस् तयोस् तादात्म्यम्। ०३०१९ तन्-निष्पत्ताव् अनिष्पन्नस्य तत्-स्वभावत्व-अभावात्। ०३०२० व्यभिचार-सम्भवाच् च।	དེ་གྲུབ་ལ་དེ་མ་གྲུབ་ན་ནི་དེའི་རང་བཞིན་ཉིད་མེད་པའི་ཕྱིར་དང་། འཁྲུལ་པ་ཡང་སྲིད་པའི་ཕྱིར་རོ་༎
 ०३०२१ कार्यहेतोः प्रयोगः: यत्र धूमस् तत्र अग्निः,	འབྲས་བུའི་གཏན་ཚིགས་ཀྱི་སྦྱོར་བ་ནི་གང་ན་དུ་བ་ཡོད་པ་དེ་ན་མེ་ཡོད་དེ་།
 यथा महानस-आदौ। अस्ति च इह धूम इति।	དཔེར་ན་ཚང་བང་ལ་སོགས་པ་བཞིན་ཏེ་། འདི་ན་ཡང་དུ་བ་ཡོད་དོ་ཞེས་བྱ་བ་ལྟ་བུའོ་༎
 ०३०२२ इह अपि सिद्ध एव कार्यकारणभावे कारणे साध्ये कार्यहेतुर् वक्तव्यः।	འདིར་ཡང་རྒྱུ་དང་འབྲས་བུའི་དངོས་པོར་གྲུབ་པ་ཁོ་ན་ལ་རྒྱུ་བསྒྲུབ་པར་བྱ་བ་ལ་འབྲས་བུའི་གཏན་ཚིགས་སུ་བརྗོད་པར་བྱའོ་༎
 ०३०२३ वैधर्म्यवतः प्रयोगः: यत् सद् उपलब्धि-लक्षण-प्राप्तं तद् उपलभ्यत एव,	ཆོས་མི་མཐུན་པ་ཉིད་ཅན་གྱི་སྦྱོར་བ་ནི་གང་ཡོད་ལ་དམིགས་པའི་རིག་བྱར་གྱུར་པ་དེ་ནི་དམིགས་པ་ཁོ་ནར་འགྱུར་ཏེ་།
 यथा नील-आदि-विशेषः। न च एवम् इह उपलब्धि-लक्षण-प्राप्तस्य सत उपलब्धिर् घटस्य इत्य् अनुपलब्धि-प्रयोगः।	དཔེར་ན་སྔོན་པོ་ལ་སོགས་པའི་བྱེ་བྲག་ལྟ་བུ་ཡིན་ན་འདི་ན་ནི་དམིགས་པའི་རིག་བྱར་གྱུར་པ་བུམ་པ་དེ་ལྟར་མི་དམིགས་སོ་ཞེས་བྱ་བ་ནི་མི་དམིགས་པའི་སྦྱོར་བའོ་༎
 ०३०२४ असत्य् अनित्यत्वे न अस्त्य् एव सत्त्वम् उत्पत्तिमत्त्वं कृतकत्वं वा। संश् च शब्द उत्पत्तिमान् कृतको वा इति स्वभावहेतोः प्रयोगः।	མི་རྟག་པ་ཉིད་མེད་ན་ཡོད་པའམ་སྐྱེ་བ་དང་ལྡན་པའམ་བྱས་པ་མེད་པ་ཉིད་ཡིན་ན་། སྒྲ་ནི་ཡོད་པའམ་སྐྱེ་བ་དང་ལྡན་པའམ་། བྱས་པའོ་༎
 ०३०२५ असत्य् अग्नौ न भवत्य् एव धूमः। अत्र च अस्ति धूम इति कार्यहेतोः प्रयोगः।	ཞེས་བྱ་བ་ནི་རང་བཞིན་གྱིས་སྦྱོར་བའོ་༎ མེ་མེད་ན་དུ་བ་མི་འབྱུང་བ་ཉིད་ལ་། འདི་ན་ནི་དུ་བ་ཡོད་དོ་ཞེས་བྱ་བ་ནི་འབྲས་བུའི་གཏན་ཚིགས་ཀྱི་སྦྱོར་བའོ་༎
 ०३०२६ साधर्म्येण अपि हि प्रयोगे अर्थाद् वैधर्म्य-गतिर् इति।	དོན་གྱིས་ན་ཆོས་མཐུན་པས་ཀྱང་སྦྱོར་བ་ལ་ཆོས་མི་མཐུན་པ་ཉིད་རྟོགས་ཏེ་།
 ०३०२७ असति तस्मिन् साध्येन हेतोर् अन्वय-अभावात्।	དེ་མེད་ན་ནི་བསྒྲུབ་པར་བྱ་བ་གཏན་ཚིགས་ཀྱི་རྗེས་སུ་འགྲོ་བ་མེད་པའི་ཕྱིར་རོ་༎
 ०३०२८ तथा वैधर्म्येण अप्य् अन्वय-गतिः।	དེ་བཞིན་དུ་ཆོས་མི་མཐུན་པས་ཀྱང་རྗེས་སུ་འགྲོ་བ་རྟོགས་ཏེ་།
 ०३०२९ असति तस्मिन् साध्य-अभावे हेत्व्-अभावस्य असिद्धेः।	དེ་མེད་ན་ནི་བསྒྲུབ་པར་བྱ་བ་མེད་ན་གཏན་ཚིགས་མེད་པར་མི་འགྲུབ་པའི་ཕྱིར་རོ་༎
 ०३०३० न हि स्वभावप्रतिबन्धे असत्य् एकस्य निवृत्तव् अपरस्य नियमेन निवृत्तिः।	རང་བཞིན་འབྲེལ་པ་མེད་ན་ནི་ཅིག་ལོག་པས་གཞན་ངེས་པར་ལྡོག་པ་མ་ཡིན་ནོ་༎
 ०३०३१ स च द्विप्रकारः सर्वस्य। तादात्म्य-लक्षणस् तदुत्पत्ति-लक्षणश् च इत्य् उक्तम्।	དེ་ཡང་ཐམས་ཅད་ཀྱི་རྣམ་པ་གཉིས་ཏེ་། དེའི་བདག་ཉིད་དང་དེ་ལས་བྱུང་བ་ཞེས་སྨོས་པ་༄༢༣༤ཨ་༌་༎ ཡིན་ནོ་༎
 ०३०३२ तेन हि निवृत्तिं कथयता प्रतिबन्धो दर्शनीयः। तस्मात् निवृत्ति-वचनम् आक्षिप्त-प्रतिबन्ध-उपदर्शनम्	དེས་ན་ལྡོག་པ་བརྗོད་པས་འབྲེལ་པ་བསྟན་པར་བྱའོ་༎ དེ་ལྟ་བས་ན་ལྡོག་པའི་ཚིག་གིས་ནི་འབྲེལ་པ་བསྡུས་པ་ཁོ་ན་ཡིན་ལ་།
 एव भवति। यच् च प्रतिबन्ध-उपदर्शनं तद् एव अन्वय-वचनम् इत्य् एकेन अपि	འབྲེལ་པ་བསྟན་པ་གང་ཡིན་པ་དེ་ཡང་རྗེས་སུ་འགྲོ་བ་ཞེས་བྱ་སྟེ་། དེ་ལྟ་བས་ན་རྗེས་སུ་འགྲོ་བའི་སྒོ་ཡང་རུང་ལྡོག་པའི་སྒོ་ཡང་རུང་སྟེ་། ཚིག་གཅིག་བརྗོད་པས་ཀྱང་།
 वाक्येन अन्वय-मुखेन व्यतिरेक-मुखेन वा प्रयुक्तेन सपक्ष-असपक्षयोर् लिङ्गस्य सदसत्त्व-ख्यापनं कृतं भवति इति न अवश्यं वाक्य-द्वय-प्रयोगः।	མཐུན་པའི་ཕྱོགས་དང་མི་མཐུན་པའི་ཕྱོགས་ལ་རྟགས་ཡོད་པ་དང་མེད་པ་བསྟན་པར་འགྱུར་བས་དེ་ལྟར་ན་ཚིག་གཉིས་ཀྱིས་སྦྱོར་བ་བསྟན་པར་ངེས་པ་མེད་དོ་༎ 
 ०३०३३ अनुपलब्धाव् अपि: यत् सद् उपलब्धि-लक्षण-प्राप्तं तद् उपलभ्यत एव इत्य् उक्ते,	མི་དམིགས་པ་ལ་ཡང་གང་ཡོད་ལ་དམིགས་པའི་རིག་བྱར་གྱུར་པ་དེ་ནི་པ་མེད་དོ་༎ ། དམིགས་པ་ཁོ་ནར་འགྱུར་རོ་ཞེས་བསྟན་པར་མི་དམིགས་ན་།
 अनुपलभ्यमानं तादृशम् असद् इति प्रतीतेर् अन्वय-सिद्धेः।	དེ་ལྟ་བུ་མེད་དོ་ཞེས་བྱ་བར་རྟོགས་པའི་ཕྱིར་རྗེས་སུ་འགྲོ་བ་གྲུབ་པོ་༎
 ०३०३४ द्वयोर् अप्य् अनयोः प्रयोगयोर् न अवश्यं पक्ष-निर्देशः।	སྦྱོར་བ་འདི་གཉི་ག་ལ་ཡང་ཕྱོགས་བསྟན་པར་ངེས་པ་མེད་དེ་།
 ०३०३५ यस्मात् साधर्म्यवत्-प्रयोगे अपि यद् उपलब्धि-लक्षण-प्राप्तं सन् न उपलभ्यते सो असद्-व्यवहार-विषयः। न उपलभ्यते च अत्र उपलब्धि-लक्षण-प्राप्तो घट इत्य् उक्ते सामर्थ्याद् एव न इह घट इति भवति।	འདིར་ཆོས་མཐུན་པ་ཉིད་ཅན་གྱི་སྦྱོར་བ་ལ་ཡང་དམིགས་པའི་རིག་བྱར་གྱུར་པ་གང་དམིགས་པ་དེ་ནི་མེད་པའི་ཐ་སྙད་ཀྱི་ཡུལ་ཡིན་ལ་། འདི་ན་ཡང་དམིགས་པའི་རིག་བྱར་གྱུར་པ་བུམ་པ་མི་དམིགས་སོ་ཞེས་བསྟན་པར་ཤུགས་ཀྱིས་འདི་ན་བུམ་པ་མེད་དོ་ཞེས་བྱ་བར་འགྱུར་། རོ་༎ 
 ०३०३६ तथा वैधर्म्यवत्-प्रयोगे अपि: यः सद्-व्यवहार-विषय उपलब्धि-लक्षण-प्राप्तः,	དེ་བཞིན་དུ་ཆོས་མི་མཐུན་པ་ཉིད་ཅན་གྱི་སྦྱོར་བ་ལ་ཡང་ཡོད་པའི་ཐ་སྙད་ཀྱི་ཡུལ་གང་ཡོད་ལ་། དམིགས་པའི་རིག་བྱར་གྱུར་པ་དེ་ནི་དམིགས་པ་ཁོ་ནར་འགྱུར་ན་།
 स उपलभ्यत एव। न तथा अत्र तादृशो घट उपलभ्यत इत्य् उक्ते सामर्थ्याद् एव न इह सद्-व्यवहार-विषय इति भवति।	འདི་ན་དེ་འདྲ་བའི་བུམ་པ་དེ་ནི་མི་དམིགས་སོ་ཞེས་བསྟན་པས་ཤུགས་ཉིད་ཀྱིས་འདིར་ཡོད་པའི་ཐ་སྙད་ཀྱི་ཡུལ་མེད་དོ་ཞེས་བྱ་བར་འགྱུར་རོ་༎ 
 ०३०३७ कीदृशः पुनः पक्ष इति निर्देश्यः।	ཕྱོགས་ཇི་ལྟ་བུ་ཞིག་བསྟན་པར་བྱ་ཞེ་ན་།
 ०३०३८ स्वरूपेण एव स्वयम् इष्टो अनिराकृतः पक्ष इति।	རང་གི་ངོ་བོ་ཁོ་ན་དང་། བདག་ཉིད་དང་། འདོད་པ་དང་། མ་བསྩལ་བར་བསྟན་པར་བྱ་བ་ནི་ཕྱོགས་སོ་ཞེས་བསྟན་པར་བྱ་བ་ཡིན་ཏེ་།
 ०३०३९ स्वरूपेण इति साध्यत्वेन इष्टः।	རང་གི་ངོ་བོ་ཞེས་བྱ་བ་ནི་བསྒྲུབ་པར་བྱ་བ་ཁོ་ནར་འདོད་པའོ་༎
 ०३०४० स्वरूपेण एव इति साध्यत्वेन एव इष्टो न साधनत्वेन अपि। ०३०४१ यथा शब्दस्य अनित्यत्वे साध्ये चाक्षुषत्वं हेतुः,	རང་གི་ངོ་བོ་ཁོ་ན་ཞེས་བྱ་བ་ནི་བསྒྲུབ་པར་བྱ་བ་ཁོ་ན་འདོད་པ་ཡིན་གྱི་སྒྲུབ་པ་ཉིད་ཡིན་ཡང་རུང་བ་མ་ཡིན་ཏེ་། དཔེར་ན་སྒྲ་མི་རྟག་པ་ཉིད་དུ་བསྒྲུབ་པར་བྱ་བ་ལ་གཏན་ཚིགས་མིག་གིས་གཟུང་བ་ཉིད་ནི་སྒྲ་ལ་མ་གྲུབ་པའི་ཕྱིར་བསྒྲུབ་པར་བྱ་བ་ཡིན་ན་།
 शब्दे असिद्धत्वात् साध्यम्। न पुनस् तद् इह साध्यत्वेन एव इष्टम्, साधनत्वेन अभिधानात्।	དེ་འདིར་ནི་སྒྲུབ་པ་ཁོ་ནར་བརྗོད་པའི་ཕྱིར་བསྒྲུབ་པར་བྱ་བ་ཉིད་ཁོ་ནར་ནི་མི་འདོད་དོ་༎ 
 ०३०४२ स्वयम् इति वादिना। ०३०४३ यस् तदा साधनम् आह।	བདག་ཉིད་ཅེས་བྱ་བ་ནི་དེའི་ཚེ་རྒོལ་བས་བསྒྲུབ་པ་སྨྲས་པ་གང་ཡིན་པའོ་༎
 ०३०४४ एतेन यद्य् अपि क्वचिच् शास्त्रे स्थितः साधनम् आह:	༄༢༣༤བ་དེས་ན་གལ་ཏེ་བསྟན་བཅོས་འགའ་ཞིག་ལ་བརྟེན་ཏེ་སྒྲུབ་པ་སྨྲས་ན་ཡང་།
 तच् शास्त्रकारेण तस्मिन् धर्मिण्य् अनेक-धर्म-अभ्युपगमे अपि यस् तदा तेन वादिना धर्मः स्वयं साधयितुम् इष्टः, स एव साध्यो न इतर इत्य् उक्तं भवति।	བསྟན་བཅོས་དེ་བྱེད་པས་ཆོས་ཅན་དེ་ལ་ཆོས་མང་ཞིག་ཁས་ལེན་དུ་ཟིན་ཀྱང་དེའི་ཚེ་རྒོལ་བ་དེས་ཆོས་གང་སྒྲུབ་པར་འདོད་པ་དེ་ཉིད་བསྒྲུབ་པར་བྱ་བ་ཡིན་གྱི་། ཅིག་ཤོས་ན་མ་ཡིན་ནོ་ཞེས་བསྟན་པར་འགྱུར་རོ་༎
 ०३०४५ इष्ट इति यत्र अर्थे विवादेन साधनम् उपन्यस्तं तस्य सिद्धिम् इच्छता सो अनुक्तो अपि वचनेन साध्यः।	འདོད་པ་ཞེས་བྱ་བ་དོན་གང་ལ་རྩོད་པས་སྒྲུབ་པ་བཀོད་པ་དེ་སྒྲུབ་པར་འདོད་པའོ་༎ དེ་ནི་ཚིག་ཏུ་མ་སྨྲས་ཀྱང་བསྒྲུབ་པར་བྱ་བ་ཡིན་ཏེ་།
 ०३०४६ तद् अधिकरणत्वाद् विवादस्य।	དེ་ནི་རྩོད་པའི་གཞི་ཡིན་པའི་ཕྱིར་རོ་༎
 ०३०४७ यथा परार्थश् चक्षुर्-आदयः संघातत्वाच् शयन-आसन-आद्य्-अङ्ग-वद् इति। अत्र	དཔེར་ན་འདུས་པ་ཡིན་པའི་ཕྱིར་། མིག་ལ་སོགས་པ་ནི་གཞན་གྱི་དོན་བྱེད་དེ་། མལ་ཆ་དང་སྟན་ལ་སོགས་པའི་ཡན་ལག་བཞིན་ནོ་ཞེས་བྱ་བ་ལྟ་བུའོ་༎
 आत्म-अर्था इत्य् अनुक्ताव् अप्य् आत्म-अर्थता साध्या। तेन न उक्त-मात्रम् एव साध्यम् इत्य् उक्तं भवति।	འདིར་བདག་གི་དོན་ཞེས་མ་བརྗོད་ཀྱང་བདག་གི་དོན་ཉིད་དུ་བསྒྲུབ་པར་བྱ་བ་ཡིན་ཏེ་།
 ०३०४८ अनिराकृत इति, एतल्-लक्षण-योगे अपि यः साधयितुम् इष्टो अप्य् अर्थः प्रत्यक्ष-अनुमान-प्रतीति-स्व-वचनैर् निराक्रियते, न स पक्ष इति प्रदर्शन-अर्थम्।	དེས་ན་སྨྲས་པ་ཙམ་ཁོ་ན་ནི་བསྒྲུབ་པར་བྱ་བ་མ་ཡིན་ནོ་ཞེས་བསྟན་པར་འགྱུར་རོ་༎ མ་བསལ་བ་ཞེས་བྱ་བ་ནི་མཚན་ཉིད་དེ་དག་དང་ལྡན་དུ་ཟིན་ཀྱང་སྒྲུབ་པར་འདོད་པའི་དོན་གང་ཞིག་ལ་མངོན་སུམ་དང་། རྗེས་སུ་དཔག་པ་དང་། གྲགས་པ་དང་། རང་གི་ཚིག་རྣམས་ཀྱིས་བསལ་བ་གང་ཡིན་པ་དེ་ནི་ཕྱོགས་མ་ཡིན་ནོ་ཞེས་བསྟན་པའི་ཕྱིར་ཏེ་། 
 ०३०४९ तत्र प्रत्यक्ष-निराकृतो यथा,	དེ་ལ་མངོན་སུམ་གྱིས་བསལ་བ་ནི་།
 अश्रावणः शब्द इति।	དཔེར་ན་སྒྲ་ནི་མཉན་དུ་མི་རུང་ངོ་ཞེས་བྱ་བ་ལྟ་བུའོ་༎
 ०३०५० अनुमान-निराकृतो यथा, नित्यः शब्द इति।	རྗེས་སུ་དཔག་པས་བསལ་བ་ནི་དཔེར་ན་བུམ་པ་ནི་རྟག་པའོ་ཞེས་བྱ་བ་ལྟ་བུའོ་༎
 ०३०५१ प्रतीति-निराकृतो यथा,	གྲགས་པས་བསལ་བ་ནི་།
 अचन्द्रः शशी इति।	དཔེར་ན་རི་བོང་ཅན་ནི་ཟླ་བ་མ་ཡིན་ནོ་ཞེས་བྱ་བ་ལྟ་བུའོ་༎
 ०३०५२ स्व-वचन-निराकृतो यथा,	རང་གི་ཚིག་གིས་བསལ་བ་ནི་།
 न अनुमानं प्रमाणम्।	དཔེར་ན་རྗེས་སུ་དཔག་པ་ནི་ཚད་མ་མ་ཡིན་ནོ་ཞེས་བྱ་བ་ལྟ་བུ་སྟེ་།
 ०३०५३ इति चत्वारः पक्षाभासा निराकृता भवन्ति।	ཕྱོགས་ལྟར་སྣང་བ་བཞི་བསལ་བ་ཡིན་ནོ་༎
 ०३०५४ एवं सिद्धस्य, असिद्धस्य अपि साधनत्वेन अभिमतस्य, स्वयं वादिना तदा साधयितुम् अनिष्टस्य,	དེ་ལྟར་ན་གྲུབ་པ་དང་མ་གྲུབ་ཀྱང་སྒྲུབ་པ་ཉིད་དུ་འདོད་པ་དང་། དེའི་ཚེ་རྒོལ་བ་བདག་ཉིད་ཀྱིས་སྒྲུབ་པར་མི་འདོད་པ་དང་། སྨྲས་པ་ཙམ་དང་བསལ་བ་ལས་བཟློག་པ་ནི་བསྒྲུབ་པར་བྱ་བ་ཡིན་ནོ་༎
 उक्त-मात्रस्य च विपर्ययेण साध्यः। तेन एव स्वरूपेण अभिमतो वादिन इष्टो अनिराकृतः पक्ष इति पक्ष-लक्षणम् अनवद्यं दर्शितं भवति।	དེ་ཉིད་ཀྱི་ངོ་བོ་དང་། རྒོལ་བའི་འདོད་པ་དང་། མ་བསལ་བ་ནི་ཕྱོགས་ཡིན་ཏེ་། དེ་ལྟར་ན་ཕྱོགས་ཀྱི་མཚན་ཉིད་ཁ་ན་མ་ཐོ་བ་མེད་པར་བསྟན་པ་ཡིན་ནོ་༎
 ०३०५५ त्रिरूपलिङ्ग-आख्यानं परार्थ-अनुमानम् इत्य् उक्तम्। तत्र त्रयाणां रूपाणाम् एकस्य अपि रूपस्य अनुक्तौ साधनाभासः।	གཞན་གྱི་དོན་གྱི་རྗེས་སུ་དཔག་པ་ནི་ཚུལ་གསུམ་པའི་རྟགས་བརྗོད་པ་སྟེ་ཞེས་སྨྲས་པ་དེ་ལས་། ཚུལ་གསུམ་ལས་གཅིག་མ་སྨྲས་ན་ཡང་སྒྲུབ་པ་ལྟར་སྣང་བ་ཡིན་ནོ་༎ སྨྲས་ཀྱང་གོ་བར་བྱ་བ་༄༢༣༥ཨ་༌་༎
 ०३०५६ उक्ताव् अप्य् असिद्धौ सन्देहे वा प्रतिपाद्य-प्रतिपादकयोः।	དང་གོ་བར་བྱེད་པ་གཉིས་ལས་མ་གྲུབ་པའམ་།
 ०३०५७ एकस्य रूपस्य धर्मि-सम्बन्धस्य असिद्धौ सन्देहे वा असिद्धो हेत्वाभासाः।	ཐེ་ཚོམ་ཟ་ན་ཡང་ངོ་༎ ཆོས་ཅན་དང་འབྲེལ་པའི་ཚུལ་གཅིག་མ་གྲུབ་པའམ་། ཐེ་ཚོམ་ཟ་ན་མ་གྲུབ་པའི་གཏན་ཚིགས་ལྟར་སྣང་བ་ཡིན་ཏེ་།
 ०३०५८ यथा, अनित्यः शब्द इति साध्ये चाक्षुषत्वम् उभय-असिद्धम्।	དཔེར་ན་སྒྲ་མི་རྟག་པའོ་ཞེས་སྒྲུབ་པ་ལ་། མིག་གིས་གཟུང་བ་ཉིད་ནི་གཉི་ག་ལ་མ་གྲུབ་པ་ལྟ་བུའོ་༎ ཤིང་རྣམས་ལ་སེམས་ཡོད་པར་སྒྲུབ་པ་ལ་།
 ०३०५९ चेतनास् तरव इति साध्ये सर्व-त्वग्-अपहरणे मरणं प्रतिवाद्य्-असिद्धम्,	ཤུན་པ་ཐམས་ཅད་བཤུས་ནས་འཆི་བ་ནི་ཕྱིར་རྒོལ་བ་ལ་མ་གྲུབ་སྟེ་།
 विज्ञान-इन्द्रिय-आयुर् निरोध-लक्षणस्य मरणस्य अनेन अभ्युपगमात्,	དེ་ནི་རྣམ་པར་ཤེས་པ་དང་། དབང་པོ་དང་། ཚེ་འགགས་པའི་མཚན་ཉིད་ལ་འཆི་བ་ཡིན་པར་ཁས་ལེན་པའི་ཕྱིར་རོ་༎
 तस्य च तरुष्व् असम्भवात्।	དེ་ཡང་ཤིང་དག་ལ་མི་སྲིད་པའི་ཕྱིར་རོ་༎
 ०३०६० अचेतनाः सुख-आदय इति साध्ये उत्पत्तिमत्वं वा सांख्यस्य स्वयं वादिनो असिद्धम्।	བདེ་བ་ལ་སོགས་པ་སེམས་པ་མེད་པར་སྒྲུབ་པ་ལ་སྐྱེ་བ་ཅན་ནམ་། མི་རྟག་པ་ཉིད་ནི་གྲངས་ཅན་རྒོལ་བ་བདག་ཉིད་ལ་མ་གྲུབ་པའོ་༎
 ०३०६१ तथा स्वयं तद्-आश्रयणस्य वा सन्देहे असिद्धः।	དེ་བཞིན་དུ་བདག་ཉིད་དང་དེའི་གཞི་ལ་ཐེ་ཚོམ་ཟ་ན་ཡང་མ་གྲུབ་པ་ཡིན་ཏེ་།
 ०३०६२ यथा बाष्प-आदि-भावेन सन्दिह्यमानो भूत-संघातो अग्नि-सिद्धाव् उपदिश्यमानः सन्दिग्ध-असिद्धः। ०३०६३ यथा इह निकुञ्जे मयूरः केकायिताद् इति। ०३०६४ तद्-आपात-देश-विभ्रमे।	དཔེར་ན་མེ་བསྒྲུབ་པར་བྱ་བ་ལ་རླངས་པ་ལ་སོགས་པའི་དངོས་པོར་ཐེ་ཚོམ་ཟ་བའི་འབྱུང་བ་འདུས་པ་ལྟ་བུ་དང་། དཔེར་ན་རྨ་བྱའི་སྒྲ་གྲག་པའི་ཕྱིར་རི་སུལ་འདི་ན་རྨ་བྱ་ཡོད་དོ་ཞེས་བྱ་བ་ལ་། དེ་གྲག་པའི་ཡུལ་མི་རྟོགས་པ་ལྟ་བུའོ་༎
 ०३०६५ धर्म्य्-असिद्धाव् अप्य् असिद्धः,	ཆོས་ཅན་མ་གྲུབ་ན་ཡང་མ་གྲུབ་པ་ཡིན་ཏེ་།
 यथा सर्वगत आत्मा इति साध्ये सर्वत्र उपलम्भमान-गुणत्वम्।	དཔེར་ན་བདག་ཐམས་ཅད་ན་གནས་པར་སྒྲུབ་པ་ལ་ཐམས་ཅད་ན་དམིགས་པའི་ཡོན་ཏན་ཉིད་ལྟ་བུའོ་༎ 
 ०३०६६ तथा एकस्य रूपस्य असपक्षे असत्त्वस्य असिद्धाव् अनैकान्तिको हेत्वाभासः।	དེ་བཞིན་དུ་མི་མཐུན་པའི་ཕྱོགས་ལ་མེད་པའི་ཚུལ་གཅིག་མ་གྲུབ་ན་ཡང་མ་ངེས་པའི་གཏན་ཚིགས་ལྟར་སྣང་བ་ཡིན་ཏེ་།
 ०३०६७ यथा शब्दस्य अनित्यत्व-आदिके धर्मे साध्ये प्रमेयत्व-आदिको धर्मः सपक्ष-विपक्षयोः सर्वत्र एकदेशे वा वर्तमानः।	དཔེར་ན་སྒྲ་རྟག་པ་ཉིད་ལ་སོགས་པའི་ཆོས་སུ་སྒྲུབ་པ་ལ་། གཞལ་བྱ་ཉིད་ལ་སོགས་པའི་ཆོས་ནི་མཐུན་པའི་ཕྱོགས་དང་མི་མཐུན་པའི་ཕྱོགས་ཐམས་ཅད་ལའམ་། ཕྱོགས་གཅིག་ལ་ཡོད་པ་ལྟ་བུའོ་༎
 ०३०६८ तथा, अस्य एव रूपस्य सन्देहे अप्य् अनैकान्तिक एव।	དེ་བཞིན་དུ་ཚུལ་དེ་ཉིད་ལ་ཐེ་ཚོམ་ཟ་ན་ཡང་མ་ངེས་པ་ཁོ་ན་སྟེ་།
 ०३०६९ यथा असर्वज्ञः कश्चिद् विवक्षितः पुरुषो राग-आदिमान् वा साध्ये वक्तृत्व-आदिको धर्मः सन्दिग्ध-विपक्ष-व्यावृत्तिकः।	དཔེར་ན་བརྗོད་པར་འདོད་པའི་མི་ལ་ལ་ཞིག་ཐམས་ཅད་མཁྱེན་པ་མ་ཡིན་པའམ་། འདོད་ཆགས་ལ་སོགས་པ་དང་ལྡན་པ་སྒྲུབ་པ་ལ་སྨྲ་བ་ལ་སོགས་པའི་ཆོས་ལྟ་བུ་སྟེ་། མི་མཐུན་པའི་ཕྱོགས་ལས་ལྡོག་པ་ལ་ཐེ་ཚོམ་ཟ་བ་ཡིན་ནོ་༎
 ०३०७० सर्वज्ञो वक्ता न उपलभ्यते इत्य् एवंप्रकारस्य अनुपलम्भस्य अदृश्य-आत्म-विषयत्वेन सन्देह-हेतुत्वात्। ततो असर्वज्ञ-विपर्ययाद् वक्तृत्व-आदेर् व्यावृत्तिः सन्दिग्धा।	ཐམས་ཅད་མཁྱེན་པ་ལ་སྨྲ་བ་མ་དམིགས་སོ་ཞེས་བྱ་བའི་མི་དམིགས་པའི་རྣམ་པ་དེ་ལྟ་བུ་ནི་ཡུལ་ལྟར་མི་སྣང་བ་ཉིད་ཀྱིས་ཐེ་ཚོམ་གྱི་རྒྱུ་ཡིན་༄༢༣༥བ་པའི་ཕྱིར་རོ་༎ དེ་བས་ན་ཐམས་ཅད་མཁྱེན་པ་མ་ཡིན་པ་ལས་ལྡོག་པ་ལ་སྨྲ་བ་ལ་སོགས་པ་ལྡོག་པ་ནི་ཐེ་ཚོམ་དུ་འགྱུར་བ་ཡིན་ཏེ་།
 ०३०७१ वक्तृत्व-सर्वज्ञत्वयोर् विरोध-अभावाच् च यः सर्वज्ञः स वक्ता न भवति इत्य् अदर्शने अपि व्यतिरेको न सिध्यति सन्देहात्।	སྨྲ་བ་ཉིད་དང་། ཐམས་ཅད་མཁྱེན་པ་ཉིད་གཉིས་ལ་འགལ་བ་མེད་པའི་ཕྱིར་རོ་༎ མ་མཐོང་དུ་ཟིན་ཀྱང་ཐམས་ཅད་མཁྱེན་པ་གང་ཡིན་པ་དེ་སྨྲ་བ་མ་ཡིན་ནོ་ཞེས་བྱ་བའི་ལྡོག་པ་ནི་མི་འགྲུབ་སྟེ་། ཐེ་ཚོམ་ཟ་བའི་ཕྱིར་རོ་༎
 ०३०७२ द्विविधो हि पदार्थानां विरोधः।	དངོས་པོ་རྣམས་ཀྱི་འགལ་བ་ནི་རྣམ་པ་གཉིས་ཏེ་།
 ०३०७३ अविकल-कारणस्य भवतो अन्यभावे अभावाद् विरोध-गतिः।	རྒྱུ་མ་ཚང་བ་མེད་པར་འབྱུང་བ་ལ་གཞན་ཡོད་ན་མེད་པའི་ཕྱིར་འགལ་བ་སྟེ་།
 ०३०७४ शीत-उष्ण-स्पर्श-वत्।	གྲང་བ་དང་ཚ་བའི་རེག་པ་ལྟ་བུའོ་༎
 ०३०७५ परस्पर-परिहार-स्थित-लक्षणतया वा भाव-अभाव-वत्।	གཅིག་གིས་གཅིག་སྤངས་ཏེ་གནས་པའི་མཚན་ཉིད་ཁོ་ན་སྟེ་ཡོད་པ་དང་མེད་པ་ལྟ་བུའོ་༎
 ०३०७६ स च द्विविधो अपि विरोधो वक्तृत्व-सर्वज्ञत्वयोर् न सम्भवति। ०३०७७ न च अविरुद्ध-विधेर् अनुपलब्धाव् अप्य् अभाव-गतिः।	འགལ་བ་རྣམ་པ་དེ་གཉི་ག་ཡང་སྨྲ་བ་ཉིད་དང་ཐམས་ཅད་མཁྱེན་པ་ཉིད་ལ་མི་སྲིད་པའི་ཕྱིར་མི་འགལ་བ་ཡོད་པའི་ཕྱིར་དམིགས་ཀྱང་མེད་པར་རྟོགས་པ་མ་ཡིན་ནོ་༎
 ०३०७८ राग-आदीनां वचन-आदेश् च कार्यकारणभाव-असिद्धेः।	འདོད་ཆགས་ལ་སོགས་པ་དང་ཚིགས་ལ་སོགས་པ་ཡང་རྒྱུ་དང་འབྲས་བུའི་དངོས་པོར་མ་གྲུབ་པའི་ཕྱིར་། 
 ०३०७९ अर्थान्तरस्य च अकारणस्य निवृत्तौ न वचन-आदेर् निवृत्तिः।	དོན་གཞན་རྒྱུ་མ་ཡིན་པ་ལོག་པས་ཚིག་ལ་སོགས་པ་ལྡོག་པ་ནི་མ་ཡིན་ཏེ་ཕྱིར་། 
 ०३०८० इति सन्दिग्ध-व्यतिरेको अनैकान्तिको वचन-आदिः।	། དེ་ལྟར་ཚིག་ལ་སོགས་པ་ལྡོག་པ་ལ་ཐེ་ཚོམ་ཟ་བ་དང་ལྡན་པའི་མ་ངེས་པ་ཡིན་ནོ་༎
 ०३०८१ द्वयो रूपयोर् विपर्यय-सिद्धौ विरुद्धः।	ཚུལ་གཉིས་ཀྱི་ཕྱིན་ཅི་ལོག་ཏུ་གྲུབ་པ་ནི་འགལ་བ་ཡིན་ནོ་༎
 ०३०८२ कयोर् द्वयोः।	གཉིས་པོ་གང་ཞེ་ན་།
 ०३०८३ सपक्षे सत्त्वस्य,	མཐུན་པའི་ཕྱོགས་ལ་ཡོད་པ་དང་། མི་མཐུན་པའི་ཕྱོགས་ལ་མེད་པའོ་༎
 असपक्षे च असत्त्वस्य, यथा कृतकत्वं प्रयत्नानन्तरीयकत्वं च नित्यत्वे साध्ये विरुद्धो हेत्वाभासः।	བྱས་པ་ཉིད་དང་བརྩལ་མ་ཐག་ཏུ་འབྱུང་བ་ཉིད་ནི་རྟག་པ་ཉིད་སྒྲུབ་པ་ལ་འགལ་བའི་གཏན་ཚིགས་ལྟར་སྣང་བ་ཡིན་ཏེ་།
 ०३०८४ अनयोः सपक्षे असत्त्वम्, असपक्षे च सत्त्वम् इति विपर्यय-सिद्धिः।	འདི་གཉིས་ཀྱི་མཐུན་པའི་ཕྱོགས་ལ་མེད་པ་དང་། མི་མཐུན་པའི་ཕྱོགས་ལ་ཡོད་པས་ཕྱིན་ཅི་ལོག་ཏུ་གྲུབ་པ་ཡིན་ལ་།
 ०३०८५ एतौ च साध्य-विपर्यय-साधनाद् विरुद्धौ।	དེ་གཉིས་ནི་བསྒྲུབ་པར་བྱ་བ་ཕྱིན་ཅི་ལོག་ཏུ་སྒྲུབ་པའི་ཕྱིར་འགལ་བ་དག་ཡིན་ནོ་༎
 ०३०८६ ननु च तृतीयो अपि इष्ट-विघात-कृद् विरुद्धः।	འདོད་པ་ལ་གནོད་པ་བྱེད་པའི་ཕྱིར་འགལ་བ་གསུམ་པ་ཡང་བ་མ་ཡིན་ནམ་།
 ०३०८७ यथा परार्थाश् चक्षुर्-आदयः संघातत्वाच् शयन-आसन-आद्य्-अङ्ग-वद् इति।	དཔེར་ན་འདུས་པ་ཡིན་པའི་ཕྱིར་མིག་ལ་སོགས་པ་ནི་གཞན་གྱི་དོན་བྱེད་པ་ཉིད་དེ་མལ་ཆ་དང་སྟན་ལ་སོགས་པའི་ཡན་ལག་བཞིན་ནོ་ཞེས་པ་ལྟ་བུའོ་༎
 ०३०८८ तद् इष्ट-संहत-पारार्थ्य-विपर्यय-साधनाद् विरुद्धः।	དེ་ནི་འདུས་པ་མ་ཡིན་པ་གཞན་གྱི་དོན་བྱེད་པར་འདོད་དེ་། ཕྱིན་ཅི་ལོག་ཏུ་སྒྲུབ་པའི་ཕྱིར་འགལ་བའོ་༎
 ०३०८९ स इह कस्मान् न उक्तः।	དེ་ཅིའི་ཕྱིར་མ་སྨྲས་ཤེ་ན་།
 ०३०९० अनयोर् अन्तर्भावात्।	འདི་གཉིས་ཁོ་ནའི་ནང་དུ་འདུས་པའི་ཕྱིར་།
 ०३०९१ न ह्य् अयम् आभ्यां साध्य-विपर्यय-साधनत्वेन भिद्यते।	དེ་ནི་བསྒྲུབ་པར་བྱ་བ་ལོག་པར་༄༢༣༦ཨ་༌་༎ བསྒྲུབས་པས་འདི་གཉིས་དང་ཐ་དད་པ་མ་ཡིན་ནོ་༎
 ०३०९२ न हि इष्ट-उक्तयोः साध्यत्वेन कश्चिद् विशेष इति। ०३०९३ द्वयो रूपयोर् एकस्य असिद्धाव् अपरस्य च सन्देहे अनैकान्तिकः।	འདོད་པ་དང་སྨྲས་པ་གཉིས་ལ་བསྒྲུབ་པར་བྱ་བ་ཉིད་དུ་ནི་བྱེ་བྲག་ཅི་ཡང་མེད་དོ་༎ ཚུལ་གཉིས་ལས་གཅིག་ནི་མ་གྲུབ་ལ་། ཅིག་ཤོས་ལ་ནི་ཐེ་ཚོམ་ཟ་བ་ཡང་མ་ངེས་པ་ཡིན་ཏེ་།
 ०३०९४ यथा वीत-रागः कश्चित् सर्वज्ञो वा,	དཔེར་ན་སྨྲ་བའི་ཕྱིར་འདོད་ཆགས་དང་བྲལ་བའམ་། ཐམས་ཅད་མཁྱེན་པ་ཡིན་ནོ་ཞེས་བྱ་བ་ལྟ་བུ་སྟེ་།
 वक्तृत्वाद् इति। व्यतिरेको अत्र असिद्धः,	འདི་ལ་ལྡོག་པ་ནི་མ་གྲུབ་ལ་།
 सन्दिग्धो अन्वयः।	རྗེས་སུ་འགྲོ་བ་ལ་ནི་ཐེ་ཚོམ་ཟ་བ་ཡིན་ཏེ་། ཐམས་ཅད་མཁྱེན་པ་དང་འདོད་ཆགས་དང་བྲལ་བ་ནི་བསྐལ་པ་ཡིན་པའི་ཕྱིར་།
 ०३०९५ सर्वज्ञ-वीत-रागयोर् विप्रकर्षाद् वचन-आदेस् तत्र सत्त्वम् असत्त्वं वा सन्दिग्धम्।	དེ་ལ་ཚིག་ལ་སོགས་པ་ཡོད་དམ་མེད་པར་ཐེ་ཚོམ་ཟ་བའི་ཕྱིར་རོ་༎
 ०३०९६ अनयोर् एव द्वयो रूपयोः सन्देहे अनैकान्तिकः।	ཚུལ་དེ་ཉིད་ལ་ཐེ་ཚོམ་ཟ་ན་མ་ངེས་པ་ཡིན་ཏེ་།
 ०३०९७ यथा सात्मकं जीवच्छरीरं प्राण-आदिमत्त्वाद् इति।	དཔེར་ན་སྲོག་ལ་སོགས་པ་དང་ལྡན་པའི་ཕྱིར་། གསོན་པོའི་ལུས་ནི་བདག་དང་བཅས་པ་ཡིན་ནོ་ཞེས་བྱ་བ་ལྟ་བུ་སྟེ་།
 ०३०९८ न हि सात्मक-निरात्मकाभ्याम् अन्यो राशिर् अस्ति यत्र अयं प्राण-आदिर् वर्तते।	བདག་དང་བཅས་པ་དང་བདག་མེད་པ་ལས་གང་ལ་སྲོག་ལ་སོགས་པ་གནས་པར་འགྱུར་བའི་ཕུང་པོ་གཞན་ནི་མེད་དེ་།
 ०३०९९ आत्मनो वृत्ति-व्यवच्छेदाभ्यां सर्व-संग्रहाद्।	བདག་གནས་པ་དང་རྣམ་པར་གཅོད་པ་དག་གིས་ཐམས་ཅད་བསྡུས་པའི་ཕྱིར་རོ་༎
 ०३१०० न अप्य् अनयोर् एकत्र वृत्ति-निश्चयः।	འདི་གཉིས་ལས་གཅིག་ལ་གནས་པར་ཡང་ངེས་པ་མེད་དེ་།
 ०३१०१ सात्मकत्वेन अनात्मकत्वेन वा प्रसिद्धे प्राण-आदेर् असिद्धेः।	བདག་དང་བཅས་པའམ་བདག་མེད་པར་སྒྲུབ་པ་ལ་སྲོག་ལ་སོགས་པ་མ་གྲུབ་པའི་ཕྱིར་རོ་༎
 ०३१०२ तस्माज् जीवच्छरीर-सम्बन्धी प्राण-आदिः सात्मकाद् अनात्मकाच् च सर्वस्माद् व्यावृत्तत्वेन असिद्धेस् ताभ्यां न व्यतिरिच्यते।	དེ་བས་ན་གསོན་པོའི་ལུས་དང་འབྲེལ་བ་ཅན་གྱི་སྲོག་ལ་སོགས་པ་ནི་བདག་དང་བཅས་པ་དང་བདག་མེད་པ་ཐམས་ཅད་ལས་ལྡོག་པ་ཉིད་དུ་མ་གྲུབ་པའི་ཕྱིར་དེ་གཉིས་དང་མ་བྲལ་བའོ་༎ 
 ०३१०३ न तत्र अन्वेति। ०३१०४ एकात्मन्य् अप्य् असिद्धेः।	བདག་གཅིག་ལ་ཡང་མ་གྲུབ་པའི་ཕྱིར་དེ་ལ་རྗེས་སུ་འགྲོ་བ་མེད་དོ་༎
 ०३१०५ न अपि सात्मकाद् अनात्मकाच् च तस्य अन्वय-व्यतिरेकयोर् अभाव-निश्चयः। ०३१०६ एक-अभाव-निश्चयस्य अपर-भाव-निश्चय-नान्तरीयकत्वात्।	བདག་དང་བཅས་པ་དང་བདག་མེད་པ་དེའི་རྗེས་སུ་འགྲོ་བ་དང་། ལྡོག་པ་གཉིས་མེད་པར་ངེས་པ་མེད་དེ་།
 ०३१०७ अन्वय-व्यतिरेकयोर् अन्योन्य-व्यवच्छेद-रूपत्वात्। तत एव अन्वय-व्यतिरेकयोः सन्देहाद् अनैकान्तिकाः।	རྗེས་སུ་འགྲོ་བ་དང་ལྡོག་པ་གཉིས་ནི་ཕན་ཚུན་གཅོད་པའི་ངོ་བོ་ཁོ་ན་ཡིན་པའི་ཕྱིར་རོ་༎ གཅིག་མེད་པར་ངེས་པ་ནི་ཅིག་ཤོས་ཡོད་པར་གདོན་མི་ཟ་བའི་ཕྱིར་རོ་༎ དེ་ཉིད་ཀྱི་ཕྱིར་རྗེས་སུ་འགྲོ་བ་དང་ལྡོག་པ་གཉིས་ལ་ཐེ་ཚོམ་ཟ་བའི་མ་ངེས་པ་ཡིན་ཏེ་། 
 ०३१०८ साध्य-इतरयोर् अतो निश्चय-अभावात्।	བསྒྲུབ་པར་བྱ་བ་དང་ཅིག་ཤོས་ལ་ངེས་པ་མེད་པའི་ཕྱིར་རོ་༎
 ०३१०९ एवम् एषां त्रयाणां रूपाणाम् एकैकस्य द्वयोर् द्वयोर् वा रूपयोर् असिद्धौ सन्देहे वा यथायोगम् असिद्ध-विरुद्ध-अनैकान्तिकास् त्रयो हेत्वाभासाः।	དེ་ལྟར་ན་ཚུལ་གསུམ་པོ་དེ་དག་ལས་ཚུལ་རེ་རེ་ཡང་གཉིས་གཉིས་ལ་མ་གྲུབ་པའམ་། ཐེ་ཚོམ་ཟ་བ་ཡིན་ཏེ་། ཅི་རིགས་པར་གཏན་ཚིགས་ལྟར་སྣང་བ་གསུམ་པོ་མ་༄༢༣༦བ་གྲུབ་པ་དང་འགལ་བ་དང་། མ་ངེས་པ་དག་ཡིན་ནོ་༎
 ०३११० विरुद्धाव्यभिचार्य् अपि संशय-हेतुर् उक्तः। स इह कस्मान् न उक्तः।	འགལ་བ་མི་འཁྲུལ་པ་ཅན་ཡང་ཐེ་ཚོམ་གྱི་རྒྱུར་བཤད་ན་། དེ་འདིར་མ་སྨོས་ཏེ་།
 ०३१११ अनुमान-विषये असम्भवात्।	རྗེས་སུ་དཔག་པའི་ཡུལ་ལ་མི་སྲིད་པའི་ཕྱིར་རོ་༎
 ०३११२ न हि सम्भवो अस्ति कार्य-स्वभावयोर् उक्त-लक्षणयोर् अनुपलम्भस्य च विरुद्धतायाः।	འབྲས་བུའམ་རང་བཞིན་ནམ་མི་དམིགས་པའི་མཚན་ཉིད་སྨོས་པ་ལ་འགལ་བ་མི་འཁྲུལ་པ་ཅན་མི་སྲིད་ལ་། 
 ०३११३ न च अन्यो अव्यभिचारी।	མི་འཁྲུལ་པ་ཅན་གཞན་ནི་མེད་དོ་༎
 ०३११४ तस्माद् अवस्तु-दर्शन-बल-प्रवृत्तम् आगम-आश्रयम् अनुमानम् आश्रित्य तद्-अर्थ-विचारेषु विरुद्धाव्यभिचारी साधन-दोष उक्तः।	དེ་ལྟ་བས་ན་དངོས་པོ་མ་མཐོང་པའི་སྟོབས་ཀྱིས་ཞུགས་པ་ཡིན་པས་ན་ལུང་ལ་བརྟེན་པའི་རྗེས་སུ་དཔག་པ་ལ་བརྟེན་ཏེ་། དེའི་དོན་དཔྱད་པ་དག་ལ་འགལ་བ་མི་འཁྲུལ་པ་ཅན་ནི་སྒྲུབ་པའི་སྐྱོན་དུ་བཤད་དོ་༎
 ०३११५ शास्त्रकाराणाम् अर्थेषु भ्रान्त्या विपरीत-स्वभाव-उपसंहार-सम्भवात्।	བསྟན་བཅོས་བྱེད་པ་རྣམས་ནི་དོན་རྣམས་ལ་འཁྲུལ་པས་རང་བཞིན་ལོག་པར་སྟོན་པ་སྲིད་པའི་ཕྱིར་རོ་༎ 
 ०३११६ न ह्य् अस्य सम्भवो यथावस्थित-वस्तु-स्थितिष्व् आत्म-कार्य-अनुपलम्भेषु।	དངོས་པོ་ཅི་ལྟ་བ་བཞིན་དུ་གནས་པར་འདུག་པ་བདག་དང་འབྲས་བུ་དང་མི་དམིགས་པ་དག་ལ་མི་སྲིད་པའི་ཕྱིར་རོ་༎
 ०३११७ तत्र उदाहरणम्: यत् सर्व-देश-अवस्थितैः स्व-सम्बन्धिभिर् युगपद् अभिसम्बध्यते तत् सर्वगतम्,	འདིར་དཔེ་ནི་གང་ཞིག་ཡུལ་ཐམས་ཅད་ན་གནས་པ་རང་དང་འབྲེལ་བ་ཅན་དག་དང་། གཅིག་པུར་མངོན་པར་འབྲེལ་བ་དེ་ནི་ཐམས་ཅད་ལ་གནས་པ་ཡིན་ཏེ་། དཔེར་ན་ནམ་མཁའ་ལ་སོགས་པ་བཞིན་ནོ་༎
 यथा आकाशम्। अभिसम्बध्यते च सर्व-देश-अवस्थितैः स्व-सम्बन्धिभिर् युगपत् सामान्यम् इति। ०३११८ तत्-सम्बन्धि-स्वभाव-मात्र-अनुबन्धिनी तद्-देश-संनिहित-स्वभावता।	སྤྱི་ཡང་ཡུལ་ཐམས་ཅད་པ་རང་དང་འབྲེལ་བ་ཅན་དག་དང་ཅིག་ཅར་དུ་མངོན་པར་འབྲེལ་ཏོ་༎ དེ་དང་འབྲེལ་བ་ཅན་གྱི་རང་བཞིན་ཙམ་གྱི་རྗེས་སུ་འཇུག་པའི་རང་བཞིན་ཅན་དེའི་ཡུལ་ན་འདུག་པའི་རང་བཞིན་ཉིད་ཡིན་ནོ་༎
 ०३११९ न हि यो यत्र न अस्ति तद्-देशम् आत्मना व्याप्नोति इति स्वभावहेतु-प्रयोगः।	གང་ན་གང་མེད་པ་དེ་ནི་དེའི་ཡུལ་བདག་ཉིད་ཁྱབ་པར་བྱེད་པ་མ་ཡིན་ནོ་ཞེས་བྱ་བ་ནི་རང་བཞིན་གྱི་གཏན་ཚིགས་ཀྱི་སྦྱོར་བ་ཡིན་ནོ་༎ 
 ०३१२० द्वितीयो अपि प्रयोगः: यद् उपलब्धि-लक्षण-प्राप्तं सन् न उपलभ्यते न तत् तत्र अस्ति। तद् यथा,	སྦྱོར་བ་གཉིས་པ་ཡང་དམིགས་པའི་རིག་བྱར་གྱུར་པ་གང་ཞིག་གང་ན་མི་དམིགས་པ་དེ་ནི་དེ་ན་མེད་དེ་།
 क्वचिद् अविद्यमानो घटः। न उपलभ्यते च उपलब्धि-लक्षण-प्राप्तं सामान्यं व्यक्त्य्-अन्तरालेष्व्	དཔེར་ན་འགའ་ཞིག་ན་བུམ་པ་མེད་དོ་ཞེས་བྱ་བ་ལྟ་བུ་ཡིན་ལ་གསལ་བའི་བར་རྣམས་ལ་ཡང་དམིགས་པའི་རིག་བྱར་གྱུར་པ་སྤྱི་མི་དམིགས་སོ་ཞེས་བྱ་བའོ་༎
 इति। अयम् अनुपलम्भः स्वभावश् च परस्पर-विरुद्ध-अर्थ-साधनाद् एकत्र संशयं जनयतः।	མི་དམིགས་པ་འདི་དང་རང་བཞིན་དེ་ནི་ཕན་ཚུན་འགལ་བའི་དོན་དུ་བསྒྲུབས་པ་ཡིན་པས་གཅིག་ལ་ཐེ་ཚོམ་སྐྱེད་པར་བྱེད་དོ་༎
 ०३१२१ त्रिरूपो हेतुर् उक्तः। तावता च अर्थ-प्रतीतिर् इति न पृथग् दृष्टान्तो नाम साधन-अवयवः कश्चिद्। तेन न अस्य लक्षणं पृथग् उच्यते	གཏན་ཚིགས་ཀྱི་མཚན་ཉིད་གསུམ་སྨོས་པ་དེ་ཙམ་གྱིས་དོན་རྟོགས་པས་དཔེ་ཞེས་བྱ་བ་སྒྲུབ་པའི་ཡན་ལག་ནི་ལོགས་ཤིག་ཏུ་ཅི་ཡང་མེད་དོ་༎ དེས་ན་དེའི་མཚན་ཉིད་ལོགས་ཤིག་ཏུ་མ་བརྗོད་དེ་དོན་གོ་བའི་ཕྱིར་རོ་༎ གཏན་ཚིགས་ནི་མཐུན་པའི་ཕྱོགས་༄༢༣༧ཨ་༌་༎
 ०३१२२ हेतोः सपक्ष एव सत्त्वम् असपक्षाच् च सर्वतो व्यावृत्ती रूपम् उक्तम् अभेदेन।	ཉིད་ལ་ཡོད་པ་དང་། མི་མཐུན་པའི་ཕྱོགས་ཐམས་ཅད་ལས་ལྡོག་པའི་ཚུལ་དུ་བྱེ་བྲག་མེད་པར་བཤད་པ་ལ་།
 पुनर् विशेषेण कार्य-स्वभावयोर् उक्त-लक्षणयोर् जन्म-तन्-मात्र-अनुबन्धौ दर्शनीय-अवक्तौ। तच् च दर्शयता,	ཡང་བྱེ་བྲག་ཏུ་ནི་འབྲས་བུ་དང་རང་བཞིན་གཉིས་ཀྱི་སྐྱེ་བ་དང་དེ་ཙམ་གྱི་རྗེས་སུ་འཇུག་པ་ཡིན་པར་བསྟན་པ་ཤེས་པར་བྱ་བར་བཤད་དེ་། 
 यत्र धूमस् तत्र अग्निः,	དེ་ཡང་སྟོན་པར་བྱེད་པས་གང་ན་དུ་བ་ཡོད་པ་དེ་ན་མེ་ཡོད་ལ་བཤད་དེ་། 
 असत्य् अग्नौ न क्वचिद् धूमो यथा महानस-इतरयोः,	། མེ་མེད་ན་དུ་བ་ཡང་མེད་དེ་། དཔེར་ན་ཚང་བང་དང་གཞན་པ་ལྟ་བུའོ་༎
 यत्र कृतकत्वं तत्र अनित्यत्वम्,	གང་ན་བྱས་པ་ཉིད་ཡོད་པ་དེ་ན་མི་རྟག་པ་ཉིད་ཡོད་ལ་།
 अनित्यत्व-अभावो कृतकत्व-असम्भवो यथा	མི་རྟག་པ་ཉིད་མེད་ན་བྱས་པ་ཡང་མི་སྲིད་དེ་།
 घट-आकाशयोः,	དཔེར་ན་བུམ་པ་དང་ནམ་མཁའ་དག་ལྟ་བུའོ་ཞེས་བཤད་པར་བྱའོ་༎
 इति दर्शनीयम्। न ह्य् अन्यथा सपक्ष-विपक्षयोः सदसत्त्वे यथोक्त-प्रकारे शक्ये दर्शयितुम्। तत् कार्यता-नियमः कार्य-लिङ्गस्य स्वभाव-लिङ्गस्य च स्वभावेन व्याप्तिः। अस्मिंश् च अर्थे दर्शिते दर्शित एव दृष्टान्तो भवति। एतावान् मात्र-रूपत्वात् तस्य इति।	གཞན་དུ་ན་མཐུན་པའི་ཕྱོགས་དང་མི་མཐུན་པའི་ཕྱོགས་དག་ལ་ཡོད་པ་དང་མེད་པ་ཇི་སྐད་སྨོས་པའི་རྣམ་པ་དག་བསྟན་པར་མི་ནུས་སོ་༎ འབྲས་བུའི་རྟགས་ནི་དེའི་འབྲས་བུ་ཉིད་དུ་ངེས་པའམ་རང་བཞིན་གྱི་རྟགས་ནི་རང་བཞིན་གྱིས་ཁྱབ་པ་ཡིན་ལ་། དེའི་ཚུལ་ནི་དེ་ཙམ་དུ་ཟད་པའི་ཕྱིར་རོ་༎
 ०३१२३ एतेन एव दृष्टान्त-दोषा अपि निरस्ता भवन्ति।	འདིས་ནི་དཔེའི་ཉེས་པ་རྣམས་ཀྱང་བསལ་བ་ཡིན་ཏེ་།
 ०३१२४ यथा नित्यः शब्दो अमूर्तत्वात्। कर्म-वत् परमाणु-वद् घट-वद् इति। एते दृष्टान्ताभासाः साध्य-साधन-धर्म-उभय-विकलाः।	དཔེར་ན་སྒྲ་ནི་རྟག་པ་ཡིན་ཏེ་ལུས་ཅན་མ་ཡིན་པའི་ཕྱིར་། ལས་དང་རྡུལ་ཕྲ་རབ་དང་། བུམ་པ་བཞིན་ནོ་ཞེས་བྱ་བ་ནི་། བསྒྲུབ་པར་བྱ་བ་དང་། སྒྲུབ་པར་བྱེད་པའི་ཆོས་དག་གཉིས་ཀ་མེད་པ་ཡིན་ནོ་༎
 ०३१२५ तथा सन्दिग्ध-साध्य-धर्म-आदयश् च,	དེ་བཞིན་དུ་བསྒྲུབ་པར་བྱ་བའི་ཆོས་ལ་ཐེ་ཚོམ་ཟ་བ་ལ་སོགས་པ་ཡང་། དཔེར་ན་སྨྲ་བའི་ཕྱིར་ན་། འདོད་ཆགས་ལ་སོགས་པ་དང་ལྡན་པ་ཡིན་ཏེ་།
 यथा राग-आदिमान् अयं वचनाद् रथ्या-पुरुष-वत्। मरण-धर्मो अयं पुरुषो राग-आदिमत्त्वाद् रथ्या-पुरुष-वत्। असर्वज्ञो अयं राग-आदिमत्वाद् रथ्या-पुरुष-वद् इति।	ལམ་པོ་ཆེའི་མི་བཞིན་ནོ་ཞེས་བྱ་བ་དང་། མི་འདི་ནི་འདོད་ཆགས་ལ་སོགས་པ་དང་ལྡན་པའི་ཕྱིར་། འཆི་བའི་ཆོས་ཅན་ཡིན་ཏེ་ལམ་པོ་ཆེའི་མི་བཞིན་ནོ་ཞེས་བྱ་བ་དང་། འདོད་ཆགས་ལ་སོགས་པ་དང་ལྡན་པའི་ཕྱིར་ཐམས་ཅད་མཁྱེན་པ་མ་ཡིན་ཏེ་། ལམ་པོ་ཆེའི་མི་བཞིན་ནོ་༎ ཞེས་བྱ་བ་ལྟ་བུའོ་༎
 ०३१२६ तथा अनन्वयो अप्रदर्शित-अन्वयश् च, यथा यो उक्ता स राग-आदिमान्,	རྗེས་སུ་འགྲོ་བ་མེད་པ་དང་། རྗེས་སུ་འགྲོ་བ་རབ་ཏུ་མ་བསྟན་པ་ནི་དཔེར་ན་གང་སྨྲ་བ་དེ་ནི་འདོད་ཆགས་ལ་སོགས་པ་དང་ལྡན་པ་སྟེ་།
 इष्ट-पुरुष-वत्। अनित्यः शब्दः कृतकत्वाद् घट-वद् इति।	འདོད་པའི་མི་བཞིན་ནོ་ཞེས་བྱ་བ་དང་། བྱས་པའི་ཕྱིར་སྒྲ་ནི་མི་རྟག་པ་སྟེ་། བུམ་པ་བཞིན་ནོ་ཞེས་བྱ་བ་ལྟ་བུའོ་༎
 ०३१२७ तथा विपरीत-अन्वयः, यद् अनित्यं तत् कृतकम् इति।	དེ་བཞིན་དུ་རྗེས་སུ་འགྲོ་བ་ཕྱིན་ཅི་ལོག་ནི་གང་མི་རྟག་པ་དེ་ནི་བྱས་པའོ་ཞེས་བྱ་བ་ལྟ་བུ་སྟེ་།
 ०३१२८ साधर्म्येण दृष्टान्त-दोषाः।	ཆོས་༄༢༣༧བ་མཐུན་པས་ཡིན་ནོ་༎
 ०३१२९ वैधर्म्येण अपि, परमाणु-वत् कर्म-वत् आकाश-वद् इति साध्य-आद्य्-अव्यतिरेकिणः।	ཆོས་མི་མཐུན་པས་ཀྱང་རྡུལ་ཕྲ་རབ་དང་ལས་དང་ནམ་མཁའ་བཞིན་ནོ་ཞེས་བྱ་བ་ནི་། བསྒྲུབ་པར་བྱ་བ་ལ་སོགས་པ་ལས་མི་ལྡོག་པ་ཅན་དག་ཡིན་ནོ་༎
 ०३१३० तथा सन्दिग्ध-साध्य-व्यतिरेक-आदयः,	དེ་བཞིན་དུ་བསྒྲུབ་པར་བྱ་བ་ལས་། ལྡོག་པ་ལ་ཐེ་ཚོམ་ཟ་བ་ལ་སོགས་པ་ནི་།
 यथा असर्वज्ञाः कपिल-आदयो अनाप्ता वा अविद्यमान-सर्वज्ञता-आप्तता-लिङ्गभूत-प्रमाण-अतिशय-शासनत्वाद् इति। अत्र वैधर्म्य-उदाहरणम्,	དཔེར་ན་སེར་སྐྱ་ལ་སོགས་པ་ནི་ཐམས་ཅད་མཁྱེན་པའམ་ཡིད་ཆེས་པ་མ་ཡིན་ཏེ་། ཐམས་ཅད་མཁྱེན་པ་དང་འདོད་ཆགས་དང་བྲལ་བའི་རྟགས་སུ་གྱུར་པ་ཚད་མ་ཕུལ་དུ་ཕྱིན་པ་བསྟན་པ་མེད་པ་ཉིད་ཀྱི་ཕྱིར་རོ་ཞེས་བྱ་བ་ལྟ་བུའོ་༎ 
 यः सर्वज्ञ आप्तो वा स ज्योतिर्-ज्ञान-आदिकम् उपदिष्टवान्,	འདིར་ཆོས་མི་མཐུན་པའི་དཔེ་ནི་གང་ཞིག་ཐམས་ཅད་མཁྱེན་པའམ་༏་འདོད་ཆགས་དང་བྲལ་བ་ཡིན་པ་དེས་ནི་སྐར་མའི་ཤེས་པ་ལ་སོགས་པ་བསྟན་ཏེ་། དཔེར་ན་ཁྱུ་མཆོག་དང་སྡོང་རིས་ལ་སོགས་པ་ལྟ་བུའོ་༎
 यथा ऋषभ-वर्धमान-आदिर् इति। तत्र असर्वज्ञता अनाप्तयोः साध्य-धर्मयोः सन्दिग्धो व्यतिरेकः।	ཆོས་མི་མཐུན་པའི་དཔེ་ལས་བསྒྲུབ་པར་བྱ་བའི་ཆོས་ཐམས་ཅད་མཁྱེན་པ་ཉིད་མ་ཡིན་པ་དང་། ཡིད་ཆེས་པ་མ་ཡིན་པ་གཉིས་ལྡོག་པ་ལ་ཐེ་ཚོམ་ཟ་བ་ཡིན་ནོ་༎
 ०३१३१ सन्दिग्ध-साधन-व्यतिरेको यथा,	བསྒྲུབ་པ་ལས་ལྡོག་པ་ལ་ཐེ་ཚོམ་ཟ་བ་ནི་།
 न त्रयीविदा ब्राह्मणेन ग्राह्य-वचनः कश्चिद् विवक्षितः पुरुषो राग-आदिमत्त्वाद् इति। अत्र वैधर्म्य-उदाहरणम्,	དཔེར་ན་གསུམ་རིག་པའི་བྲམ་ཟེས་ནི་མི་འགའ་ཞིག་གི་བརྗོད་པར་འདོད་པའི་ཚིག་གཟུང་བར་མི་བྱ་སྟེ་། འདོད་ཆགས་ལ་སོགས་པ་དང་ལྡན་པའི་ཕྱིར་རོ་ཞེས་བྱ་བ་ལྟ་བུའོ་༎
 ये ग्राह्य-वचना न ते राग-आदिमन्तः। तद् यथा गौतम-आदयो धर्म-शास्त्राणां प्रणेतार इति। गौतम-आदिभ्यो राग-आदिमत्त्वस्य साधन-धर्मस्य व्यावृत्तिः सन्दिग्धा।	འདིར་ཆོས་མི་མཐུན་པའི་དཔེ་ནི་ཚིག་གཟུང་བར་བྱ་བ་གང་དག་ཡིན་པ་དེ་ནི་འདོད་ཆགས་ལ་སོགས་པ་དང་མི་ལྡན་པ་སྟེ་། དཔེར་ན་གོ་ཏ་མ་ལ་སོགས་པ་ཆོས་ཀྱི་བསྟན་བཅོས་རྣམས་བྱེད་པ་ལྟ་བུ་སྟེ་། གོ་ཏ་མ་ལ་སོགས་པ་ལས་སྒྲུབ་པའི་ཆོས་འདོད་ཆགས་ལ་སོགས་པ་དང་ལྡན་པ་ལྡོག་པ་ལ་ཐེ་ཚོམ་ཟ་བ་ཡིན་ནོ་༎
 ०३१३२ सन्दिग्ध-उभय-व्यतिरेको यथा,	གཉིས་ཀ་ལས་ལྡོག་པ་ལ་ཐེ་ཚོམ་ཟ་བ་ནི་།
 अवीत-रागाः कपिल-आदयः,	དཔེར་ན་སེར་སྐྱ་ལ་སོགས་པ་ནི་ཡོངས་སུ་འཛིན་པ་དང་ཀུན་ཏུ་འཛིན་པ་དང་ལྡན་པའི་ཕྱིར་འདོད་ཆགས་དང་བྲལ་བ་མ་ཡིན་ནོ་ཞེས་བྱ་བ་ལྟ་བུའོ་༎
 परिग्रह-आग्रह-योगाद् इति। अत्र वैधर्म्येण उदाहरणम्,	འདིར་ཆོས་མི་མཐུན་པའི་དཔེ་ནི་།
 यो वीत-रागो न तस्य परिग्रह-आग्रहः,	གང་ཞིག་འདོད་ཆགས་དང་བྲལ་བ་དེ་ལ་ནི་། ཡོངས་སུ་འཛིན་པ་དང་། ཀུན་དུ་འཛིན་པ་མེད་དེ་།
 यथा ऋषभ-आदेर् इति। ऋषभ-आदेर् अवीत-रागत्व-परिग्रह-आग्रह-योगयोः साध्य-साधन-धर्मयोः सन्दिग्धो व्यतिरेकः।	དཔེར་ན་ཁྱུ་མཆོག་ལ་སོགས་པ་ལྟ་བུ་སྟེ་། བསྒྲུབ་པར་བྱ་བ་དང་སྒྲུབ་པའི་ཆོས་འདོད་ཆགས་དང་བྲལ་བ་ཉིད་དང་། ཡོངས་སུ་འཛིན་པ་དང་ཀུན་དུ་འཛིན་པ་ཁྱུ་མཆོག་ལ་སོགས་པ་ལས་ལྡོག་༄༢༣༨ཨ་༌་༎
 ०३१३३ अव्यतिरेको यथा,	པ་ལ་ཐེ་ཚོམ་ཟ་བ་ཡིན་ནོ་༎
 अवीत-रागो अयं वक्तृत्वात्। वैधर्म्येण उदाहरणम्,	ལྡོག་པ་མེད་པ་ནི་དཔེར་ན་སྨྲ་བའི་ཕྱིར་འདོད་ཆགས་དང་བྲལ་བ་མ་ཡིན་ནོ་ཞེས་བྱ་བ་ལྟ་བུའོ་༎ 
 यत्र अवीत-रागत्वं न अस्ति न स वक्ता,	གང་ལ་འདོད་ཆགས་དང་མ་བྲལ་བ་ཉིད་མེད་པ་དེ་ནི་སྨྲ་བ་མ་བ་ལྟ་བུའོ་༎ ཡིན་ཏེ་། དཔེར་ན་རྡོའི་དུམ་བུ་བཞིན་ནོ་ཞེས་བྱ་བ་ལྟ་བུ་སྟེ་བ་ལྟ་བུའོ་༎ ཡིན་ཏེ་། 
 यथा उपल-खण्ड इति। यद्य् अप्य् उपल-खण्डाद् उभयं व्यावृत्तं तथा अपि सर्वो वीत-रागो न वक्ता इति व्याप्त्या व्यतिरेक-असिद्धेर् अव्यतिरेकः।	། གལ་ཏེ་རྡོའི་དུམ་བུ་ལས་གཉི་ག་ལྡོག་པ་ཡོད་མོད་བ་ལྟ་བུའོ་༎ ཡིན་ཏེ་། ། ཀྱི་། འོན་ཀྱང་འདོད་ཆགས་དང་བྲལ་བ་ཐམས་ཅད་སྨྲ་བ་མ་ཡིན་ནོ་ཞེས་བྱ་བར་ཁྱབ་པར་ལྡོག་པ་མ་གྲུབ་པའི་ཕྱིར་ལྡོག་པ་མེད་པ་ཡིན་བ་ལྟ་བུའོ་༎ ཡིན་ཏེ་། ། ཀྱི་། ནོ་༎ 
 ०३१३४ अप्रदर्शित-व्यतिरेको यथा,	ལྡོག་པ་རབ་ཏུ་མ་བསྟན་པ་ནི་བ་ལྟ་བུའོ་༎ ཡིན་ཏེ་། ། ཀྱི་། ནོ་༎ 
 अनित्यः शब्दः, कृतकत्वाद् आकाश-वद् इति वैधर्म्येण।	། ཆོས་མི་མཐུན་པ་དཔེར་ན་སྒྲ་ནི་བྱས་པའི་མི་རྟག་པ་སྟེ་། དཔེར་ན་ནམ་མཁའ་བཞིན་ནོ་ཞེས་བྱ་བ་ལྟ་བུའོ་༎
 ०३१३५ विपरीत-व्यतिरेको यथा,	ལྡོག་པ་ཕྱིན་ཅི་ལོག་ནི་།
 यद् अकृतकं तन् नित्यं भवति इति।	དཔེར་ན་གང་མ་བྱས་པ་དེ་ནི་རྟག་པ་ཡིན་ནོ་ཞེས་བྱ་བ་ལྟ་བུའོ་༎
 ०३१३६ न ह्य् एभिर् दृष्टान्ताभासाइर् हेतोः सामान्यलक्षणं सपक्ष एव सत्त्वं विपक्षे	དཔེ་ལྟར་སྣང་བ་དེ་དག་གིས་ནི་གཏན་ཚིགས་ཀྱི་སྤྱིའི་མཚན་ཉིད་མཐུན་པའི་ཕྱོགས་ཉིད་ལ་ཡོད་པ་དང་། མི་མཐུན་པའི་ཕྱོགས་ཐམས་ཅད་ལ་མེད་པ་ཉིད་དམ་།
 च सर्वत्र असत्त्वम् एव निश्चयेन शक्यं दर्शयितुं विशेष-लक्षणं वा। तद् अर्थापत्त्या एषां निरासो द्रष्टव्यः।	བྱེ་བྲག་གི་མཚན་ཉིད་བསྟན་པར་མི་ནུས་ཏེ་། དེའི་ཕྱིར་དོན་གྱི་དབང་གིས་དེ་དག་བསལ་བར་རིག་པར་བྱའོ་༎
 ०३१३७ दूषणा न्यूनता-आद्य्-उक्तिः।	མ་ཚང་བ་ཉིད་ལ་སོགས་པ་སྨྲས་པ་ནི་།
 ०३१३८ ये पूर्वं न्यूनता-आदयः साधन-दोषा उक्तास् तेषाम् उद्भावनं दूषणम्। तेन पर-इष्ट-अर्थ-सिद्धि-प्रतिबन्धात्।	སུན་འབྱིན་པ་དག་ཡིན་ནོ་༎ སྔར་སྒྲུབ་པའི་རྐྱེན་མ་ཚང་བ་ལ་སོགས་པ་སྨོས་པ་གང་ཡིན་པ་དེ་དག་བརྗོད་པ་ནི་སུན་འབྱིན་པ་ཡིན་ཏེ་། དེས་ཕ་རོལ་པོ་འདོད་པའི་དོན་འགྲུབ་པ་ལ་གེགས་བྱེད་པའི་ཕྱིར་རོ་༎
 ०३१३९ दूषणाभासास् तु जातयः।	སུན་འབྱིན་པ་ལྟར་སྣང་བདག་ནི་ལྟག་ཆོད་རྣམས་ཏེ་།
