 हेतुतत्त्वोपदेशः मञ्जुश्रीकुमारभूताय नमः	༄༣༡༤ཨ་༅་༎ རྒྱ་གར་སྐད་དུ་། ཧེ་ཏུ་ཏ་ཏཏབ༹་ཨཽ་པ་དེ་ཤ་། བོད་སྐད་དུ་། གཏན་ཚིགས་ཀྱི་དེ་ཁོ་ན་ཉིད་བསྟན་པ་། འཇམ་དཔལ་གཞོན་ནུར་གྱུར་པ་ལ་ཕྱག་འཚལ་ལོ་༎
 १। साधनं दूषणं चैव साभासं परसंविदे ।	བསྒྲུབ་དང་སུན་ནི་འབྱིན་པ་དང་། ལྟར་སྣང་བཅས་པས་གཞན་རིག་བྱེད་༎
 प्रत्यक्षमनुमानं च साभासं त्वात्मसंविदे ॥	མངོན་སུམ་དང་ནི་རྗེས་དཔག་གཉིས་༎ ལྟར་སྣང་བཅས་པས་བདག་རིག་བྱེད་༎
 अयं शास्त्रार्थरांग्रहः ॥	འདི་ནི་བསྟན་བཅོས་ཀྱི་དོན་བསྡུས་པའོ་༎
 २। वादिना स्वयं साधयितुमिष्टो ऽर्थः साध्यः ।	རྒོལ་བ་བདག་ཉིད་ཀྱིས་བསྒྲུབ་པར་འདོད་པའི་དོན་ནི་བསྒྲུབ་པར་བྱའོ་༎
 येन साध्यते तत्साधनम् ॥	གང་གིས་སྒྲུབ་པར་བྱད་པ་དེ་ནི་བསྒྲུབ་པ་ཡིན་ཏེ་།
 ३। हेतोस्त्रैरूप्यमुच्यते ।	གཏན་ཚིགས་ཀྱི་ཚུལ་གསུམ་བརྗོད་པའོ་༎
 किं पुनस्तत्त्रैरूप्यम् ।	ཚུལ་གསུམ་པོ་དེ་དག་ཀྱང་གང་ཞེ་ན་།
 पक्षे सत्त्वमेव प्रथमं रूपम् ।	ཕྱོགས་ལ་ཡོད་པ་ཉིད་ནི་ཚུལ་གཅིག་གོ་༎
 सपक्ष एव सत्त्वमिति द्वितीयं रूपम् ।	མཐུན་པའི་ཕྱོགས་ཉིད་ལ་ཡོད་པ་ཞེས་བྱ་བ་ནི་ཚུལ་གཉིས་པའོ་༎
 विपक्षे च असत्त्वमेव निश्चितमिति तृतीयं रूपम् ॥	མི་མཐུན་པའི་ཕྱོགས་ལ་མེད་པ་ཉིད་དུ་ངེས་པ་ཞེས་བྱ་བ་ནི་༄༣༡༤བ་ཚུལ་གསུམ་པའོ་༎
 ४। तत्र पक्षः प्रसिद्धो धर्मी प्रसिद्धविशेषणेन विशिष्टः स्वयं साधयितुमिष्टः प्रत्यक्षाद्यविरुद्धः ।	དེ་ལ་ཕྱོགས་ནི་རབ་ཏུ་གྲུབ་པའི་ཆོས་ཅན་ནོ་༎ རབ་ཏུ་གྲུབ་པའི་ཁྱད་པར་གྱི་བྱེ་བྲག་བདག་ཉིད་སྒྲུབ་པར་འདོད་པ་མངོན་སུམ་ལ་སོགས་པ་དང་འགལ་བ་མེད་པ་ཡིན་ཏེ་།
 यथा धर्मी शब्दो ऽनित्य इति विशेषणेन विशिष्टः साध्यः । कृतकत्वादिति हेतुर्भवतीति ॥	དཔེར་ན་ཆོས་ཅན་སྒྲ་མི་རྟག་པའི་ཁྱད་པར་གྱི་བྱེ་བྲག་དང་ལྡན་པ་ནི་བསྒྲུབ་པར་བྱའོ་༎ བྱས་པའི་ཕྱིར་རོ་ཞེས་བྱ་བ་ནི་གཏན་ཚིགས་ཡིན་པ་བཞིན་ནོ་༎
 ५। कः पुनः सपक्षः ।	མཐུན་པའི་ཕྱོགས་གང་ཞེ་ན་།
 साध्यधर्मसामान्येन समानः सपक्षः ।	བསྒྲུབ་པར་བྱ་བའི་ཆོས་ཀྱི་སྤྱིས་མཐུན་པ་ནི་མཐུན་པའི་ཕྱོགས་ཏེ་།
 यथा घटादिरिति ॥	དཔེར་ན་བུམ་པ་ལ་སོགས་པ་ལྟ་བུའོ་༎
 ६। को हेतोर्विपक्षः ।	གཏན་ཚིགས་ཀྱི་མི་མཐུན་པའི་ཕྱོགས་གང་ཞེ་ན་།
 यत्र साध्याभावाद्धेत्वभावो निश्चयेन प्रदर्श्यते ।	གང་དུ་བསྒྲུབ་པར་བྱ་བ་མེད་པས་གཏན་ཚིགས་མེད་པར་ངེས་པར་སྟོན་པ་ཡིན་ཏེ་།
 यथाकाशादिः ॥	དཔེར་ན་ནམ་མཁའ་ལ་སོགས་པ་བཞིན་ནོ་༎
 ७। त्रिरूपहेतुप्रदर्शनेन परावगमनिमित्तं कृतः प्रयोगः परार्थानुमानभित्युच्यते ।	གཏན་ཚིགས་ཀྱི་ཚུལ་གསུམ་པ་བསྟན་པ་དེ་ཉིད་ཀྱིས་གཞན་ཁོང་དུ་ཆུད་པའི་ཆེད་དུ་སྦྱོར་བར་བྱས་པ་ནི་གཞན་གྱི་དོན་རྗེས་སུ་དཔག་བ་ཞེས་བསྟན་ཏོ་༎ 
 यथा शब्दो ऽनित्य इति पक्षवचनम् ।	དཔེར་ན་སྒྲ་མི་རྟག་གོ་ཞེས་བྱ་བ་ནི་ཕྱོགས་བརྗོད་པའོ་༎
 कृतकत्वादिति हेतुवचनम् ।	བྱས་པའི་ཕྱིར་རོ་ཞེས་བྱ་བ་ནི་གཏན་ཚིགས་བརྗོད་པའོ་༎
 घटादिवदिति सपक्षवचनम् ।	བུམ་པ་ལ་སོགས་པ་བཞིན་ནོ་ཞེས་བྱ་བ་ནི་མཐུན་པའི་ཕྱོགས་བརྗོད་པའོ་༎
 आकाशादिवदिति विपक्षवचनम् ॥	ནམ་མཁའ་ལ་སོགས་པ་བཞིན་ནོ་ཞེས་བྱ་བ་ནི་མི་མཐུན་པའི་ཕྱོགས་བརྗོད་པའོ་༎
 ८। स पुनर्द्विविधो दृश्यते ।	དེ་ཡང་རྣམ་པ་གཉིས་སུ་སྣང་སྟེ་།
 साधर्म्येण वैधर्म्येण च ॥	ཆོས་མཐུན་པ་དང་མ་ཆོས་མི་མཐུན་པའོ་།
 ९। तत्र साधर्म्येण तावत् ।	དེ་ལ་རེ་ཞིག་ཆོས་མཐུན་པ་ནི་༎
 यत्कृतकं तत्सर्वमनित्यं दृष्टम् ।	གང་བྱས་པ་དེ་ཐམས་ཅད་ནི་མི་རྟག་པར་མཐོང་བ་༎
 यथ घटादिः ।	དཔེར་ན་བུམ་པ་ལ་སོགས་པའོ་༎
 शब्दो ऽपि कृतक इति ॥	སྒྲ་ཡང་བྱས་པའི་ཕྱིར་ཞེས་བྱ་བ་ལྟ་བུའོ་༎
 १०। वैधर्म्येणाप्यनित्यत्वाभावे कृतकत्वाभावः ।	ཡང་ཆོས་མི་མཐུན་པ་ནི་མི་རྟག་པ་ཉིད་མེད་ན་བྱས་པ་ཉིད་མེད་དེ་༎
 यथाकाशादिः ।	དཔེར་ན་ནམ་མཁའ་ལ་སོགས་པ་བཞིན་ཏེ་།
 शब्दस्तु कृतक इति ॥	སྒྲ་ཡང་བྱས་པའི་ཕྱིར་ཞེས་བྱ་བ་ལྟ་བུའོ་༎
 ११। कः पुनः पक्षाभासः ।	གང་ཕྱོགས་ལྟར་སྣང་བ་ཡང་གང་ཞེ་ན་།
 पक्षाभासो वस्तुतो न पक्षः ।	ཕྱོགས་ལྟར་སྣང་བ་ནི་དངོས་སུ་ཕྱོགས་མ་ཡིན་པ་ཡིན་ཏེ་།
 प्रत्यक्षादिविरोधादयं पक्षाभासः ॥	མངོན་སུམ་ལ་སོགས་པས་གནོད་པའི་ཕྱིར་རོ་༎
 १२। यथा धूमादिर्धर्मी बुद्धिमद्धेतूत्पन्नः साध्य इति प्रत्यक्षविरुद्धः पक्षाभासः ।	དེ་ནི་ཕྱོགས་ལྟར་སྣང་བ་སྟེ་༎ དཔེར་ན་དུ་བ་ལ་སོགས་པའི་ཆོས་ཅན་བློ་དང་ལྡན་པའི་རྒྱུས་བསྐྱེད་པ་བསྒྲུབ་པར་བྱ་བ་ཡིན་ནོ་ཞེས་བྱ་བ་མངོན་སུམ་དང་འགལ་བས་ཕྱོགས་ལྟར་སྣང་བ་ཡིན་ཏེ་།
 प्रत्यक्षतो वह्नेर्धूमोत्पत्तिदर्शनात् ॥	མངོན་སུམ་གྱིས་མེ་ལས་དུ་བ་སྐྱེ་བ་མཐོང་བའི་ཕྱིར་རོ་༎
 १३। अनुमानविरुद्धो यथा ।	རྗེས་སུ་དཔག་པ་དང་འགལ་བ་ནི་དཔེར་ན་།
 वेदवचनं धर्म्यपौरुषेयमिति साध्ये शब्दः प्रयत्नानन्तरीयक इति पौरुषेयत्वस्य सिद्धेः ॥	རིག་བྱེད་ཀྱི་ཚིག་ནི་ཆོས་ཅན་སྐྱེས་བུས་བྱས་པ་མ་ཡིན་ཏེ་ཞེས་བསྒྲུབ་པར་བྱ་བ་ལ་༎ སྒྲ་ནི་བརྩལ་མ་ཐག་ཏུ་བྱུང་བ་ཡིན་པས་སྐྱེས་བུས་བྱས་པར་གྲུབ་པའི་ཕྱིར་རོ་༎ རང་གི་ཚིག་༄༣༡༥ཨ་༌་༎
 १४। स्ववचनविरुद्धो यथा । अनुमानं न प्रमाणमिति । परावगमाय वाक्यप्रयोगः परार्थानुमानमिति निर्देशात् ॥	དང་འགལ་བ་ནི་དཔེར་ན་རྗེས་སུ་དཔག་པ་ནི་ཚད་མ་མ་ཡིན་ནོ་ཞེས་བྱ་བ་ནི་། གཞན་གྱི་ཁོང་དུ་ཆུད་པར་བྱ་བའི་ཕྱིར་ཚིག་བརྗོད་པ་ནི་གཞན་གྱི་དོན་གྱི་རྗེས་སུ་དཔག་པ་ཡིན་ནོ་ཞེས་བསྟན་པའི་ཕྱིར་རོ་༎
 १५। लोकविरुद्धो यथा । शुचि नरशिरः कपालं प्राण्यङ्गत्वाच् छङ्खशुक्तिवदिति ॥	འཇིག་རྟེན་དང་འགལ་བ་ནི་དཔེར་ན་མི་མགོའི་ཐོད་པ་ནི་གཙང་བ་ཡིན་ཏེ་སྲོག་ཆགས་ཀྱི་ཡན་ལག་ཡིན་པའི་ཕྱིར་དུང་ཆོས་དང་ཉ་ཕྱིས་བཞིན་ནོ་ཞེས་བྱ་བ་ལྟ་བུའོ་༎
 १६। प्रतीतिविरुद्धो यथा ।	རྟོགས་པ་དང་འགལ་བ་ནི་དཔེར་ན་།
 यद् यावत्कालस्थायि तत् अनित्यम् ।	གང་དུས་ཇི་སྲིད་གནས་པར་བྱས་པ་ནི་མི་རྟག་པ་ཡིན་ནོ་༎
 यद्यावत्कालस्थायि तत् सर्वं नित्यमिति लौकिकप्रतीतेः ॥	གང་དུས་ཇི་སྲིད་གནས་པར་ཡང་བྱས་པ་ཐམས་ཅད་ནི་རྟག་པ་ཡིན་ནོ་ཞེས་འཇིག་རྟེན་པས་རྟོགས་པའི་ཕྱིར་རོ་༎
 १७। अप्रसिद्धविशेषणो यथा ।	ཁྱད་པར་མ་གྲུབ་པ་ནི་དཔེར་ན་།
 वैशेषिकस्य सांख्यं प्रति शब्दो विनाशीति ॥ १८। अप्रसिद्धविशेष्यो यथा ।	བྱེ་བྲག་པས་གྲངས་ཅན་པ་ལ་སྒྲ་འཇིག་པ་ཡིན་ནོ་ཞེས་བྱ་བ་ལྟ་བུའོ་༎ ཁྱད་པར་དུ་བྱས་བ་མ་གྲུབ་པ་ནི་༎
 सांख्यस्य बौद्धं प्रत्यात्मा चेतन इति साध्यम् ॥	དཔེར་ན་གྲངས་ཅན་པས་སངས་རྒྱས་པ་ལ་བདག་སེམས་དང་བཅས་པ་ཡིན་ནོ་ཞེས་བསྒྲུབ་པ་ལྟ་བུའོ་༎ 
 १९। अप्रसिद्धोभयो यथा ।	གཉི་ག་མ་གྲུབ་པ་ནི་དཔེར་ན་།
 वैशेषिकस्य बौद्धं प्रति समवायिकारणमात्मेति कायः स्थिरस्वभाव इति वा ॥	བྱེ་བྲག་བས་སངས་རྒྱས་པ་ལ་སྡུད་པར་བྱེད་པ་ནི་བདག་ཉིད་ཡིན་ནོ་ཞེས་བྱ་བ་ལྟ་བུའམ་༎ ལུས་ནི་བརྟན་པའི་རང་བཞིན་ཡིན་ནོ་ཞེས་བྱ་བ་ལྟ་བུའོ་༎
 २०। पक्षाभासा उक्ताः ॥	ཕྱོགས་ལྟར་སྣང་བ་བཤད་ཟིན་ཏོ་༎
 २१। कीदृशो हेत्वाभासः ।	གཏན་ཚིགས་ལྟར་སྣང་བ་ཅི་འདྲ་བ་ཞིག་ཅེ་ན་།
 यो हेतुरिवाभासते न तु हेतुत्वेन सिध्यति ॥	གང་ཞིག་གཏན་ཚིགས་ལྟར་སྣང་བ་ཡིན་གྱི་གཏན་ཚིགས་སུ་གྲུབ་པ་ནི་མ་ཡིན་པའོ་༎
 २२। हेत्वाभासस्त्रिविधः ।	གཏན་ཚིགས་ལྟར་སྣང་བ་ནི་གསུམ་སྟེ་།
 असिद्धो विरुद्धो ऽनैकान्तिकश्च ॥	མ་གྲུབ་པ་དང་འགལ་བ་དང་མ་ངེས་པའོ་༎
 २३। तत्र पक्षासिद्धेरसिद्ध इति हेत्वाभासः ॥ २४। पक्षे सपक्षे चासन् विपक्षे च सन् यः स विरुद्ध इति हेत्वाभासः साध्यविपरीतसिद्धेः ॥	དེ་ལ་ཕྱོགས་ལ་མ་གྲུབ་པའི་ཕྱིར་མ་གྲུབ་ཅེས་བྱ་བའི་གཏན་ཚིགས་ལྟར་སྣང་བ་ཡིན་ནོ་༎ ཕྱོགས་དང་མཐུན་པའི་ཕྱོགས་ལ་ནི་མེད་པ་མི་མཐུན་པའི་ཕྱོགས་ལ་ཡོད་པ་དེ་ནི་འགལ་བ་ཞེས་བྱ་བའི་གཏན་ཚིགས་ལྟར་སྣང་བ་ཡིན་༎ ཏེ་། 
 २५। सपक्षविपक्षयोरुभयोर्भावे ऽभावे वा संशये वासिद्धप्रतिबन्धो यो हेतुः सो ऽनैकान्तिको हेत्वाभासः ।	བསྒྲུབ་པར་བྱ་བ་ལས་ཕྱིན་ཅི་ལོག་བསྒྲུབ་པའི་ཕྱིར་རོ་༎ མཐུན་པའི་ཕྱོགས་དང་མི་མཐུན་པའི་ཕྱོགས་གཉི་ག་ལས་། ཡོད་པའམ་མེད་པའམ་ཐེ་ཚོམ་ཟ་བ་ལའམ་འབྲེལ་པ་མ་གྲུབ་པའི་གཏན་ཚིགས་གང་ཡིན་པ་དེ་ནི་མ་ངེས་པའི་གཏན་ཚིགས་ལྟར་སྣག་བ་ཞེས་བྱ་བ་ཡིན་ཏེ་།
 वादिप्रतिवादिभ्यां साधयितुमिष्टस्यैकान्तेनासिद्धेः ॥	རྒོལ་བ་དང་ཕྱིར་རྒོལ་བས་བསྒྲུབ་པར་འདོད་པ་ངེས་པ་མི་འགྲུབ་པའི་ཕྱིར་རོ་༎
 २६। उभयासिद्धो यथा । शब्दस्यानित्यत्वे साध्ये हेतुश्चाक्षुषत्वं वादिप्रतिवादिनोरसिद्ध इति ॥	དཔེར་ན་གཉིས་ལ་མ་གྲུབ་པ་ནི་སྒྲ་མི་རྟག་པ་ཉིད་དུ་གྲུབ་པར་བྱ་བ་ལ་། གཏན་ཚིགས་མིག་གིས་བཟུང་བ་ནི་རྒོལ་བ་དང་། ཕྱིར་རྒོལ་བ་དག་ལ་མ་གྲུབ་པ་ལྟ་བུའོ་༎ ཤིང་སེམས་དང་ལྡན་པར་བསྒྲུབ་པར་བྱ་བ་ལ་ཤུན་སྤགས་ཐམས་ཅད་བཤུས་ན་འཆི་བའི་ཕྱིར་རོ་ཞེས་བྱ་བའི་༄༣༡༥བ་གཏན་ཚིགས་ནི་།
 २७। चेतनस्तरुरिति साध्ये सर्वत्वगपहरणे मरणादिति हेतुः प्रतिवादिनं बौद्धं प्रत्यसिद्ध इति प्रतिवाद्यसिद्धश्चित्तादिनिरोधस्य बौद्धस्येष्टत्वात्	ཕྱིར་རྒོལ་བ་སངས་རྒྱས་པ་ལ་མ་གྲུབ་པས་ཕྱིར་རྒོལ་བ་ལ་མ་གྲུབ་པ་ཞེས་བྱ་སྟེ་། སེམས་ལ་སོགས་པ་འགགས་པ་ལ་སངས་རྒྱས་པ་འདོད་པའི་ཕྱིར་རོ་༎
 २८। अचेतनाः सुखादय इति साध्ये उत्पत्तिमत्त्वादिति हेतुः सांख्यस्य स्वयं वादिनो ऽसिद्ध इति वाद्यसिद्धः ॥	བདེ་བ་ལ་སོགས་པ་སེམས་མེད་པར་བསྒྲུབ་པར་བྱ་བ་ལ་སྐྱེ་བ་དང་ལྡན་པའི་ཕྱིར་ཞེས་བྱ་བའི་གཏན་ཚིགས་ནི་། གྲངས་ཅན་བ་རྒོལ་བ་བདག་ཉིད་ལ་མ་གྲུབ་པས་། རྒོལ་བ་ལ་མ་གྲུབ་པ་ཞེས་བྱའོ་༎
 २९। वैशेषिकेण प्रतिवादिनं बौद्धं प्रति पृथिव्यादिर्धर्मी कार्य इति साध्य एकैकक्षणवदन्यान्योत्पादादिति वादिनः स्वयमसिद्धः ।	བྱེ་བྲག་པས་ཕྱིར་རྒོལ་བ་སངས་རྒྱས་པ་ལ་། ས་ལ་སོགས་པའི་ཆོས་ཅན་བྱ་བ་ཡིན་ནོ་ཞེས་བསྒྲུབ་པར་བྱ་བ་ལ་། སྐད་ཅིག་རེ་རེ་འདྲ་བ་གཞན་དང་གཞན་འབྱུང་ངོ་ཞེས་བྱ་བ་ནི་རྒོལ་བ་བདག་ཉིད་ལ་མ་གྲུབ་པ་ཡིན་ཏེ་།
 सिद्धे ऽप्युत्पाद एकैकक्षणवदन्यान्योत्पादासिद्धेः ॥	སྐྱེ་བ་གྲུབ་ཀྱང་སྐད་ཅིག་རེ་རེ་འདྲ་བ་གཞན་དང་གཞན་འབྱུང་ངོ་ཞེས་པ་ནི་མ་གྲུབ་པའོ་༎ 
 ३०। पक्षैकदेशासिद्धो यथा ।	ཕྱོགས་ཀྱི་ཕྱོགས་གཅིག་ལ་མ་གྲུབ་པ་ནི་དཔེར་ན་ཤིང་རྣམས་ནི་སེམས་དང་ལྡན་པ་པའོ་༎ ཡིན་ཏེ་། 
 चेतनास्तरवः स्वापादिति हेतुश्चन्दने वादिनः स्वयं पक्षैकदेशे ऽसिद्धः ।	གཉིད་ལོག་པའི་ཕྱིར་རོ་ཞེས་བྱ་བའི་གཏན་ཚིགས་ནི་ཕྱོགས་ཀྱི་གོས་ཅན་རྒོལ་བ་བདག་ཉིད་ལ་ཕྱོགས་ཀྱི་གཅིག་ལ་མ་པའོ་༎ ཡིན་ཏེ་། གྲུབ་སྟེ་། 
 न हि सर्वे वृक्षा रात्रौ पत्रसंकोचभाजः ॥	ཤིང་ཐམས་ཅད་མཚན་མོ་ལོ་མ་འཁུམ་པ་ལ་བརྟེན་པ་པའོ་༎ ཡིན་ཏེ་། གྲུབ་སྟེ་། མ་ཡིན་ནོ་༎ 
 ३१। एवमेव क्षित्यादिर्घर्मी बुद्धिमज्जात इति साध्ये कार्यमिति हेतुर्बौद्धं प्रत्यसिद्धः प्रत्यक्षानुपलम्भाभ्यां कार्यकारणसम्बन्धसिद्धस्वरूपेण क्षित्यादीनां सिद्धेः ।	དེ་བཞིན་དུ་ས་ལ་སོགས་པའི་ཆོས་ཅན་བློ་དང་ལྡན་པ་ལས་སྐྱེས་པ་ཡིན་ནོ་ཞེས་བསྒྲུབ་པར་བྱ་བ་ལ་འབྲས་བུ་ཡིན་ནོ་ཞེས་བྱ་བའི་གཏན་ཚིགས་ནི་སངས་རྒྱས་པ་ལ་པའོ་༎ ཡིན་ཏེ་། གྲུབ་སྟེ་། མ་ཡིན་ནོ་༎ གྲུབ་སྟེ་། མངོན་སུམ་དང་མི་དམིགས་པ་རྒྱུ་དང་འབྲས་བུའི་འབྲེལ་པ་བསྒྲུབ་པའི་ངོ་བོས་ས་ལ་སོགས་པ་ལ་གྲུབ་པའི་ཕྱིར་རོ་པའོ་༎ ཡིན་ཏེ་། གྲུབ་སྟེ་། མ་ཡིན་ནོ་༎ གྲུབ་སྟེ་། 
 वासभोजनादिसिद्धिरिति चेत्तदा पक्षैकदेशासिद्धिः ॥	༎ གལ་ཏེ་གནས་དང་བཟའ་བ་ལ་སོགས་པ་གྲུབ་པོ་ཞེས་ཟེར་ན་པའོ་༎ ཡིན་ཏེ་། གྲུབ་སྟེ་། མ་ཡིན་ནོ་༎ གྲུབ་སྟེ་། ༎ ། དེའི་ཚེ་ཕྱོགས་ཀྱི་ཕྱོགས་གཅིག་མ་གྲུབ་པོ་༎
 ३२। संदिग्धासिद्धो यथा ।	ཐེ་ཚོམ་ཟ་བའི་མ་གྲུབ་པ་ནི་།
 यदीह धूमः स्यादत्र वह्निः स्यादिति साध्ये हेत्वनिश्चयात् ॥ ३३। संदिग्धधर्म्यसिद्धो यथा ।	དཔེར་ན་གལ་ཏེ་འདི་དུ་བ་ཡིན་ན་འདི་ན་མེ་ཡོད་དོ་ཞེས་བསྒྲུབ་པར་བྱ་བ་ལ་། གཏན་ཚིགས་ཉིད་མ་ངེས་པའི་ཕྱིར་རོ་༎ ཆོས་ཅན་ཐེ་ཚོམ་ཟོས་མ་གྲུབ་པས་ནི་༎ དཔེར་ན་རི་སུལ་དུ་མ་འདི་དག་ལས་༎
 एष्वनेकेषु निकुञ्जेषु कस्मिंश्चिन् निकुञ्जे मयूर इति साध्ये केकायितादिति हेतुरिति ॥	རི་སུལ་འགའ་ཞིག་ན་རྨ་བྱ་ཡོད་དེ་ཞེས་བསྒྲུབ་པར་བྱ་བ་ལ་རྨ་བྱའི་སྒྲ་གྲགས་པའི་ཕྱིར་རོ་ཞེས་བྱ་བའི་གཏན་ཚིགས་ཡིན་པ་ལྟ་བུའོ་༎ 
 ३४। धर्म्यसिद्धावप्यसिद्धो यथा ।	ཆོས་ཅན་མ་གྲུབ་པ་ཡང་མ་གྲུབ་པ་ཡིན་ཏེ་།
 धर्म्यात्मा सर्वव्यापीति साध्ये सर्वत्रोपलभ्यमानगुणत्वादिति हेतुरिति ॥	དཔེར་ན་ཆོས་ཅན་བདག་ཐམས་ཅད་དུ་ཁྱབ་པར་བསྒྲུབ་པར་བྱ་བ་ལ་། ཡོད་ཏན་ཐམས་ཅད་ནི་དམིགས་པའི་ཕྱིར་རོ་ཞེས་བྱ་བའི་གཏན་ཚིགས་ཡིན་པ་ལྟ་བུའོ་༎
 ३५। नवैते ऽसिद्धा हेत्वाभासाः ॥	བཅུ་པོ་འདི་དག་ནི་མ་གྲུབ་པ་ཞེས་བྱ་བའི་གཏན་ཚིགས་ལྟར་སྣང་བའོ་༎
 ३६। कीदृशः पुनरनैकान्तिको हेत्वाभासः । उच्यते ।	མ་ངེས་པའི་གཏན་ཚིགས་ལྟར་སྣང་བ་ཡང་ཅི་འདྲ་བ་ཞིག་ཅེ་ན་། སྨྲས་པ་། དཔེར་ན་སྒྲ་༄༣༡༦ཨ་༌་༎
 ३७। यथा शब्दस्य नित्यत्वादिके धर्मे साध्ये प्रमेयत्वादिति हेतुः सपक्षविपक्षयोः सर्वत्र वर्त्तमानः साधारणो ऽनैकान्तिक इति ॥	རྟག་པ་ལ་སོགས་པའི་ཆོས་བསྒྲུབ་པར་བྱ་བ་ལ་། གཞལ་བྱ་ཡིན་པའི་ཕྱིར་ཞེས་པའི་གཏན་ཚིགས་ནི་། མཐུན་པའི་ཕྱོགས་དང་མི་མཐུན་པའི་ཕྱོགས་ཐམས་ཅད་ལ་འཇུག་པའི་ཐུན་མོང་གི་མ་ངེས་པའི་ཞེས་བྱའོ་༎ 
 ३८। एवं शब्दो नित्य इति साध्ये श्रावणत्वादिति हेतुः सपक्षे विपक्षे चावृत्तेरसाधारणो ऽनैकान्तिकः ॥	ད་བཞིན་དུ་སྒྲ་རྟག་པར་བསྒྲུབ་པར་བྱ་བ་ལ་། མཉན་པར་བྱ་བ་ཡིན་པའི་ཕྱིར་ཞེས་བྱ་བའི་གཏན་ཚིགས་ནི་མཐུན་པའི་ཕྱོགས་དང་མི་མཐུན་པའི་ཕྱོགས་ལ་མི་འཇུག་པའི་ཕྱིར་ཐུན་མོང་མ་ཡིན་པའི་མ་ངེས་པ་ཡིན་ནོ་༎
 ३९। एवं शब्दस्याप्रयत्नानन्तरीयकत्वे साध्ये ऽनित्यत्वादिति हेतुः सपक्षैकदेशवृत्ति र्विपक्षव्याप्यनैकान्तिकः ।	དེ་བཞིན་དུ་སྒྲ་བརྩལ་མ་ཐག་ཏུ་བྱུང་བའི་མ་ཡིན་པ་ཉིད་བསྒྲུབ་པར་བྱ་བ་ལ་མི་རྟག་པའི་ཕྱིར་རོ་ཞེས་བྱ་བའི་གཏན་ཚིགས་ནི་། མཐུན་པའི་ཕྱོགས་ཀྱི་ཕྱོགས་གཅིག་ལ་འཇུག་ལ་། མི་མཐུན་པའི་ཕྱོགས་ལ་ཁྱད་པར་འཇུག་པའི་མ་ངེས་པ་ཡིན་ཏེ་།
 अप्रयत्नानन्तरीयकस्य शब्दस्य सपक्षः विद्युदाकाशादिः ।	བརྩལ་མ་ཐག་ཏུ་བྱུང་བ་མ་ཡིན་པའི་སྒྲ་མཐུན་པའི་ཕྱོགས་ནི་གློག་དང་། ནམ་མཁའ་ལ་སོགས་པ་སྟེ་།
 तत्र सपक्षैकदेशे विद्युदादावनित्यत्वं वर्त्तते ।	དེ་ལ་མཐུན་པའི་ཕྱོགས་ལ་ཕྱོགས་གཅིག་གློག་ལ་སོགས་པ་ལ་ནི་མི་རྟག་པ་འཇུག་ལ་།
 नाकाशादौ ।	ནམ་མཁའ་ལ་སོགས་པ་ལ་ནི་མ་ཡིན་ནོ་༎
 विपक्षाः प्रयत्नानन्तरीयकादयः सर्वे । तेषु सर्वेष्वस्ति ॥	མི་མཐུན་པའི་ཕྱོགས་བརྩལ་མ་ཐག་ཏུ་བྱུང་བ་ལ་སོགས་པ་ཐམས་ཅད་ཡིན་ཏེ་དེ་ཐམས་ཅད་ལ་འཇུག་པ་ཡིན་ནོ་༎
 ४०। एवं शब्दस्य प्रयत्नानन्तीयकत्वे साध्ये ऽनित्यत्वादिति हेतु र्घटादौ सर्वत्र विद्यते । अप्रयत्नानन्तरीयको विपक्षः पुन र्विद्युदाकाशादिः ।	དེ་བཞིན་དུ་སྒྲ་ནི་བརྩལ་མ་ཐག་ཏུ་བྱུང་བ་ཉིད་ཡིན་ཏེ་ཞེས་བསྒྲུབ་པར་བྱ་བ་ལ་མི་རྟག་པའི་ཕྱིར་ཞེས་བྱ་བའི་གཏན་ཚིགས་ནི་། བུམ་པ་ལ་སོགས་པ་ཐམས་ཅད་ལ་ནི་ཡོད་ལ་བརྩལ་མ་ཐག་ཏུ་བྱུང་བ་མ་ཡིན་པ་མི་མཐུན་པའི་ཕྱོགས་ཡང་གློག་དང་ནམ་མཁའ་ལ་སོགས་པ་དེ་ལས་ཕྱོགས་གཅིག་གློག་ལ་སོགས་པ་ལ་ནི་འཇུག་ལ་།
 तत्रैकदेशे विद्युदादौ वर्त्तते नाकाशादौ ।	ནམ་མཁའ་ལ་སོགས་པ་ལ་ནི་མ་ཡིན་ལ་།
 तस्मादयं विपक्षैकदेशवृत्तिः सपक्षव्याप्यनैकान्तिको हेतुः ॥	དེའི་ཕྱིར་འདི་མི་མཐུན་པའི་ཕྱོགས་གཅིག་ལ་འཇུག་ལ་། མཐུན་པའི་ཕྱོགས་ལ་ཁྱབ་པའི་མ་ངེས་པའི་གཏན་ཚིགས་ཡིན་ནོ་༎
 ४१। उभयपक्षैकदेशवृत्तिरनैकान्तिको यथा ।	ཕྱོགས་གཉི་གའི་ཕྱོགས་གཅིག་ལ་འཇུག་པའི་མ་ངེས་པ་ནི་དཔེར་ན་།
 धर्मी शब्दो नित्य इति साध्ये ऽमूर्त्तत्वादिति हेतुः ।	ཆོས་ཅན་ལ་སྒྲ་རྟག་པར་བསྒྲུབ་པར་བྱ་བ་ལ་། ལུས་ཅན་མ་ཡིན་པའི་ཕྱིར་ཞེས་བྱ་བའི་གཏན་ཚིགས་ནི་།
 परमाण्वाकाशादिः सपक्षः । तत्र सपक्षैकदेश आकाशे ऽमूर्त्तत्वं विद्यते न परमाणौ परमाणूनां मूर्त्तत्वात् ।	མཐུན་པའི་ཕྱོགས་རྡུལ་ཕྲ་རབ་དང་ནམ་མཁའ་ལ་སོགས་པ་དེ་ལ་མཐུན་པའི་ཕྱོགས་གཅིག་ནམ་མཁའ་ནི་ལུས་ཅན་མ་ཡིན་པ་འཇུག་ལ་། རྡུལ་ཕྲ་རབ་ནི་མ་ཡིན་ཏེ་རྡུལ་ཕྲ་རབ་རྣམས་ལུས་ཅན་ཡིན་པའི་ཕྱིར་རོ་༎
 घटसुखादिरनित्यो विपक्षः । तदेकदेशे सुखादौ विद्यते न घटादाविति ॥	བུམ་པ་དང་བདེ་བ་ལ་སོགས་པ་མི་རྟག་པ་མི་མཐུན་པའི་ཕྱོགས་གཅིག་བདེ་བ་ལ་སོགས་པ་ལ་འཇུག་ལ་། བུམ་པ་ལ་སོགས་པ་༄༣༡༦བ་མ་ཡིན་པ་ལྟ་བུའོ་༎
 ४२। एवं संदिग्धविपक्षव्यावृत्तिः सपक्षव्याप्यनैकान्तिको हेतुर्यथा ।	དེ་བཞིན་དུ་མི་མཐུན་པའི་ཕྱོགས་ལ་ལྡོག་པ་ལ་ནི་ཐེ་ཚོམ་ཟ་ལ་། མཐུན་པའི་ཕྱོགས་ལ་ཁྱབ་པའི་མ་ངེས་པའི་གཏན་ཚིགས་ནི་།
 कपिलादि र्धर्म्यसर्वज्ञ इति साध्ये वक्तृत्वादिति हेतू रथ्यापुरुषादौ सपक्षे विद्यते विपक्षे सर्वज्ञे संदिग्धः ।	དཔེར་ན་སེར་སྐྱ་ལ་སོགས་པའི་ཆོས་ཅན་ཐམས་ཅད་མཁྱེན་པ་མ་ཡིན་ཏེ་ཞེས་བསྒྲུབ་པར་བྱ་བ་ལས་སྨྲ་བའི་ཕྱིར་ཞེས་བྱ་བའི་གཏན་ཚིགས་ནི་༏་ལམ་པོ་ཆེའི་སྐྱེས་བུ་ལ་སོགས་པ་དང་མཐུན་པའི་ཕྱོགས་ལ་ནི་ཡོད་ལ་། མི་མཐུན་པའི་ཕྱོགས་ཐམས་ཅད་མཁྱེན་པ་ལ་ནི་ཐེ་ཚོམ་ཟ་སྟེ་།
 सर्वज्ञस्यातीन्द्रियत्वाद्वक्तृत्वमस्ति न वेति संदेहः ॥	ཐམས་ཅད་མཁྱེན་པ་ནི་དབང་པོ་ལས་འདས་པའི་ཕྱིར་སྨྲ་བ་ཡོད་དམ་མེད་པ་ལ་ཐེ་ཚོམ་ཟ་བ་ཡིན་ནོ་༎
 ४३। एवं संदिग्धसपक्षवृत्तिर्विपक्षव्याप्यनैकान्तिको हेतुर्यथा ।	དེ་བཞིན་དུ་མཐུན་པའི་ཕྱོགས་ལ་འཇུག་པ་ལ་ནི་༏་ཐེ་ཚོམ་ཟ་ལ་མི་མཐུན་པའི་ཕྱོགས་ལ་ཁྱབ་པའི་མ་ངེས་པའི་གཏན་ཚིགས་ནི་དཔེར་ན་།
 ऋषभवर्धमानादि र्धर्मी सर्वज्ञ इति साध्ये केवलशास्त्रकर्त्तृत्वादिति हेतुः सपक्षे सर्वज्ञे संदिग्धः ।	ཁྱུ་མཆོག་དང་འཕེལ་བ་ལ་སོགས་པའི་ཆོས་ཅན་ཐམས་ཅད་མཁྱེན་པ་ཡིན་ནོ་ཞེས་བསྒྲུབ་པར་བྱ་བ་ལ་བསྟན་བཅོས་འབའ་ཞིག་བྱེད་པའི་ཕྱིར་ཞེས་བྱ་བ་ལ་གཏན་ཚིགས་ནི་མཐུན་པའི་ཕྱོགས་ཐམས་ཅད་མཁྱེན་པ་ལ་ནི་ཐེ་ཚོམ་ཟ་སྟེ་།
 सर्वज्ञस्यातीन्द्रियत्वात् केवलशास्त्रकर्त्तरि संदेहः ।	ཐམས་ཅད་མཁྱེན་པ་ནི་དབང་པོ་ལས་ཤིན་ཏུ་འདས་པའི་ཕྱིར་། བསྟན་བཅོས་འབའ་ཞིག་བྱེད་པ་ལ་ཐེ་ཚོམ་ཟ་བ་ཡིན་ནོ་༎
 विपक्षे॥॥॥॥॥।आदावसर्वज्ञे ऽस्तीति ॥ ४४। अन्वयव्यतिरेकयोः संदेहे ऽनैकान्तिको हेतुर्यथा । जीवच्छरीरं सात्मकं प्राणादिमत्वादिति हेतुः ।	མི་མཐུན་པའི་ཕྱོགས་པ་ར་ཧ་དང་མ་ཧ་རེ་ལ་སོགས་པ་ཐམས་ཅད་མཁྱེན་པ་མ་ཡིན་པ་ལ་ཡོད་པ་ལྟ་བུའོ་༎
 जीवच्छरीरसम्बन्धी प्राणादिः सात्मके निरात्मके वा वर्त्तमानो व्यावृत्तो वेत्यनिश्चयः ॥ ४५। ततः केवलान्वयी हेतुर्दृष्टान्ताभावात् ॥	རྗེས་སུ་འགྲོ་བ་དང་ལྡོག་པ་ལ་ཐེ་ཚོམ་ཟ་བའི་མ་ངེས་པའི་གཏན་ཚིགས་ནི་དཔེར་ན་གསོན་པོའི་ལུས་ནི་བདག་དང་བཅས་པ་ཡིན་ཏེ་སྲོག་ཆགས་ལ་སོགས་པ་དང་ལྡན་པའི་ཕྱིར་རོ་ཞེས་བྱ་བའི་གཏན་ཚིགས་ནི་གསོན་པོའི་ལུས་དང་འབྲེལ་བ་ཅན་སྲོག་ལ་སོགས་པ་བདག་དང་བཅས་པའམ་བདག་མེད་པ་ལ་འཇུག་པའམ་ལྡོག་པ་མ་ངེས་པ་ཡིན་ཏེ་༏་དེ་བས་ན་རྗེས་སུ་འགྲོ་བ་འབའ་ཞིག་པའི་གཏན་ཚིགས་ཡིན་ཏེ་དཔེ་མེད་པ་ཡིན་པའི་ཕྱིར་རོ་༎ 
 ४६। एवं द्वितीयो ऽपि केवलव्यतिरेकी ।	དེ་བཞིན་དུ་གཉིས་པ་ལ་ཡང་ལྡོག་པ་འབའ་ཞིག་ཡིན་ཏེ་།
 जीवच्छरीरमिदं न निरात्मकं प्राणाद्यभावप्रसङ्गादिति ।	གསོན་པོའི་ལུས་འདི་ནི་བདག་མེད་པ་མ་ཡིན་ཏེ་སྲོག་ལ་སོགས་པ་མེད་པར་ཐལ་བར་འགྱུར་བའི་ཕྱིར་རོ་ཞེས་བྱ་བ་ལྟ་བུའོ་༎
 दृष्टान्ताभावादन्वयस्यानिश्चयो व्यतिरेकस्य च निश्चय इत्ययं संदिग्धो हेतुः ॥	དཔེ་མེད་པ་ཉིད་ཀྱི་ཕྱིར་རྗེས་སུ་འགྲོ་བ་ངེས་པ་མེད་པ་དང་། ལྡོག་པ་ཡང་ངེས་པ་འདི་ནི་ཐེ་ཚོམ་ཟ་བའི་གཏན་ཚིགས་སོ་༎
 ४७। एते दशानैकान्तिकहेत्वाभासा उदाहृताः ॥	བཅུ་པོ་འདི་དག་ནི་མ་ངེས་པའི་གཏན་ཚིགས་ལྟར་སྣང་བ་ཞེས་བསྟན་ཏོ་༎
 ४८। विरुद्धा हेत्वाभासाः कीदृशाः ॥	འགལ་བའི་གཏན་ཚིགས་ལྟར་སྣང་བ་ཅི་འདྲ་བ་ཞིག་ཅེ་ན་།
 ४९। यथा धर्मी शब्दो नित्य इति साध्यधर्मः ।	དཔེར་ན་ཆོས་ཅན་སྒྲ་རྟག་སྟེ་ཞེས་བྱ་བ་ནི་༄༣༡༧ཨ་༌་༎ བསྒྲུབ་པར་བྱ་བའི་ཆོས་སོ་༎
 कृतकत्वादाकाशादिवदित्ययं हेतुर्घटादौ विपक्ष एव विद्यते न सपक्षे ॥	བྱས་པའི་ཕྱིར་ནམ་མཁའ་ལ་སོགས་པ་བཞིན་ནོ་ཞེས་བྱ་བའི་གཏན་ཚིགས་འདི་ནི་བུམ་པ་ལ་སོགས་པ་མི་མཐུན་པའི་ཕྱོགས་ཉིད་ལ་ཡོད་ལ་མཐུན་པའི་ཕྱོགས་ལ་ནི་མ་ཡིན་པ་ལྟ་བུའོ་༎ དེ་བཞིན་དུ་ཆོས་ཅན་སྒྲ་རྟག་སྟེ་ཞེས་བསྒྲུབ་པར་བྱ་བ་ལ་།
 ५०। एवं धर्मी शब्दो नित्य इति साध्ये प्रयत्नानन्तरीयकत्वादिति हेतुः सपक्ष आकाशादौ नास्ति घटादावेकदेशे ऽस्ति विद्युदादौ नास्तीति ।	བརྩལ་མ་ཐག་ཏུ་བྱུང་བ་ཡིན་པའི་ཕྱིར་ཞེས་བྱ་བའི་ཕྱིར་གཏན་ཚིགས་མཐུན་པའི་ཕྱོགས་ནམ་མཁའ་ལ་སོགས་པ་ལ་མེད་ཕྱོགས་གཅིག་བུམ་པ་ལ་སོགས་པ་ལ་ནི་ཡོད་ལ་། གློག་ལ་སོགས་པ་ལ་ནི་མེད་པ་ལྟ་བུའོ་༎
 इमौ द्वौ हेतू धर्मस्वरूपविपरीतसाधनौ ॥ ५१। धर्मिस्वरूपविपरीतसाधनो द्विविधो यथा ।	གཏན་ཚིགས་འདི་གཉིས་ནི་ཆོས་ཀྱི་རང་གི་ངོ་བོ་ཕྱིན་ཅི་ལོག་ཏུ་བསྒྲུབ་པ་དང་། ཆོས་ཅན་རང་གི་ངོ་བོ་ཕྱིན་ཅི་ལོག་ཏུ་བསྒྲུབ་པ་ལ་རྣམ་པ་གཉིས་ཡིན་ཏེ་།
 एते चक्षुरादयः परार्था इति साध्यधर्मः संघातत्वादिति हेतुः शयनासनादिवदिति सपक्षनिर्देशः ।	དཔེར་ན་ཆོས་མིག་ལ་སོགས་པ་འདི་དག་གཞན་གྱི་དོན་དུ་བསྒྲུབ་པར་བྱ་བའི་ཆོས་སོ་༎ བསགས་པ་ཡིན་པའི་ཕྱིར་ཞེས་བྱ་བ་ནི་གཏན་ཚིགས་སོ་༎ ཁྲི་དང་སྟན་ལ་སོགས་པ་བཞིན་ནོ་ཞེས་བྱ་བ་ནི་མཐུན་པའི་ཕྱོགས་བསྟན་པའོ་༎
 अयं हेतुर्यथा चक्षुरादेः पारार्थ्यं साधयति तथा संहतत्वमपि परस्य साधयति ।	འདི་ལྟར་གཏན་ཚིགས་འདིས་མིག་ལ་སོགས་པ་གཞན་གྱི་དོན་དུ་སྒྲུབ་པར་བྱེད་ལ་། དེ་བཞིན་དུ་བསགས་པ་ཉིད་གཞན་གྱིར་སྒྲུབ་པར་བྱེད་དེ་།
 शयनासनादेः संहतदेवदत्तादिपरार्थत्वदर्शनात् ॥	ཁྲི་དང་སྟན་ལ་སོགས་པ་བསགས་པས་ལྷ་སྦྱིན་ལ་སོགས་པ་གཞན་གྱི་དོན་བྱེད་པར་མཐོང་བའི་ཕྱིར་རོ་༎ 
 ५२। धर्मिस्वरूपविपरीतसाधनो यथा ।	ཆོས་ཅན་གྱི་རང་གི་ངོ་བོ་ཕྱིན་ཅི་ལོག་ཏུ་བསྒྲུབ་པ་ནི་།
 धर्म्यादिर्बुद्धिमतः कारणादुत्पद्यत इति साध्ये साश्रत्वादिति हेतुः ।	དཔེར་ན་ཆོས་ཅན་ལ་སོགས་པ་ནི་བློ་དང་ལྡན་པའི་རྒྱུ་ལས་སྐྱེས་པ་ཡིན་ཏེ་ཞེས་བྱ་བར་བསྒྲུབ་པར་བྱ་བ་ལ་རྟེན་པ་དང་བཅས་པའི་ཕྱིར་ཞེས་བྱ་བ་ནི་གཏན་ཚིགས་སོ་༎
 घटादिवदिति सपक्षनिर्देशः ।	བུམ་པ་ལ་སོགས་པ་བཞིན་ནོ་ཞེས་བྱ་བས་ནི་། མཐུན་པའི་ཕྱོགས་བསྟན་ཏོ་༎
 यथानेन हेतुना बुद्धिमद्धेतुतो जातत्वं साध्यते तथा बुद्धिमत्कर्त्तुः साश्रयत्वमपि साध्यते ॥	འདི་ལྟར་གཏན་ཚིགས་འདིས་ནི་བློ་དང་ལྡན་པའི་རྒྱུ་ལས་སྐྱེས་པ་ཉིད་སྒྲུབ་པར་བྱེད་པ་ཡིན་ལ་། དེ་བཞིན་དུ་བློ་དང་ལྡན་པའི་བྱེད་པའི་རྟེན་པ་དང་བཅས་པ་ཡང་སྒྲུབ་པར་བྱེད་ལ་། 
 ५३। धर्मिविशेषविपरीतसाधनो यथा ।	།
 वैशेषिकेण योगाचारं प्रति धर्म्यात्मा चेतना इति साध्ये विज्ञानाधिष्ठानादिति हेतु र्यथाचेतनमात्मानं चेतनं साधयति तथायं हेतुरनित्यमपि साधयति विज्ञानस्यानित्यत्वात् ॥	བྱེ་བྲག་པས་དཔྱོད་པ་པ་ལ་ཆོས་བདག་ནི་སེམས་དང་ལྡན་པ་ཡིན་ནོ་ཞེས་བསྒྲུབ་པར་བྱ་བ་ལ་སེམས་ཀྱིས་བྱིན་གྱིས་བརླབས་པའི་ཕྱིར་ཞེས་བྱ་བའི་གཏན་ཚིགས་ནི་། བདག་སེམས་མེད་པ་ལ་ཇི་ལྟར་སེམས་དང་ལྡན་པར་སྒྲུབ་པར་བྱེད་པ་དེ་བཞིན་དུ་གཏན་ཚིགས་འདིས་མི་རྟག་པ་ཡང་སྒྲུབ་པར་བྱེད་དེ་། རྣམ་པར་ཤེས་པ་ནི་མི་རྟག་པའི་ཕྱིར་རོ་༎
 ५४। पञ्चभिरेतैर्विरुद्धा हेत्वाभासाः प्रदर्शिताः ॥	ལྔ་པོ་དེ་དག་གིས་ནི་འགལ་བའི་གཏན་ཚིགས་ལྟར་སྣང་བ་བསྟན་ཏོ་༎
 ५५। विरुद्धाव्यभिचारी कुत्रापि हेतुदोषो न भवतीति तस्योदाहरणोपन्यासो न युक्तः । उदाहरणमुच्यते चेत् । यत्सर्वदेशावस्थितैः स्वसम्बन्धिभिर्युगपदभिसम्बध्यते तत्सर्वगतम् । यथाकाशम् ।	འགལ་༄༣༡༧བ་བ་མི་འཁྲུལ་བ་ཞེས་བྱ་བ་ནི་གང་དུ་ཡང་གཏན་ཚིགས་ཀྱི་སྐྱོན་མ་ཡིན་པས་དེའི་དཔེ་བརྗོད་པ་མི་རིགས་ཏེ་།
 सर्वदेशावस्थितैः स्वसम्बन्धिभिर्युगपत् सामान्यमभिसम्बद्धमिति पैलुकस्य स्वभावहेतुप्रयोगः ।	དེའི་དཔེ་བརྗོད་ན་གང་ཕྱོགས་ཐམས་ཅད་ན་གནས་པ་དང་། བདག་ཉིད་རང་དང་གཅིག་པར་མངོན་པར་འབྲེལ་པ་ཅན་དེ་ནི་ཐམས་ཅད་དུ་འགྲོ་བ་ཡིན་ཏེ་། དཔེར་ན་ནམ་མཁའ་བཞིན་ཕྱོགས་ཐམས་ཅད་ན་གནས་པ་ནི་རང་དང་འབྲེལ་པས་ཅིག་ཅར་སྤྱི་དང་མངོན་པར་འབྲེལ་པ་ཡིན་ནོ་ཞེས་བྱ་བ་ནི་པེ་ལུ་ཀའི་རང་བཞིན་གྱི་གཏན་ཚིགས་ཀྱི་། སྦྱོར་བའོ་༎ 
 द्वितीयो ऽपि प्रयोगः पैठरस्य । यदुपलब्धिलक्षणप्राप्तं सद्यत्र नोपलभ्यते न तत् तत्र अस्ति ।	ཡང་སྦྱོར་བ་གཉིས་པ་ནི་དཔེ་ཐ་རའི་ཡིན་ཏེ་གང་དམིགས་པའི་མཚན་ཉིད་ཀྱིར་གྱུར་པ་གང་དུ་མི་དམིགས་པ་དེ་ནི་། སྦྱོར་བའོ་༎ མེད་དོ་༎ 
 तद्यथा कस्मिंश्चिद्देशे ऽविद्यमानो घटः ।	དཔེར་ན་ཕྱོགས་འགའ་ཞིག་ན་བུམ་པ་མེད་དེ་ཞེས་བྱ་བ་། སྦྱོར་བའོ་༎ མེད་དོ་༎ ལྟ་བུའོ་༎
 नोपलभ्यते च उपलब्धिलक्षणप्राप्तं सामान्यं व्यक्त्यन्तरालेष्विति ।	དམིགས་པའི་མཚན་ཉིད་ཀྱིར་གྱུར་པའི་སྤྱི་གསལ་བ་། སྦྱོར་བའོ་༎ མེད་དོ་༎ ལྟ་བུའོ་༎ དང་། གསལ་བའི་བར་ན་མི་དམིགས་པའི་ཕྱིར་རོ་ཞེས་བྱ་བ་ལྟ་བུའོ་༎
 अयमनुपलम्भहेतुः पूर्वोक्तश्च स्वभावहेतुः । अनयोः परस्परविरोधेन संशयजनकत्वात् ।	མི་དམིགས་པའི་གཏན་ཚིགས་འདི་དང་སྔར་བསྟན་པའི་རང་བཞིན་གྱི་གཏན་ཚིགས་འདི་ཕན་ཚུན་གནོད་པས་ཐེ་ཚོམ་བསྐྱེད་པའི་ཕྱིར་རོ་༎
 सपक्षादन्यो दृष्टान्तो न कश्चिदस्तीति सपक्ष एवायं साधर्म्येण दृष्टान्तो भवति ।	མཐུན་པའི་ཕྱོགས་དང་གཞན་པའི་དཔེ་ཞེས་བྱ་བ་ནི་འགའ་ཡང་མེད་དེ་མཐུན་པའི་ཕྱོགས་འདི་ཉིད་ཆོས་མཐུན་པའི་དཔེ་ཡིན་ནོ་༎
 ५६। तत्र कीदृशा दृष्टान्ताभासाः ॥	དེ་ལ་དཔེ་ལྟར་སྣང་བ་ཅི་ལྟ་བུ་ཞིག་ཅེ་ན་།
 ५७। साधर्म्येण तावत् ॥	ཆོས་མཐུན་པའི་རེ་ཞིག་འདི་ལྟ་བུ་སྟེ་།
 ५८। नित्यः शब्दो ऽमूर्त्तत्वात्कर्मवदिति साध्यविकलः कर्मणो ऽनित्यत्वात् ॥	སྒྲ་ནི་རྟག་སྟེ་ལུས་ཅན་མ་ཡིན་པའི་ཕྱིར་ལས་བཞིན་ནོ་ཞེས་བྱ་བ་ནི་བསྒྲུབ་པར་བྱ་བ་མ་ཚང་བ་ཡིན་ཏེ་ལས་ནི་མི་རྟག་པའི་ཕྱིར་རོ་༎ སྒྲ་ནི་རྟག་སྟེ་ལུས་ཅན་མ་ཡིན་པའི་ཕྱིར་རྡུལ་ཕྲ་རབ་བཞིན་ནོ་ཞེས་བྱ་བ་ནི་སྒྲུབ་པར་བྱེད་པ་མ་ཚང་བ་པའི་ཕྱིར་རོ་༎ ཡིན་ཏེ་། 
 ५९। नित्यः शब्दो ऽमूर्त्तत्वात्परमाणुवदिति साधनविकलः परमाणोर्मूर्त्तत्वात् ॥	རྡུལ་ཕྲ་རབ་ནི་ལུས་ཅན་ཡིན་པའི་ཕྱིར་རོ་༎
 ६०। नित्यः शब्दो ऽमूर्त्तत्वाद्धटवदिति साध्यसाधनविकलः ॥	སྒྲ་རྟག་སྟེ་ལུས་ཅན་མ་ཡིན་པའི་ཕྱིར་བུམ་པ་བཞིན་ནོ་ཞེས་བྱ་བ་སྒྲུབ་པར་བྱེད་པ་གཉི་ག་མ་ཚང་བ་ཡིན་ནོ་༎
 ६१। एवं संदिग्धसाध्यधर्मो दृष्टान्ताभासो यथा ।	དེ་བཞིན་དུ་བསྒྲུབ་པར་བྱ་བའི་ཆོས་ལ་ཐེ་ཚོམ་ཟ་བའི་དཔེ་ལྟར་སྣང་བ་ནི་དཔེར་ན་ཆོས་ཅན་སྐྱེས་བུ་འགའ་ཞིག་འདོད་ཆགས་ལ་སོགས་པ་དང་ལྡན་པ་ཡིན་ཏེ་།
 धर्मी पुरुषः कश्चिद्रागादिमान् वचनाद्रथ्यापुरुषवदिति ।	སྨྲ་བའི་ཕྱིར་ལམ་པོ་ཆེའི་སྐྱེས་བུ་བཞིན་ནོ་ཞེས་བྱ་བ་ལ་།
 रथ्यापुरुषदृष्टान्ते रागादिमत्त्वं संदिग्धम् । परचित्तानुमानस्य दुष्करत्वात् ॥	ལམ་པོ་ཆེའི་སྐྱེས་བུའི་དཔེ་ལས་འདོད་ཆགས་ལ་སོགས་པ་དང་ལྡན་པ་ལ་ཐེ་ཚོམ་ཟ་སྟེ་། གཞན་གྱི་སེམས་ནི་རྗེས་སུ་རྟོགས་པར་དཀའ་བའི་ཕྱིར་རོ་༎
 ६२। संदिग्धसाधनधर्मो यथा । मरणधर्मा पुरुष इति साध्ये रागादिमत्त्वादिति हेतू रथ्यापुरुषदृष्टान्ते संदिग्धः ।	སྒྲུབ་པར་བྱེད་པའི་ཆོས་ལ་ཐེ་ཚོམ་ཟ་བ་ན་དཔེར་ན་སྐྱེས་བུ་གང་ཞིག་འཆི་བའི་ཆོས་དང་ལྡན་པ་ཡིན་ཏེ་ཞེས་བསྒྲུབ་པར་བྱ་བ་ལ་འདོད་ཆགས་ལ་སོགས་པ་དང་ལྡན་པ་༄༣༡༨ཨ་༌་༎ ཡིན་པའི་ཕྱིར་ཞེས་བྱ་བའི་གཏན་ཚིགས་ནི་ལམ་པོ་ཆེའི་སྐྱེས་བུའི་དཔེ་ལ་ཐེ་ཚོམ་༌་༎ སྟེ་། 
 वीतरागस्यापि सरागवच्चलत्वात् ॥	འདོད་ཆགས་དང་བྲལ་བ་ཡང་འདོད་ཆགས་དང་བཅས་པ་བཞིན་དུ་ག-ཡོ་བའི་ཕྱིར་༌་༎ སྟེ་། རོ་༎ 
 ६३। संदिग्धोभयधर्मो दृष्टान्ताभासो यथा । धर्मी कश्चित् पुरुषः असर्वज्ञ इति साध्ये रागादिमत्त्वादिति हेतुः । रथ्यापुरुषदृष्टान्ते साध्यं साधनं च संदिग्धम् ॥	ཆོས་གཉི་ག་ལ་ཐེ་ཚོམ་ཟ་བའི་དཔེ་ལྟར་སྣང་བ་དཔེར་ན་ཆོས་ཅན་སྐྱེས་བུ་འགའ་ཞིག་ཐམས་ཅད་མཁྱེན་པ་མ་ཡིན་ཏེ་ཞེས་བསྒྲུབ་པར་བྱ་བ་ལ་འདོད་ཆགས་ལ་སོགས་པ་དང་ལྡན་པའི་ཕྱིར་རེ་ཞེས་བྱ་བའི་གཏན་ཚིགས་ནི་ལམ་པོ་ཆེའི་སྐྱེས་བུའི་དཔེ་ལ་བསྒྲུབ་པར་བྱ་བ་དང་། སྒྲུབ་པར་བྱེད་པ་ལ་ཐེ་ཚོམ་ཟ་བ་ཡིན་ནོ་༎
 ६४। अनन्वयो ऽप्रदर्शितान्वयो विपरीतान्वयश्च दृष्टान्ताभासाः ॥	རྗེས་སུ་འགྲོ་བ་མེད་པ་དང་། རྗེས་སུ་འགྲོ་བ་མ་བསྟན་པ་དང་། རྗེས་སུ་འགྲོ་བ་ཕྱིན་ཅི་ལོག་གི་དཔེ་ལྟར་སྣང་བ་ནི་།
 ६५। तत्रानन्वयो यथा । यो वक्ता स रागादिमान् रथ्यापुरुषवत् ।	དེ་ལ་རྗེས་སུ་འགྲོ་བ་མེད་པ་ནི་དཔེར་ན་གང་སྨྲ་བ་དེ་ནི་འདོད་ཆགས་ལ་སོགས་པ་དང་ལྡན་པ་ཡིན་ཏེ་ལམ་པོ་ཆེའི་སྐྱེས་བུ་བཞིན་ནོ་༎ 
 वक्तृत्वरागादिमत्त्वयोः कार्यकारणभावप्रतिषेधात् ॥	སྨྲ་བར་བྱེད་པ་དང་འདོད་ཆགས་ལ་སོགས་པ་དང་ལྡན་པ་དག་བྱ་བ་བྱེད་པའི་ངོ་བོ་བཀག་པའི་ཕྱིར་རོ་༎
 ६६। अप्रदर्शितान्वयो यथा । अनित्यः शब्दः कृतकत्वादिति ।	རྗེས་སུ་འགྲོ་བ་མ་བསྟན་པ་ནི་དཔེར་ན་སྒྲ་ནི་མི་རྟག་སྟེ་བྱས་པའི་ཕྱིར་རོ་ཞེས་བྱ་བ་ལྟ་བུའོ་༎
 अत्रान्वयव्याप्तिरप्रदर्शिता ।	འདི་ལ་རྗེས་སུ་འགྲོ་བ་ཡོད་མོད་ཀྱི་ཁྱབ་པ་མ་བསྟན་པ་ཞེས་བྱ་བ་སྟེ་།
 वक्तृदोषादयं दृष्टान्ताभासः ॥	དེ་ནི་སྨྲ་བའི་ཉེས་པས་དཔེ་ལྟར་སྣང་བ་བཞིན་ནོ་༎
 ६७। विपरीतान्वयो यथा ।	རྗེས་སུ་འགྲོ་བ་ཕྱིན་ཅི་ལོག་ནི་།
 यदनित्यं तत्कृतकमिति ।	དཔེར་ན་གང་རྟག་པ་དེ་ནི་བྱས་པ་ཡིན་ཏེ་།
 घटादिवदिति । अत्रानित्यत्वं साध्यम् । साध्येन साधनस्य व्याप्तिर्दर्शनीया साधनेन तु साध्यस्य व्याप्तिर्दर्शिता ।	བུམ་པ་ལ་སོགས་པ་བཞིན་ནོ་ཞེས་བྱ་བ་ནི་འདིར་མི་རྟག་པ་ནི་བསྒྲུབ་པར་བྱ་བ་ཡིན་ཏེ་བསྒྲུབ་པར་བྱ་བས་སྒྲུབ་པར་བྱེད་པ་ལ་ཁྱབ་པ་བསྟན་པར་བྱ་བ་ཡིན་གྱི་། སྒྲུབ་པར་བྱེད་པས་བསྒྲུབ་པར་བྱ་བ་ལ་ཁྱབ་པ་བསྟན་པར་བྱ་བ་མ་ཡིན་ནོ་༎
 ततो विपरीतान्वयो दृष्टान्ताभासः ॥	དེའི་ཕྱིར་རྗེས་སུ་འགྲོ་བ་ཕྱིན་ཅི་ལོག་གི་དཔེ་ལྟར་སྣང་བ་ཡིན་ནོ་༎
 ६८। साधर्म्येणैते नव दृष्टान्ताभासा उक्ताः ॥	དེ་དག་ནི་ཆོས་མཐུན་པའི་དཔེ་ལྟར་སྣང་བ་དགུ་བསྟན་པ་ཡིན་ནོ་༎
 ६९। वैधर्म्येण दृष्टान्ताभासा उच्यन्ते ॥	ཆོས་མི་མཐུན་པའི་དཔེ་ལྟར་སྣང་བ་བསྟན་པར་བྱ་སྟེ་།
 ७०। साध्याव्यावृत्तो दृष्टान्ताभासो यथा ।	བསྒྲུབ་པར་བྱ་བ་ལྡོག་པ་མེད་པའི་དཔེ་ལྟར་སྣང་བ་ནི་།
 नित्यः शब्दो ऽमूर्त्तत्वात्परमाणुवदिति ।	དཔེར་ན་སྒྲ་རྟག་སྟེ་ལུས་ཅན་མ་ཡིན་པའི་ཕྱིར་།
 इह परमाणुर्वैधर्म्यदृष्टान्त इति साधनधर्मो ऽमूर्त्तत्वं व्यावृत्तं मूर्त्तत्वात्परमाणुनाम् ।	རྡུལ་ཕྲ་རབ་བཞིན་ནོ་ཞེས་བྱ་བ་ནི་འདིར་རྡུལ་ཕྲ་རབ་ནི་ཆོས་མི་མཐུན་པའི་དཔེ་ཡིན་པའི་ཕྱིར་ལུས་ཅན་མ་ཡིན་པ་སྒྲུབ་པར་བྱེད་པའི་ཆོས་ལྡོག་པ་ཡིན་ཏེ་། རྡུལ་ཕྲ་རབ་ནི་ལུས་ཅན་ཡིན་པའི་ཕྱིར་རོ་༎
 साध्यधर्मो नित्यत्वं न व्यावृत्तं नित्यत्वात्परमाणुनामिति ॥ ७१। साधनाव्यावृत्तो यथा । नित्यः शब्दो ऽमूर्त्तत्वात् कर्मवदिति ।	བསྒྲུབ་པར་བྱ་བའི་ཆོས་རྟག་པ་ནི་ལོག་པ་མ་ཡིན་རྡུལ་ཕྲ་རབ་ནི་རྟག་པའི་ཕྱིར་རོ་༎ སྒྲུབ་པར་བྱེད་པ་ལྡོག་པ་མེད་པ་ནི་དཔེར་ན་སྒྲ་རྟག་སྟེ་ལུས་ཅན་མ་ཡིན་པའི་ཕྱིར་ལས་བཞིན་ནོ་ཞེས་བྱ་བ་ནི་འདིར་བསྒྲུབ་པར་བྱ་བའི་ཆོས་རྟག་༄༣༡༨བ་པ་པ་ཉིད་ལྡོག་༎ པ་ཡིན་ཏེ་། 
 इह साध्यधर्मो नित्यत्वं व्यावृत्तं कर्मणो ऽनित्यत्वात् साधनधर्मो न व्यावृत्तो ऽमूर्त्तत्वात्कर्मणः ॥	ལས་ནི་མི་རྟག་པའི་ཕྱིར་རོ་༎ སྒྲུབ་པར་བྱེད་པའི་ཆོས་ནི་ལྡོག་པ་མ་ཡིན་ཏེ་། ལས་ནི་ལུས་ཅན་མ་ཡིན་པའི་ཕྱིར་རོ་༎
 ७२। उभयाव्यावृत्तो यथा । नित्यः शब्दो ऽमूर्त्तत्वादाकाशादिवदिति । अत्राकाशादेर्वैधर्म्यदृष्टान्तात् साध्यं साधनं च न व्यावृत्तम् ॥	གཉི་ག་ལྡོག་པ་མེད་པ་ནི་དཔེར་ན་སྒྲ་ནི་རྟག་སྟེ་ལུས་ཅན་མ་ཡིན་པའི་ཕྱིར་ནམ་མཁའ་ལ་སོགས་པ་བཞིན་ནོ་ཞེས་བྱ་བ་འདིར་ནམ་མཁའ་ལ་སོགས་པའི་ཆོས་མི་མཐུན་པའི་དཔེ་ལས་བསྒྲུབ་པར་བྱ་བ་དང་། སྒྲུབ་པར་བྱེད་པ་ལྡོག་པ་མེད་པ་ཡིན་ནོ་༎
 ७३। तथा संदिग्धसाध्यव्यतिरेकः संदिग्धसाधनव्यतिरेकः संदिग्धोभयव्यतिरेकश्च ॥	དེ་བཞིན་དུ་བསྒྲུབ་པར་བྱ་བ་དང་ལྡོག་པ་ལ་ཐེ་ཚོམ་ཟ་བ་དང་། སྒྲུབ་པར་བྱེད་པ་ལྡོག་པ་ལ་ཐེ་ཚོམ་ཟ་བ་དང་། གཉི་ག་ལྡོག་པ་ལ་ཐེ་ཚོམ་ཟ་བ་ལས་བསྒྲུབ་པར་བྱ་བ་ལྡོག་པ་ལ་ཐེ་ཚོམ་ཟ་བའི་དཔེ་ལྟར་སྣང་བ་ནི་། དཔེར་ན་སེར་སྐྱ་ལ་སོགས་པ་ནི་ཐམས་ཅད་མཁྱེན་པ་མ་ཡིན་ཏེ་།
 ७४। संदिग्धसाध्यव्यतिरेको दृष्टान्ताभासो यथा । असर्वज्ञाः कपिलादयो ऽविद्यमानसर्वज्ञतालिङ्गभूतकेवलशास्त्रकर्त्तृत्वादिति । अत्र वैधर्म्येणोदाहरणमुच्यते । यः सर्वज्ञः स ज्योतिर्ज्ञानादिकमुपदिष्टवान् । तद्यथा ऋषभवर्द्धमानादिरिति ।	ཐམས་ཅད་མཁྱེན་པའི་རྟགས་སུ་གྱུར་པའི་བསྟན་བཅོས་འབའ་ཞིག་བྱས་པ་མེད་པའི་ཕྱིར་རོ་ཞེས་བྱ་བ་འདིར་ཆོས་མི་མཐུན་པའི་དཔེར་བརྗོད་པ་གང་ཐམས་ཅད་མཁྱེན་པ་མ་ཡིན་པ་དེས་ནི་སྐར་མ་ཤེས་པ་ལ་སོགས་པའི་བསྟན་བཅོས་ཏེ་དཔེར་ན་ཁྱུ་མཆོག་དང་འཕེལ་བ་ལ་སོགས་པ་བཞིན་ནོ་ཞེས་བྱ་བ་ལ་འདིར་ཆོས་མི་མཐུན་པའི་དཔེར་བརྗོད་ལ་། ཁྱུ་མཆོག་དང་འཕེལ་བ་ལ་སོགས་པ་ལས་ཐམས་ཅད་མཁྱེན་པ་མ་ཡིན་པ་ལ་ལོག་གམ་མི་ལོག་ཐེ་ཚོམ་ཡིན་ནོ་༎
 इह वैधर्म्योदाहरण उक्त ऋषभवर्धमानादेरसर्वज्ञत्वं व्यावृत्तमव्यावृत्तं वेति संदेहः ॥ ७५। संदिग्धसाधनव्यतिरेको यथा । इह त्रयीविदा ब्राह्मणेन कपिलकणादादिः पुरुषो न ग्राह्यवचनो रागादिमत्त्वादिति ।	སྒྲུབ་པར་བྱེད་པ་ལྡོག་པ་ལ་ཐེ་ཚོམ་ཟ་བ་ནི་༏་དཔེར་ན་འདིར་གསུམ་རིག་པའི་བྲམ་ཟེ་སེར་སྐྱ་དང་གཟེགས་ཟན་ལ་སོགས་པའི་སྐྱེས་བུའི་ཚིག་གཟུང་བར་བྱ་བ་མ་ཡིན་ཏེ་།
 अत्र वैधर्म्योदाहरणमुच्यते यो ग्राह्यवचनो न स रागादिमान् यथा गोतमादयः धर्मशास्त्राणां प्रणेतार इति ।	འདོད་ཆགས་ལ་སོགས་པ་དང་ལྡན་པའི་ཕྱིར་རོ་ཞེས་བྱ་བ་འདིར་ཆོས་མཐུན་པའི་དཔེ་བརྗོད་པ་ནི་གང་གི་ཚིག་གཟུང་བར་བྱ་བ་དེ་ནི་འདོད་ཆགས་ལ་སོགས་པ་དང་ལྡན་པ་མ་ཡིན་ཏེ་། དཔེར་ན་གོཨོ་ཏ་མ་ལ་སོགས་པའི་ཆོས་ཀྱི་བསྟན་བཅོས་རྩོམ་པ་ལྟ་བུ་སྟེ་།
 गोतमादिभ्यो रागादिमत्वस्य साधनधर्मस्य व्यावृत्तिः संदिग्धा ॥	གོཨོ་ཏ་མ་ལ་སོགས་པ་ལས་འདོད་ཆགས་ལ་སོགས་པ་དང་ལྡན་པའི་ཆོས་ལྡོག་པ་ལ་ཐེ་ཚོམ་ཟ་བའོ་༎ 
 ७६। संदिग्धोभयव्यतिरेको यथा ।	གཉི་ག་ལྡོག་པ་ལ་ཐེ་ཚོམ་ཟ་བ་ནི་དཔེར་ན་སེར་སྐྱ་ལ་སོགས་པ་ནི་འདོད་ཆགས་དང་བྲལ་བ་མ་ཡིན་ཏེ་ཚོམ་ཟ་བའོ་༎ 
 अवीतरागाः कपिलादयः परिग्रहाग्रहयोगादिति ।	། ཡོངས་སུ་འཛིན་པ་དང་ཀུན་དུ་འཛིན་པ་དང་ལྡན་པའི་ཕྱིར་ཞེས་བྱ་ཚོམ་ཟ་བའོ་༎ 
 अत्र वैधर्म्येणोदाहरणमुच्यते ।	།
 यो वीतरागः स न परिग्रहाग्रहवान् यथा ऋषभवर्द्धेमानादिरिति ।	གང་འདོད་ཆགས་དང་བྲལ་བ་དེ་ནི་ཡོངས་སུ་འཛིན་པ་དང་། ཀུན་དུ་འཛིན་པ་དང་ལྡན་བ་མ་ཡིན་ཏེ་། དཔེར་ན་ཁྱུ་མཆོག་དང་འཕེལ་བ་ལ་སོགས་པ་བཞིན་༄༣༡༩ཨ་༌་༎
 ऋषभादेः वैधर्म्यदृष्टान्ताद् वीतरागत्वपरिग्रहाग्रहयोः साध्यसाधनधर्मयोर्व्यतिरेको ऽव्यतिरेको वेति संदेहः ।	ནོ་ཞེས་བྱ་བ་ལ་། ཁྱུ་མཆོག་ལ་སོགས་པ་ཆོས་མི་མཐུན་པའི་དཔེ་ལས་འདོད་ཆགས་དང་བྲལ་བ་ཉིད་བསྒྲུབ་པར་བྱ་བའི་ཆོས་དང་ཡོངས་སུ་འཛིན་པ་དང་། ཀུན་དུ་འཛིན་པ་སྒྲུབ་པར་བྱེད་པའི་ཆོས་ལྡོག་གམ་མི་ལྡོག་ཐེ་ཚོམ་ཟའི་།
 प्रागलब्धस्य वस्तुनो लाभः परिग्रहः लब्धस्यापरिवर्जनमाग्रहः ।	སྔར་མ་རྙེད་པ་དངོས་པོ་རྙེད་པ་ནི་ཡོངས་སུ་འཛིན་པའོ་༎ རྙེད་པ་ཡོངས་སུ་མི་གཏོང་བ་ནི་ཀུན་དུ་འཛིན་པའོ་༎
 उभयोरपि तयो रृषभे सम्भवः ।	གཉིས་པོ་དེ་དག་ཀྱང་ཁྱུ་མཆོག་ལ་སོགས་པ་ལ་སྲིད་དེ་།
 छत्रचामरमहादुन्दुभीनां परिग्रहाग्रहश्रवणात् ।	གདུགས་དང་། རྔ་ཡབ་དང་། རྔ་བོ་ཆེ་རྣམས་ཡོངས་སུ་འཛིན་པ་དང་། ཀུན་དུ་འཛིན་པ་ཐོས་པའི་ཕྱིར་རོ་༎
 ७७। अव्यतिरेको वैधर्म्यदृष्टान्ताभासो ऽप्रदर्शितव्यतिरेको विपरीतव्यतिरेकश्चेति ॥ ७८। अव्यतिरेको यथा । कपिलादिरवीतरागो वक्तृत्वात् ।	ལྡོག་པ་མེད་པའི་ཆོས་མི་མཐུན་པའི་དཔེ་ལྟར་སྣང་བ་དང་༏་ལྡོག་པ་རབ་ཏུ་མ་བསྟན་པ་དང་། ལྡོག་པ་ཕྱིན་ཅི་ལོག་ཅེས་བྱ་བ་ལས་། ལྡོག་པ་མེད་པ་ནི་དཔེར་ན་སེར་སྐྱ་ལ་སོགས་པ་འདོད་ཆགས་དང་བྲལ་བ་མ་ཡིན་ཏེ་། སྨྲས་པའི་ཕྱིར་རོ་༎
 यत्रावीतरागत्वं नास्ति न स वक्ता यथोपलखण्ड इति ।	གང་དུ་འདོད་ཆགས་དང་བྲལ་བ་མེད་པ་མ་ཡིན་པ་དེ་ནི་སྨྲ་བ་མ་ཡིན་ཏེ་། དཔེར་ན་རྡོའི་དུམ་བུ་བཞིན་ནོ་ཞེས་བྱ་བ་ལ་གལ་ཏེ་འདི་རྡོའི་དུམ་བུ་ལས་ལོག་མོད་ཀྱི་། 
 यद्यपीदमुपलखण्डाद्व्यावृत्तं तथापि सर्वस्माद्वीतरागाद्वक्तृत्वं न व्यावृत्तं सन्देहात् ॥	འོན་ཀྱང་འདོད་ཆགས་དང་བྲལ་བས་ཐམས་ཅད་ལས་སྨྲ་བ་ལོག་པ་མ་ཡིན་ཏེ་ཐེ་ཚོམ་ཟ་བའི་ཕྱིར་རོ་༎
 ७९। अप्रदर्शितव्यतिरेको यथा । अनित्यः शब्दः कृतकत्वादाकाशादिवदिति ।	ལྡོག་པ་མ་བསྟན་པ་ནི་དཔེར་ན་སྒྲ་མི་རྟག་སྟེ་བྱས་པའི་ཕྱིར་ནམ་མཁའ་ལ་སོགས་པ་བཞིན་ནོ་ཞེས་བྱ་བ་ནི་དོན་དམ་པར་ཡང་དག་པ་དཔེ་ཡིན་ཡང་།
 परमार्थतः सम्यगुदाहृतो ऽपि वक्तुरपराधाद्दृष्टान्ताभासः ।	སྨྲ་བ་པོའི་ཉེས་པས་དཔེ་ལྟར་སྣང་བ་ཡིན་ཏེ་།
 परार्थानुमाने वक्तुर्गुणदोषयोर्द्वयो र्विचारणीयत्वात् ।	གཞན་གྱི་དོན་གྱི་རྗེས་སུ་དཔག་པ་ལ་སྨྲ་བ་པོའི་ཡོན་ཏན་དང་། ཉེས་པ་གཉིས་རྣམ་པར་དཔྱད་པར་བྱ་བ་ཡིན་པའི་ཕྱིར་རོ་༎
 एवं यन्नित्यं तत्सर्वं नियतमकृतकं दृश्यते यथाकाशादिरिति वाग्विभागो वक्त्रा कर्त्तव्यः ।	འདི་ལྟར་གང་རྟག་པ་དེ་ཐམས་ཅད་ནི་ངེས་པར་མ་བྱས་པར་མཐོང་སྟེ་། དཔེར་ན་ནམ་མཁའ་ལ་སོགས་པ་བཞིན་ནོ་ཞེས་བྱ་བའི་ཚིག་གིས་རྣམ་པར་དབྱེ་སྟེ་སྨྲ་བ་པོས་ཁྱབ་པ་སྔོན་དུ་འགྲོ་བའི་ལྡོག་པ་མ་བསྟན་པའི་ཕྱིར་། 
 पूर्ववर्त्तिनो व्यतिरेकस्याप्रदर्शनादप्रदर्शितव्यतिरेकः ॥	ལྡོག་པ་རབ་ཏུ་མ་བསྟན་པ་ཞེས་བྱའོ་༎
 ८०। विपरीतव्यतिरेको यथा ।	ལྡོག་པ་ཕྱིན་ཅི་ལོག་ནི་དཔེར་ན་།
 यदकृतकं तन्नित्यं दृष्टमिति । इह तु साध्यविपरीते व्याप्तिर्दर्शनीया ।	གང་མ་བྱས་པ་དེ་ནི་རྟག་པར་མཐོང་སྟེ་ཞེས་བྱ་བ་ལ་འདིར་ནི་སྒྲུབ་པར་བྱེད་པ་ལོག་པ་ལ་ཁྱབ་པར་བསྟན་པར་བྱ་བ་ཡིན་ནོ་༏་། 
 तेन यद्यत्साध्यविपरीतं तत्तन्नियतं साधनविपरीतं भवेत् ॥	དེས་ན་གང་དང་གང་བསྒྲུབ་པར་བྱ་བ་ལོག་པ་དེ་དང་དེས་ངེས་པར་སྒྲུབ་པར་བྱེད་པ་ལྡོག་པར་འགྱུར་རོ་༎
 ८१। अष्टादश दृष्टान्ताभासा उक्ताः ॥	དཔེ་ལྟར་སྣང་བ་བཅོ་བརྒྱད་བཤད་ཟིན་ཏོ་༎
 ८२। एभिरेव पक्षहेतुदृष्टान्ताभासैर्वादिना साधनस्याव्युत्पत्तेः प्रतिवादी दूषणमुपन्यस्यति ।	ཕྱོགས་དང་གཏན་ཚིགས་དང་། དཔེ་ལྟར་སྣང་བ་དེ་དག་ཉིད་ཀྱིས་རྒོལ་བས་སྒྲུབ་པར་མི་བྱེད་པའི་ཕྱིར་བསྒྲུབ་པ་ལྟར་སྣང་བར་འགྱུར་བ་ཡིན་ནོ་༎ ༄༣༡༩བ་འདི་ལྟར་ཡང་ཕྱིར་རྒོལ་བས་སུན་འབྱིན་པ་ཉིད་ཉེ་བར་བཀོད་པ་དེ་དག་སུན་འབྱིན་པར་འགྱུར་བ་ཡིན་ཏེ་།
 तस्य दूषणस्य पूर्वपक्षवादिनो ऽभीष्टार्थसिद्धौ प्रतिबन्धकत्वात्साधनन्यूनतोद्भावनमेव दूषणमुच्यते ।	ཕྱོགས་སྔ་མ་རྒོལ་བའི་མངོན་པར་འདོད་པའི་དོན་འགྲུབ་པ་ལ་གགས་བྱེད་པའི་ཕྱིར་རོ་༎ སྒྲུབ་པར་བྱེད་པ་མ་ཚང་བར་བརྗོད་པ་ཉིད་སུན་འབྱིན་པ་ཡིན་ནོ་ཞེས་བསྟན་ཏོ་༎
 तस्मात्साधनवद्दूषणलक्षणविभगाः पृथग् नोक्तः ॥	དེ་ལྟ་བས་ན་སྒྲུབ་པར་བྱེད་པ་བཞིན་དུ་སུན་འབྱིན་པའི་མཚན་ཉིད་རྣམ་པར་ཕྱེ་སྟེ་ལོགས་ཤིག་ཏུ་མ་བསྟན་ཏོ་༎
 ८३। दूषणाभासो दूषणमेवेति स प्रतिवादिनोच्यते । यदा पूर्वपक्षवादिनो ऽभूतं दोषमुद्भावयति तदा स दूषणाभासो जातिरिति ।	སུན་འབྱིན་པ་ལྟར་སྣང་བ་ནི་སུན་འབྱིན་པ་དེ་དག་ཉིད་ཕྱིར་རྒོལ་བས་སྨྲས་པ་ཡིན་ནོ་༎ གང་གི་ཚེ་ཕྱོགས་སྔ་མ་རྒོལ་བ་ཡང་དག་པ་མ་ཡིན་པའི་སྐྱོན་བརྗོད་པ་དེ་སུན་འབྱིན་པ་ལྟར་སྣང་བ་ཡིན་ཏེ་། ལྟག་ཆོད་ཅེས་བྱའོ་༎
 अभूतदोषोद्भावनं विपरीतोत्तरं जातिरित्युच्यते ।	ཡང་དག་པ་མ་ཡིན་པའི་སྐྱོན་བརྗོད་པ་ནི་ཕྱིན་ཅི་ལོག་གི་ལན་ཏེ་ལྟག་ཆོད་ཡིན་ནོ་ཞེས་བསྟན་ཏེ་། 
 यथा पक्षदोषाभावे पक्षदोषोद्भावनं हेतुदोषाभावे हेतुदोषोद्भावनं दृष्टान्तदोषाभावे च दृष्टान्तदोषोद्भावनं दूषणाभास इति ॥ ८४। तत्राहुरन्ये ।	དཔེར་ན་ཕྱོགས་སྐྱོན་མེད་པ་ལ་ཕྱོགས་ཀྱི་སྐྱོན་བརྗོད་པ་དང་། གཏན་ཚིགས་སྐྱོན་མེད་པ་ལ་གཏན་ཚིགས་ཀྱི་སྐྱོན་བརྗོད་པ་དང་། དཔེ་སྐྱོན་མེད་པ་ལ་དཔེའི་སྐྱོན་བརྗོད་པ་ནི་སུན་འབྱིན་པ་ལྟ་བ་སྣང་བ་ཞེས་བྱ་བར་རིག་པའི་ཕྱིར་རོ་༎
 प्रतिज्ञा हेतुः उदाहरणम् उपनयः निगमनं चेति पञ्चावयवं साधनमिति ।	དེ་ལ་གཞན་དག་ནི་དམ་བཅའ་བ་དང་། གཏན་ཚིགས་དང་དཔེ་དང་། ཉེ་བར་སྦྱོར་བ་དང་མཇུག་བསྡུ་བ་དང་། ཡན་ལག་ལྔ་དང་ལྡན་པ་ནི་སྒྲུབ་པར་བྱེད་པ་ཡིན་ནོ་ཞེས་ཟེར་ཏེ་།
 यथानित्यः शब्दः इति प्रतिज्ञा ।	དཔེར་ན་སྒྲ་མི་རྟག་སྟེ་ཞེས་བྱ་བ་ནི་དམ་བཅའ་བའོ་༎
 कृतकत्वादिति हेतुः ।	བྱས་པའི་ཕྱིར་ཞེས་བྱ་བ་ནི་གཏན་ཚིགས་སོ་༎
 यत्कृतकं सर्वं तदनित्यं दृष्टं यथा घटादिरित्युदाहरणम् ।	གང་བྱས་པ་དེ་ཐམས་ཅད་ནི་མི་རྟག་པར་མཐོང་སྟེ་། དཔེར་ན་བུམ་པ་ལ་སོགས་པ་ལྟ་བུ་ཞེས་བྱ་བ་ནི་དཔེའོ་༎
 तथा शब्दो ऽपि कृतक इति उपनयः ।	དེ་བཞིན་དུ་སྒྲ་ཡང་བྱས་པ་ཡིན་ནོ་ཞེས་བྱ་བ་ནི་ཉེ་བར་སྦྱོར་བའོ་༎
 तस्मादनित्य इति निगमनम् ।	དེ་བས་ན་མི་རྟག་པ་ཡིན་ནོ་ཞེས་བྱ་བ་ནི་འཇུག་བསྡུ་བ་སྟེ་།
 दृष्टान्तप्रतीतसामर्थ्यस्य हेतोर्धर्मिण्युपसंहार उपनय इति ।	དཔེ་ལ་རྟོགས་པའི་ནུས་པ་ཅན་གྱི་གཏན་ཚིགས་ཆོས་ཅན་ལ་ཉེ་བར་སྦྱོར་བ་ནི་ཉེ་བར་སྦྱོར་བ་ཞེས་བྱའོ་༎
 प्रतिज्ञाया पुनः श्रवणं निगमनमित्युच्यते ।	དམ་བཅའ་བ་ཡང་ཟློས་པ་ནི་མཇུག་བསྡུ་བ་ཞེས་བསྟན་ཏོ་༎
 मैवमन्वयो व्यतिरेकः पक्षधर्मश्चेति त्रयेणैव साध्यार्थसिद्धेः ॥	དེ་ལྟ་བུ་ནི་མེད་དེ་རྗེས་སུ་འགྲོ་བ་དང་། ལྡོག་པ་དང་ཕྱོགས་ཀྱི་ཆོས་ཞེས་བྱ་བ་ཡང་གསུམ་པ་ཉིད་ཀྱིས་བསྒྲུབ་པར་བྱ་བའི་དོན་འགྲུབ་པའི་ཕྱིར་རོ་༎ 
 ८५। एवं वादकाले व्याप्तिपूर्वक एव प्रयोगः ।	འདི་ལྟར་རྩོད་པའི་དུས་སུ་ཁྱབ་པ་སྔོན་དུ་འགྲོ་བ་ཉིད་ཀྱི་སྦྱོར་བ་པའི་ཕྱིར་རོ་༎ ཞེས་བྱ་སྟེ་། གང་བྱས་པ་དེ་ཐམས་ཅད་ནི་མི་རྟག་པར་མཐོང་སྟེ་པའི་ཕྱིར་རོ་༎ 
 यत्कृतकं सर्वं तदनित्यं दृष्टं यथा घटादिरिति दृष्टान्ते साध्यसाधनयोर्व्याप्तिप्रतिपादनमन्वय इत्युच्यते ॥	ཞེས་བྱ་སྟེ་། ། དཔེར་ན་བུམ་པ་བཞིན་ན་ཞེས་བྱ་བ་ནི་། དཔེ་ལ་བསྒྲུབ་པར་བྱ་བས་སྒྲུབ་པར་བྱེད་པ་ལ་ཁྱབ་པ་བསྟན་པ་ནི་རྗེས་སུ་འགྲོ་བ་ཞེས་བསྟན་ཏོ་༎ 
 ८६। विपक्षे पुनः साध्यव्यावृत्त्या साधनव्यावृत्तिर्व्यतिरेक इत्युच्यते ।	མི་མཐུན་པའི་ཕྱོགས་ལ་ཡང་བསྒྲུབ་༄༣༢༠ཨ་༌་༎ པར་བྱ་བ་ལོག་པར་སྒྲུབ་པར་བྱེད་པ་ལ་ནི་ལྡོག་པ་ཞེས་བསྟན་ཏོ་༎
 यथानित्यत्वाभावे कृतकत्वाभावः स्याद्यथाकाशादिः ॥	དཔེར་ན་མི་རྟག་པ་མེད་པས་བྱས་པ་ཉིད་དུ་མི་འགྱུར་ཏེ་། དཔེར་ན་ནམ་མཁའ་ལ་སོགས་པ་བཞིན་ནོ་༎
 ८७। शब्दो ऽपि कृतक इति पक्षधर्म उच्यते ।	སྒྲ་ཡང་བྱས་པའི་ཕྱིར་ཞེས་བྱ་བ་ལས་ཕྱོགས་ཀྱི་ཆོས་བསྟན་ཏོ་༎
 प्रतिज्ञा निगमनं च सर्वथा न वक्तव्ये ॥	དམ་བཅའ་བ་དང་མཇུག་བསྡུ་བ་ནི་རྣམ་པ་ཐམས་ཅད་དུ་བརྗོད་པར་མི་བྱའོ་༎
 ८८। तथा साधर्म्यप्रयोगे ऽन्वयवचनसामर्थ्याद्व्यतिरेकावगमादयं पृथग् नोच्यते ।	དེ་བཞིན་དུ་ཆོས་མཐུན་པ་ཉིད་ཅན་དག་གི་སྦྱོར་བ་ལ་རྗེས་སུ་འགྲོ་བ་བརྗོད་པ་ཤུགས་ཉིད་ཀྱིས་ལྡོག་པ་ཁོང་དུ་ཆུད་པས་འདི་ལོགས་ཤིག་ཏུ་མ་བསྟན་ཏོ་༎
 यथा यत्कृतकं सर्वं तदनित्यं दृष्टं यथा घटादिः शब्दो ऽपि कृतक इति साधर्म्यप्रयोगः ।	དཔེར་ན་གང་བྱས་པ་དེ་དག་ཐམས་ཅད་ནི་མི་རྟག་པར་མཐོང་སྟེ་། དཔེར་ན་བུམ་པ་ལ་སོགས་པ་ལྟ་བུའོ་༏་། སྒྲ་ཡང་བྱས་པ་ཡིན་ནོ་ཞེས་བྱ་བ་ནི་ཆོས་མཐུན་པ་ཉིད་ཅན་གྱི་སྦྱོར་བའོ་༎
 वैधर्म्यप्रयोगे व्यतिरेकवचनसामर्थ्यादन्वयप्रतीतिः ।	ཆོས་མི་མཐུན་པ་ཉིད་ཅན་གྱི་སྦྱོར་བ་ནི་ལྡོག་པ་བསྟན་པའི་ཤུགས་ཉིད་ཀྱིས་རྗེས་སུ་འགྲོ་བ་རྟོགས་པའོ་༎ 
 अत्र पुनरन्वयो न वाच्यः ।	འདིར་ཡང་རྗེས་སུ་འགྲོ་བ་བརྗོད་པར་མི་བྱའོ་༎
 यन्नित्यं तदकृतकं दृष्टं यथाकाशादिः शब्दस्तु कृतक इति वैधर्म्यप्रयोगः ॥	གང་རྟག་པ་དེ་ནི་མ་བྱས་པར་མཐོང་སྟེ་། དཔེར་ན་ནམ་མཁའ་ལ་སོགས་པ་བཞིན་ནོ་༎ སྒྲ་ཡང་བྱས་པ་ཡིན་ནོ་ཞེས་བྱ་བ་ནི་ཆོས་མི་མཐུན་པའི་སྦྱོར་བའོ་༎
 ८९। साधनाभासो दूषणाभासश्चोक्तः ॥	བསྒྲུབ་པ་ལྟར་སྣང་བ་དང་། སུན་འབྱིན་པ་ལྟར་སྣང་བ་བཤད་ཟིན་ཏོ་༎
 ९०। किं नाम प्रत्यक्षमिति ।	མངོན་སུམ་ཅི་འདྲ་བ་ཞིག་ཡིན་ཞེ་ན་།
 प्रत्यक्षं कल्पनापोढमभ्रान्तम् ।	མངོན་སུམ་ནི་རྟོག་པ་དང་བྲལ་ཞིང་མ་འཁྲུལ་པ་སྟེ་དབང་པོ་ལ་སོ་སོར་གནས་པ་ནི་རྟེན་པའོ་༎ 
 अक्षं प्रतिगतमाश्रितं यद्विज्ञानं तत्प्रत्यक्षम् ।	རྣམ་པར་ཤེས་པ་གང་ཡིན་པ་དེ་ནི་མངོན་སུམ་སྟེ་།
 पञ्चेन्द्रियाश्रितं ज्ञानमित्यर्थः ।	དབང་པོ་ལྔ་ལ་བརྟེན་པའི་ཤེས་པ་ཡིན་ནོ་ཞེས་བྱ་བའི་ཐ་ཚིག་གོ་༎
 अत्यादयः क्रान्ताद्यर्थे द्वितीययेति समासेनाभिधेयलिङ्गः प्रत्यक्षशब्दः सिद्धः । प्रत्यक्षो ऽवबोधः प्रत्यक्षा बुद्धिः प्रत्यक्षं ज्ञानं चेति युक्तं भवति ॥	ཤིན་ཏུ་ལ་སོགས་པ་གནན་པ་ལ་སོགས་པའི་དོན་ལ་གཉིས་པ་ཞེས་བྱ་བ་བྱེད་པ་པོའི་བསྡུ་བས་མངོན་སུམ་གྱི་སྒྲ་ནི་བརྗོད་པར་བྱ་བའི་རྟགས་སུ་གྲུབ་སྟེ་མངོན་སུམ་རྟོགས་པ་དང་། མངོན་སུམ་བློ་དང་། མངོན་སུམ་ཤེས་པ་ཞེས་བྱ་བ་ནི་རིགས་པར་གྱུར་པ་ཡིན་ནོ་༎
 ९१। चक्षुः श्रोत्रं नासिका जिह्वा कायश्चेति पञ्चेन्द्रियाणि ।	མིག་དང་རྣ་བ་དང་སྣ་དང་ལྕེ་དང་ལུས་ཞེས་བྱ་བ་ནི་དབང་པོ་ལྔ་སྟེ་།
 तदाश्रितस्य ज्ञानस्य पञ्च ग्राह्यविषया रूपं शब्दो गन्धो रसः स्प्रष्टव्यञ्चेति पञ्चैव प्रमेयाणि ॥	དེ་ལ་བརྟེན་པའི་ཤེས་པ་ལྔ་ནི་གཟུང་བའི་ཡུལ་གཟུགས་དང་། སྒྲ་དང་། དྲི་དང་། རོ་དང་། རེག་བྱ་དང་ཞེས་བྱ་བ་གཞལ་བྱ་ལྔ་ཉིད་ལ་ཚད་མ་ཡིན་ནོ་༎
 ९२। तच्च प्रत्यक्षं नामजात्यादिकल्पनापोढं निर्विकल्पं वा यदि पुनरभ्रान्तं प्रमाणमुच्यते प्रदर्शितार्थे ऽविसंवादात् ।	མངོན་སུམ་དེ་ཡང་མིང་དང་རིགས་ལ་སོགས་པའི་རྟོགས་པ་དང་བྲལ་བ་རྣམ་པར་མི་རྟོག་པ་དང་གལ་ཏེ་ཡང་འཁྲུལ་པར་མ་གྱུར་པ་ཡིན་ན་ཚད་མར་བཤད་དེ་། བསྟན་པའི་དོན་ལ་མི་སླུ་པའི་ཕྱིར་རོ་༎
 ९३। तत्र नामविकल्पः देवदत्तो ऽयमिति ज्ञानम् । जातिविकल्पो ऽयं गौरिति ज्ञानम् ।	དེ་ལ་མིང་གི་རྣམ་པར་རྟོག་པ་ནི་འདི་ནི་༄༣༢༠བ་ལྷ་སྦྱིན་ནོ་ཞེས་བྱ་བར་ཤེས་པའོ་༎ རིགས་ཀྱི་རྣམ་པར་རྟོག་པ་ནི་འདི་ནི་བ་ལང་ངོ་སྙམ་དུ་ཤེས་པའོ་༎
 विशेष्यविशेषणविकल्पो नीलमुत्पलमिति ।	ཁྱད་པར་དང་ཁྱད་པར་དུ་བྱ་བའི་རྣམ་པར་རྟོག་པ་ནི་ཨཽཏཔལ་སྔོན་པོ་ཞེས་བའོ་༎
 अन्यो ऽपि सविकल्पः प्रत्यक्षाभासः । विद्यमाने ऽर्थे विभ्रमस्तैमिरिकस्य द्विचन्द्रज्ञानम् । शुक्तौ रजतज्ञानम् । अयं स्थाणुर्वा पुरुषो वेति ज्ञानं च ।	གཞན་ཡང་རྣམ་པར་རྟོག་པ་དང་བཅས་པའི་མངོན་སུམ་ལྟར་སྣང་བ་དང་། ཡང་དོན་ལ་འཁྲུལ་པ་རབ་རིབ་ཀྱིས་ཟླ་བ་གཉིས་སུ་ཤེས་པ་དང་། ཉ་ཕྱིས་ལ་དངུལ་དུ་ཤེས་པ་དང་། འདི་ནི་སྔོན་དུ་མ་མམ་སྐྱེས་བུའོ་ཞེས་ཤེས་པ་ཡིན་ནོ་༎
 ज्ञानान्तरमपि प्रत्यक्षाभासः प्रदर्शितार्थाप्रापकत्वात् ॥	ཤེས་པ་གཞན་ཡང་མངོན་སུམ་ལྟར་སྣང་བ་ཡིན་ཏེ་བསྟན་པའི་དོན་དང་ཕྲད་པར་མི་བྱེད་པའི་ཕྱིར་རོ་༎ 
 ९४। तत्र प्रत्यक्षं त्रिविधम् ।	དེ་ལ་མངོན་སུམ་ནི་རྣམ་པ་གསུམ་སྟེ་།
 व्यावहारिकमिन्द्रियज्ञानं सर्वचित्तचैत्तानामात्मसंवेदनं स्वसंवेदनं भूतार्थभावनास्फुटप्रकर्षपर्यन्तजं योगिज्ञानं चेति ॥ ९५। तस्य विषयः स्वलक्षणम् ।	ཐ་སྙད་འདོགས་པའི་དབང་པོའི་ཤེས་པ་དང་། སེམས་དང་སེམས་ལས་བྱུང་བ་ཐམས་ཅད་རང་གི་ངོ་བོ་རིག་པ་ནི་རང་རིག་པ་དང་། ཡང་དག་པའི་དོན་བསྒོམས་པས་གསལ་བ་རབ་རིབ་ཀྱི་མཐར་ཐུག་པ་ནི་རྣལ་འབྱོར་གྱི་ཤེས་པའོ་༎ དེའི་ཡུལ་ནི་རང་གི་མཚན་ཉིད་དེ་།
 अर्थक्रियासमर्थं स्वलक्षणम् ।	དོན་བྱེད་པར་ནུས་པ་སྟེ་། རང་གི་མཚན་ཉིད་ལ་བྱའོ་༎
 न सामान्यमर्थक्रियासमर्थम् ।	སྤྱིས་ནི་དོན་བྱེད་པར་ནུས་པ་མ་ཡིན་ནོ་༎
 ९६। तदेव च प्रत्यक्षं प्रमाणमर्थप्रतीतिरूपत्वात् फलमपि ।	དེ་དག་ཉིད་ཀྱང་མངོན་སུམ་གྱི་ཚད་མ་ཡིན་ནོ་༎ དོན་རྟོགས་པའི་ངོ་བོ་ཡིན་པའི་ཕྱིར་འབྲས་བུ་ཡང་ཡིན་ཏེ་དེ་དང་འདྲ་བ་ཚད་མ་ཉིད་ཀྱི་ཕྱིར་། 
 तथात्वेन च प्रमाणफलयोर्न मनागपि भेदः ॥	ཚད་མ་དང་འབྲས་བུ་ལ་བྱེ་བྲག་ཅུང་ཟད་ཀྱང་མེད་དོ་༎
 ९७। द्विविधमनुमानं स्वार्थं परार्थं च ॥	རྗེས་སུ་དཔག་པ་ནི་རྣམ་པ་གཉིས་ཏེ་༏་རང་གི་དོན་དང་གཞན་གྱི་དོན་ཏོ་༎
 ९८। तत्र स्वार्थं तावत् पक्षधर्मग्रहणात् साध्यसाधनसम्बन्धस्मृतेः पश्चात् प्रतिपत्तुरर्थस्य यथावद्या प्रतीतिस्तदेव स्वार्थानुमानम्	དེ་ལ་རང་གི་དོན་ནི་རེ་ཞིག་ཕྱོགས་ཀྱི་ཆོས་བཟུང་ནས་། བསྒྲུབ་པར་བྱ་བ་དང་སྒྲུབ་པར་བྱེད་པ་འབྲེལ་པ་དྲན་པའི་རྗེས་ལ་རྟོགས་པ་པོས་དོན་ཇི་ལྟ་བ་བཞིན་དུ་རྟོགས་པ་། གང་ཡིན་པ་དེ་ཉིད་རང་གི་དོན་གྱི་རྗེས་སུ་དཔག་པ་ཡིན་ནོ་༎
 ९९। पक्षधर्मस्त्रिप्रकार एव कार्यं स्वभावो ऽनुपलब्धिश्च ॥	ཕྱོགས་ཀྱི་ཆོས་ནི་རྣམ་པ་གསུམ་ཉིད་དུ་འགྱུར་ཏེ་། འབྲས་བུ་དང་རང་བཞིན་དང་མི་དམིགས་པའོ་༎
 १००। कार्यकारणसिद्धौ कार्यं हेतुरिति ।	རྒྱུ་དང་འབྲས་བུར་གྲུབ་ན་འབྲས་བུའི་གཏན་ཚིགས་ཡིན་པར་ལྟ་སྟེ་།
 यथा यत्न धूमः तत्र अग्निर्यथा महानसादौ । अत्रपि धूमसद्भावादिति ।	དཔེར་ན་གང་ན་དུ་བ་ཡོད་པ་ན་མེ་ཡོད་དེ་། དཔེར་ན་ཚ་བ་ལ་སོགས་པ་བཞིན་ནོ་༎ འདི་ན་གང་དུ་བ་ཡོད་པའི་ཕྱིར་ཞེས་བྱ་བ་ལྟ་བུའོ་༎
 अग्न्यभावे धूमाभावो यथा सजले देश इति अत्र तु धूमादिति ॥	མེ་མེད་ན་དུ་བ་ཡང་མེད་དེ་། དཔེར་ན་ཆུ་དང་བཅས་པའི་ཕྱོགས་ལྟ་བུའོ་༎ འདི་ན་ཡང་དུ་བ་ཡོད་པའི་ཕྱིར་ཞེས་བྱ་བ་ལྟ་བུའོ་༎
 १०१। स्वभावो हेतुः ।	རང་བཞིན་གྱི་གཏན་ཚིགས་ནི་འདི་ནི་ཤིང་ཡིན་ཏེ་།
 वृक्षो ऽयं शिंशपात्वात् पूर्वव्यवहारापन्नशिंशपावत् ।	ཤིང་ཤ་པ་ཡིན་པའི་ཕྱིར་སྔོན་ཐ་སྙད་ཞུགས་པའི་ཤིང་ཤ་པ་བཞིན་ནོ་༎
 वृक्षाभावे शिंशपाभावो यथा वृक्षरहिते प्रदेशे ।	ཤིང་མེད་ན་ཤིང་ཤ་པ་མེད་དེ་། དཔེར་ན་ཤིང་༄༣༢༡ཨ་༌་༎ གིས་དཔེན་པའི་ཕྱོགས་བཞིན་ནོ་༎
 इह पुनस्तेन व्यापकेन रूपेण व्याप्यो हेतुः ॥	འདིར་ཡང་ཁྱབ་པར་བྱེད་པའི་ངོ་བོ་དེས་ན་། ཁྱབ་པར་བྱ་བ་ནི་གཏན་ཚིགས་ཡིན་པར་ལྟའོ་༎
 १०२। अनुपलब्धिहेतुः ।	མི་དམིགས་པའི་གཏན་ཚིགས་ནི་།
 अत्र घटो नास्तुपलब्धिलक्षणप्राप्तस्यानुपलब्धेः शशविषाणादिवत् ।	འདི་ནི་བུམ་པ་མེད་དེ་། དམིགས་པའི་མཚན་ཉིད་ཀྱིར་གྱུར་པ་མི་དམིགས་པའི་ཕྱིར་ཏེ་། རི་བོང་གི་རབ༹་ལ་སོགས་པ་བཞིན་ནོ་༎
 अत्रापि यदोपलब्धियोग्यानुपलब्धावुपलब्धियोग्याभावव्याप्तिर्निश्चीयते तदायं हेतुस्तत्प्रतिपादको भवति ॥	འདིར་ཡང་དམིགས་སུ་རུང་བ་དམིགས་པ་ལ་། དམིགས་སུ་རུང་བ་མེད་པས་ཁྱབ་པར་གལ་ཏེ་དེས་ན་དེའི་ཚེ་གཏན་ཚིགས་འདི་རྟོགས་པར་བྱེད་པ་ཡིན་ནོ་༎ 
 १०३। कीदृशा अनुमानाभासाः ।	རྗེས་སུ་དཔག་པ་ལྟར་སྣང་བ་ཅི་འདྲ་ཞིག་ཅེ་ན་། སྔ་མ་དང་ལྡན་པ་དང་། ལྷག་མ་དང་ལྡན་པ་དང་། སྤྱི་མཐོང་བ་སྟེ་།
 पूर्ववच्छेषवत्सामान्यतोदृष्टञ्च परकल्पितानि सर्वाणि अनुमानान्यनुमानाभासाः । तेषां तादात्म्यदुत्पत्तिलक्षणेन प्रतिबन्धाभावात् ।	གཞན་གྱིས་བརྟགས་པའི་རྗེས་སུ་དཔག་པ་ཐམས་ཅད་ནི་རྗེས་སུ་དཔག་པ་ལྟར་སྣང་བ་ཡིན་ཏེ་། དེ་རྣམས་ལ་དེའི་བདག་ཉིད་དང་དེ་ལས་བྱུང་བའི་མཚན་ཉིད་ཀྱི་འབྲེལ་པ་མེད་པའི་ཕྱིར་། རོ་༎ 
 हेतुफलसम्बन्धे व्याप्यव्यापकसम्बन्धे च सिद्धे साध्यसाधनसम्बन्धो भवति नान्यथा विसंवादकत्वात् ॥	རྒྱུ་དང་འབྲས་བུའི་འབྲེལ་པ་དང་། ཁྱབ་པར་བྱ་བ་དང་ཁྱབ་པར་བྱེད་པའི་འབྲེལ་བ་གྲུབ་པ་ཉིད་དུ་གྱུར་ན་། བསྒྲུབ་པར་བྱ་བ་དང་སྒྲུབ་པར་བྱེད་པའི་འབྲེལ་པ་ཡིན་གྱི་༎ གཞན་དུ་ནི་མ་ཡིན་ཏེ་སླུ་བ་མེད་པའི་ཕྱིར་རོ་༎
 १०४। यथा मेघो ऽयं वृष्टिमान् दृश्यते ।	དཔེར་ན་སྤྲིན་འདི་ཆར་ལྟར་བཅས་པ་ཡིན་ཏེ་།
 गम्भीरनिर्घोषवत्त्वादित्यत्र गम्भीरघोषवतो मेघाद्वृष्ट्यनुद्भवसम्भवात् ।	འབྲུག་སྒྲ་ཟབ་མི་དང་ལྡན་པའི་ཕྱིར་རོ་ཞེས་བྱ་བ་ལ་། སྒྲ་ཟབ་མོ་དང་ལྡན་པའི་སྤྲིན་ལས་ཆར་མི་འབྱུང་བ་སྲིད་པའི་ཕྱིར་རོ་༎
 १०५। यथोपरिष्टाद्वृष्टं नदीवृद्धिदर्शनादिति ।	དཔེར་ན་སྟོང་དུ་ཆར་བབ་པ་ཡིན་ཏེ་། གཙང་པོ་རྒྱས་པ་མཐོང་བའི་ཕྱིར་རོ་ཞེས་བྱ་བ་ལ་།
 नदीनिरोधादपि नदीवृद्धिदर्शनात् ॥	གཙང་པོ་འགགས་པ་ལས་ཀྱང་ཆུ་བོ་རྒྱས་པར་མཐོང་བའི་ཕྱིར་རོ་༎ དེ་བཞིན་དུ་འབྲས་འདི་དག་ནི་ཆོས་པ་ཡིན་ཏེ་།
 १०६। एवमिमे तण्डुलाः सिद्धा एकपात्रमध्यवर्तित्वाद् दृष्टतण्डुलवत् ॥	ཕྲུ་བ་གཅིག་གི་ནང་ན་ཡོད་པའི་ཕྱིར་མཐོང་བའི་འབྲས་བཞིན་ནོ་༎
 १०७। इमानि फलानि पक्वान्येकशाखातो जातत्वाद्भुक्तफलवदित्यत्र प्रायेणैवं दृष्टे ऽपि साध्यसाधनयोर्विसंवाद एव ॥	འབྲས་བུ་འདི་དག་ནི་སྨིན་པ་ཡིན་ཏེ་། ཡལ་ག་གཅིག་ལས་སྐྱེས་པའི་ཕྱིར་ཟོས་པའི་འབྲས་བུ་བཞིན་ནོ་ཞེས་བྱ་བ་ལ་འདིར་ཕལ་ཆེར་དེ་ལྟར་མཐོང་བ་ཡང་བསྒྲུབ་པར་བྱ་བ་དང་། སྒྲུབ་པར་བྱེད་པ་དག་ལ་ནི་སླུ་བ་ཡོད་པ་ཁོ་ནའོ་༎
 १०८। यत्पार्थिवं तत्सर्वं लोहलेख्यं दृश्यते यथा वृक्षादय इति ।	དཔེར་ན་གང་ས་ལས་སྐྱེས་པ་དེ་དག་ཐམས་ཅད་ནི་། ལྕགས་ཀྱིས་གཅོད་པར་མཐོང་སྟེ་།
 अत्र वज्रो ऽपि पार्थिवः ॥ १०९। ये प्राणिनस्ते सर्वे सकन्धरा यथोष्ट्रादय इति ।	དཔེར་ན་ཤིང་ལ་སོགས་པ་བཞིན་ནོ་ཞེས་བྱ་བ་ལ་རྡོ་རྗེ་ཡངས་ལས་སྐྱེས་པ་ཡིན་ནོ་༎ གང་སྲོག་ཆགས་ཡིན་པ་དེ་དག་ཐམས་ཅད་ནི་མགྲིན་པ་དང་བཅས་པ་ཡིན་ཏེ་། དཔེར་ན་རྔ་མོ་ལ་སོགས་པ་བཞིན་ནོ་༎ བསྟན་བྱ་བ་ལ་།
 अत्र कुलीरो ऽपि प्राणी ॥	ཀུ་ལི་ར་ཡང་སྲོག་ཆགས་ཡིན་ནོ་༎
 ११०। यद्द्रवद्रव्यं तदार्द्रं दृश्यते यथा जलमिति ।	དཔེར་ན་གང་༄༣༢༡བ་ཞུ་བའི་རྫས་དེ་ནི་རླན་གྱིས་བྱས་པར་མཐོང་སྟེ་། དཔེར་ན་ཆུ་བཞིན་ནོ་ཞེས་བྱ་བ་ལ་།
 अत्र रसो ऽपि द्रवद्रव्यम् ॥	རྔུལ་ཆུ་ཡང་ཞུ་བའི་རྫས་ཡིན་ནོ་༎
 १११। एवमन्ये ऽप्यनुमानाभासा दृश्यन्ते ॥	དེ་བཞིན་དུ་གཞན་དག་ཀྱང་རྗེས་སུ་དཔག་པ་ལྟར་སྣང་བ་ཡིན་པར་བལྟ་བར་བྱའོ་༎ གཏན་ཚིགས་ཀྱི་དེ་ཁོ་ན་ཉིད་བསྟན་པ་།
 इति पण्डितप्रवरजितारिपादकृतो हेतुतत्त्वोपदेशः सम्पूर्णः ।	མཁས་པ་ཆེན་པོ་ཛེ་ཏའ་རིའི་ཞལ་སྔ་ནས་མཛད་པ་རྫོགས་སོ་།
