 १। साधनं दूषणं चैव साभासं परसंविदे ।	བསྒྲུབ་དང་སུན་ནི་འབྱིན་པ་དང་། ལྟར་སྣང་བཅས་པས་གཞན་རིག་བྱེད་༎
 प्रत्यक्षम् अनुमानं च साभासं त्व् आत्मसंविदे ॥	མངོན་སུམ་དང་ནི་རྗེས་དཔག་གཉིས་༎ ལྟར་སྣང་བཅས་པས་བདག་རིག་བྱེད་༎
 इति शास्त्रार्थसंग्रहः ॥	འདི་ནི་བསྟན་བཅོས་ཀྱི་དོན་བསྡུས་པའོ་༎
 २। वादिना स्वयं साधयितुम् इष्टो ऽर्थः साध्यः ।	རྒོལ་བ་བདག་ཉིད་ཀྱིས་བསྒྲུབ་པར་འདོད་པའི་དོན་ནི་བསྒྲུབ་པར་བྱའོ་༎
 साध्यते येन तत् साधनम् ।	གང་གིས་སྒྲུབ་པར་བྱད་པ་དེ་ནི་བསྒྲུབ་པ་ཡིན་ཏེ་།
 ३। हेतोस् त्रिरूपवचनम् ।	གཏན་ཚིགས་ཀྱི་ཚུལ་གསུམ་བརྗོད་པའོ་༎
 कानि पुनस् तानि त्रिणि रूपाणि ।	ཚུལ་གསུམ་པོ་དེ་དག་ཀྱང་གང་ཞེ་ན་།
 पक्षे सत्त्वम् एवेत्य् एकं रूपम् ।	ཕྱོགས་ལ་ཡོད་པ་ཉིད་ནི་ཚུལ་གཅིག་གོ་༎
 सपक्ष एव सत्त्वम् इति द्वितीयं रूपम् ।	མཐུན་པའི་ཕྱོགས་ཉིད་ལ་ཡོད་པ་ཞེས་བྱ་བ་ནི་ཚུལ་གཉིས་པའོ་༎
 विपक्षे चासत्त्वम् एव निश्चितम् इति तृतीयम् ॥	མི་མཐུན་པའི་ཕྱོགས་ལ་མེད་པ་ཉིད་དུ་ངེས་པ་ཞེས་བྱ་བ་ནི་༄༣༡༤བ་ཚུལ་གསུམ་པའོ་༎
 ४। तत्र पक्षः प्रसिद्धो धर्मी प्रसिद्धेण विशेषेण विशिष्टः स्वयं साधयितुम् इष्टः प्रत्यक्षाद्यविरुद्धः ।	དེ་ལ་ཕྱོགས་ནི་རབ་ཏུ་གྲུབ་པའི་ཆོས་ཅན་ནོ་༎ རབ་ཏུ་གྲུབ་པའི་ཁྱད་པར་གྱི་བྱེ་བྲག་བདག་ཉིད་སྒྲུབ་པར་འདོད་པ་མངོན་སུམ་ལ་སོགས་པ་དང་འགལ་བ་མེད་པ་ཡིན་ཏེ་།
 यथा शब्दो धर्मी अनित्यत्वेन विशेण विशिष्तः साध्यते कृतकत्वाद् इति हेतुः ॥	དཔེར་ན་ཆོས་ཅན་སྒྲ་མི་རྟག་པའི་ཁྱད་པར་གྱི་བྱེ་བྲག་དང་ལྡན་པ་ནི་བསྒྲུབ་པར་བྱའོ་༎ བྱས་པའི་ཕྱིར་རོ་ཞེས་བྱ་བ་ནི་གཏན་ཚིགས་ཡིན་པ་བཞིན་ནོ་༎
 ५। कः सपक्षः ।	མཐུན་པའི་ཕྱོགས་གང་ཞེ་ན་།
 साध्यधर्मेण सामान्येन समानः सपक्षो यथा घटादिर् इति ॥	བསྒྲུབ་པར་བྱ་བའི་ཆོས་ཀྱི་སྤྱིས་མཐུན་པ་ནི་མཐུན་པའི་ཕྱོགས་ཏེ་། དཔེར་ན་བུམ་པ་ལ་སོགས་པ་ལྟ་བུའོ་༎
 ६। को वा हेतोर् विपक्षः ।	གཏན་ཚིགས་ཀྱི་མི་མཐུན་པའི་ཕྱོགས་གང་ཞེ་ན་།
 यत्र साध्याभावेन हेतोर् अभावो नियमेन कथ्यते [ यथाकाशादिर् इति ॥	གང་དུ་བསྒྲུབ་པར་བྱ་བ་མེད་པས་གཏན་ཚིགས་མེད་པར་ངེས་པར་སྟོན་པ་ཡིན་ཏེ་། དཔེར་ན་ནམ་མཁའ་ལ་སོགས་པ་བཞིན་ནོ་༎
 ७। एतद् एव च हेतोस् त्रिरूपवचनं परप्रत्यायनाय प्रयुज्यमानं परार्थम् अनुमानम् उच्यते ।	གཏན་ཚིགས་ཀྱི་ཚུལ་གསུམ་པ་བསྟན་པ་དེ་ཉིད་ཀྱིས་གཞན་ཁོང་དུ་ཆུད་པའི་ཆེད་དུ་སྦྱོར་བར་བྱས་པ་ནི་གཞན་གྱི་དོན་རྗེས་སུ་དཔག་བ་ཞེས་བསྟན་ཏོ་༎ 
 यथा अनित्यः शब्द इति पक्षवचनं कृतकत्वाद् इति हेतुवचनम् ।	དཔེར་ན་སྒྲ་མི་རྟག་གོ་ཞེས་བྱ་བ་ནི་ཕྱོགས་བརྗོད་པའོ་༎ བྱས་པའི་ཕྱིར་རོ་ཞེས་བྱ་བ་ནི་གཏན་ཚིགས་བརྗོད་པའོ་༎
 घटादिवद् इति सपक्षवचनं ।	བུམ་པ་ལ་སོགས་པ་བཞིན་ནོ་ཞེས་བྱ་བ་ནི་མཐུན་པའི་ཕྱོགས་བརྗོད་པའོ་༎
 आकाशवद् इति विपक्षवचनम् ॥	ནམ་མཁའ་ལ་སོགས་པ་བཞིན་ནོ་ཞེས་བྱ་བ་ནི་མི་མཐུན་པའི་ཕྱོགས་བརྗོད་པའོ་༎
 ८। तत् पुनर् द्विविधं दृष्टम् ।	དེ་ཡང་རྣམ་པ་གཉིས་སུ་སྣང་སྟེ་།
 साधर्म्येण वैधर्म्येण च । (ह्तु २६२)	ཆོས་མཐུན་པ་དང་མ་ཆོས་མི་མཐུན་པའོ་།
 ९। तत्र साधर्म्येण तावत् ।	དེ་ལ་རེ་ཞིག་ཆོས་མཐུན་པ་ནི་༎
 यत् कृतकं तत् सर्वम् अनित्यं दृष्टम् ।	གང་བྱས་པ་དེ་ཐམས་ཅད་ནི་མི་རྟག་པར་མཐོང་བ་༎
 यथा घटादिः ।	དཔེར་ན་བུམ་པ་ལ་སོགས་པའོ་༎
 कृतकश् च शब्द इति ॥	སྒྲ་ཡང་བྱས་པའི་ཕྱིར་ཞེས་བྱ་བ་ལྟ་བུའོ་༎
 १०। वैधर्म्येण पुनः । असत्य् अनित्यत्वे न भवत्य् एव कृतकत्वं यथाकाशादौ ।	ཡང་ཆོས་མི་མཐུན་པ་ནི་མི་རྟག་པ་ཉིད་མེད་ན་བྱས་པ་ཉིད་མེད་དེ་༎ དཔེར་ན་ནམ་མཁའ་ལ་སོགས་པ་བཞིན་ཏེ་།
 शब्दस् तु कृतक इति ॥	སྒྲ་ཡང་བྱས་པའི་ཕྱིར་ཞེས་བྱ་བ་ལྟ་བུའོ་༎
 ११। कः पुनः पक्षाभासः ।	གང་ཕྱོགས་ལྟར་སྣང་བ་ཡང་གང་ཞེ་ན་།
 यः पक्ष इवाभासते । न तु साक्षात् पक्षो भवति ।	ཕྱོགས་ལྟར་སྣང་བ་ནི་དངོས་སུ་ཕྱོགས་མ་ཡིན་པ་ཡིན་ཏེ་།
 प्रत्यक्षादिभिर् बाधितत्वात् ॥	མངོན་སུམ་ལ་སོགས་པས་གནོད་པའི་ཕྱིར་རོ་༎
 १२। स तु पक्षाभासः ।	དེ་ནི་ཕྱོགས་ལྟར་སྣང་བ་སྟེ་༎
 यथा धूमादिर् धर्मीबुद्धिमता हेतुना जन्यत इति साध्ये । प्रत्यक्षविरुद्धः पक्षाभासः ।	དཔེར་ན་དུ་བ་ལ་སོགས་པའི་ཆོས་ཅན་བློ་དང་ལྡན་པའི་རྒྱུས་བསྐྱེད་པ་བསྒྲུབ་པར་བྱ་བ་ཡིན་ནོ་ཞེས་བྱ་བ་མངོན་སུམ་དང་འགལ་བས་ཕྱོགས་ལྟར་སྣང་བ་ཡིན་ཏེ་།
 प्रत्यक्षेण वह्निजन्यस्य धुमस्य दर्शनात् ॥	མངོན་སུམ་གྱིས་མེ་ལས་དུ་བ་སྐྱེ་བ་མཐོང་བའི་ཕྱིར་རོ་༎
 १३। अनुमानविरुद्धो यथा ।	རྗེས་སུ་དཔག་པ་དང་འགལ་བ་ནི་དཔེར་ན་།
 वेदवाक्यं धर्म्य् अपौरुषेयम् इति साध्ये ।	རིག་བྱེད་ཀྱི་ཚིག་ནི་ཆོས་ཅན་སྐྱེས་བུས་བྱས་པ་མ་ཡིན་ཏེ་ཞེས་བསྒྲུབ་པར་བྱ་བ་ལ་༎ སྒྲ་ནི་བརྩལ་མ་ཐག་ཏུ་བྱུང་བ་ཡིན་པས་སྐྱེས་བུས་བྱས་པར་གྲུབ་པའི་ཕྱིར་རོ་༎ རང་གི་ཚིག་༄༣༡༥ཨ་༌་༎
 प्रयत्नानन्तरीयकत्वे शब्दस्य पौरुषेयत्वस्य प्रसाधनात् ॥ १४। स्ववचनविरुद्धो यथा । नानुमानं प्रमाणम् इति परप्रतिपादनाय वचनम् उच्चार्यमाणं परार्थम् अनुमानम् इत्य् उक्तत्वात् ॥	དང་འགལ་བ་ནི་དཔེར་ན་རྗེས་སུ་དཔག་པ་ནི་ཚད་མ་མ་ཡིན་ནོ་ཞེས་བྱ་བ་ནི་། གཞན་གྱི་ཁོང་དུ་ཆུད་པར་བྱ་བའི་ཕྱིར་ཚིག་བརྗོད་པ་ནི་གཞན་གྱི་དོན་གྱི་རྗེས་སུ་དཔག་པ་ཡིན་ནོ་ཞེས་བསྟན་པའི་ཕྱིར་རོ་༎
 १५। लोकविरुद्धो यथा । शुचि नरशिरःकपालं प्राण्यङ्गत्वाच् छङ्खशुक्तिवत् ॥	འཇིག་རྟེན་དང་འགལ་བ་ནི་དཔེར་ན་མི་མགོའི་ཐོད་པ་ནི་གཙང་བ་ཡིན་ཏེ་སྲོག་ཆགས་ཀྱི་ཡན་ལག་ཡིན་པའི་ཕྱིར་དུང་ཆོས་དང་ཉ་ཕྱིས་བཞིན་ནོ་ཞེས་བྱ་བ་ལྟ་བུའོ་༎
 १६। प्रतीतिविरुद्धो यथा ।	རྟོགས་པ་དང་འགལ་བ་ནི་དཔེར་ན་།
 कियत्कालस्थायी कृतको ऽनित्य इति ।	གང་དུས་ཇི་སྲིད་གནས་པར་བྱས་པ་ནི་མི་རྟག་པ་ཡིན་ནོ་༎
 कियत्कालस्थायिनो ऽपि कृतकाः सर्वे नित्या इति लोकप्रतीतेः ॥	གང་དུས་ཇི་སྲིད་གནས་པར་ཡང་བྱས་པ་ཐམས་ཅད་ནི་རྟག་པ་ཡིན་ནོ་ཞེས་འཇིག་རྟེན་པས་རྟོགས་པའི་ཕྱིར་རོ་༎
 १७। अप्रसिद्धविशेषणो यथा ।	ཁྱད་པར་མ་གྲུབ་པ་ནི་དཔེར་ན་།
 वैशेषिकस्य सांख्यं प्रति विनाशी शब्द इति साध्ये ॥ १८। अप्रसिद्धविशेष्यो यथा ।	བྱེ་བྲག་པས་གྲངས་ཅན་པ་ལ་སྒྲ་འཇིག་པ་ཡིན་ནོ་ཞེས་བྱ་བ་ལྟ་བུའོ་༎ ཁྱད་པར་དུ་བྱས་བ་མ་གྲུབ་པ་ནི་༎
 सांख्यस्य बौद्धं प्रति आत्मा चेतन इति साधयतः ॥	དཔེར་ན་གྲངས་ཅན་པས་སངས་རྒྱས་པ་ལ་བདག་སེམས་དང་བཅས་པ་ཡིན་ནོ་ཞེས་བསྒྲུབ་པ་ལྟ་བུའོ་༎ 
 १९। उभयाप्रसिद्धो यथा ।	གཉི་ག་མ་གྲུབ་པ་ནི་དཔེར་ན་།
 वैशेषिकस्य बौद्धं प्रति सुखादिसमवायिकारणम् आत्मेति (ह्तु २६३)	བྱེ་བྲག་བས་སངས་རྒྱས་པ་ལ་སྡུད་པར་བྱེད་པ་ནི་བདག་ཉིད་ཡིན་ནོ་ཞེས་བྱ་བ་ལྟ་བུའམ་༎ 
 ॥ प्रसिद्धसंबन्धो यथा वायुर् अस्थिरस्वभाव इति ॥	ལུས་ནི་བརྟན་པའི་རང་བཞིན་ཡིན་ནོ་ཞེས་བྱ་བ་ལྟ་བུའོ་༎
 २०। उक्ताः पक्षाभासाः ॥ ॥	ཕྱོགས་ལྟར་སྣང་བ་བཤད་ཟིན་ཏོ་༎
 २१। हेत्वाभासः कीदृशः ।	གཏན་ཚིགས་ལྟར་སྣང་བ་ཅི་འདྲ་བ་ཞིག་ཅེ་ན་།
 यो हेतुर् इवाभासते । न पुनः सिद्धो हेतुर् इति ॥	གང་ཞིག་གཏན་ཚིགས་ལྟར་སྣང་བ་ཡིན་གྱི་གཏན་ཚིགས་སུ་གྲུབ་པ་ནི་མ་ཡིན་པའོ་༎
 २२। हेत्वाभासो ऽसिद्धो विरुद्धो ऽनैकान्तिकश् चेति त्रिप्रकारः ॥	གཏན་ཚིགས་ལྟར་སྣང་བ་ནི་གསུམ་སྟེ་། མ་གྲུབ་པ་དང་འགལ་བ་དང་མ་ངེས་པའོ་༎
 २३। तत्र पक्षे ऽसिद्धत्वाद् असिद्धसंज्ञको हेत्वाभासः । २४। पक्षसपक्षयोर् नास्ति । विपक्ष एवास्ति स विरुद्धसंज्ञको हेत्वाभासः ।	དེ་ལ་ཕྱོགས་ལ་མ་གྲུབ་པའི་ཕྱིར་མ་གྲུབ་ཅེས་བྱ་བའི་གཏན་ཚིགས་ལྟར་སྣང་བ་ཡིན་ནོ་༎ ཕྱོགས་དང་མཐུན་པའི་ཕྱོགས་ལ་ནི་མེད་པ་མི་མཐུན་པའི་ཕྱོགས་ལ་ཡོད་པ་དེ་ནི་འགལ་བ་ཞེས་བྱ་བའི་གཏན་ཚིགས་ལྟར་སྣང་བ་ཡིན་༎ ཏེ་། 
 साध्यविपर्ययसाधनात् ॥	བསྒྲུབ་པར་བྱ་བ་ལས་ཕྱིན་ཅི་ལོག་བསྒྲུབ་པའི་ཕྱིར་རོ་༎
 २५। तत्र यो हेतुः सपक्षविपक्षयोर् उभयत्रास्ति नास्ति वा संदिह्यते ।	མཐུན་པའི་ཕྱོགས་དང་མི་མཐུན་པའི་ཕྱོགས་གཉི་ག་ལས་།
 अप्रसिद्धसंबन्धो वा सो ऽनैकान्तिकसंज्ञको हेत्वाभासः ।	ཡོད་པའམ་མེད་པའམ་ཐེ་ཚོམ་ཟ་བ་ལའམ་འབྲེལ་པ་མ་གྲུབ་པའི་གཏན་ཚིགས་གང་ཡིན་པ་དེ་ནི་མ་ངེས་པའི་གཏན་ཚིགས་ལྟར་སྣག་བ་ཞེས་བྱ་བ་ཡིན་ཏེ་།
 वादिनः प्रतिवादिनो वा साधयितुम् इष्टस्यैकान्तस्यासाधनात् ॥	རྒོལ་བ་དང་ཕྱིར་རྒོལ་བས་བསྒྲུབ་པར་འདོད་པ་ངེས་པ་མི་འགྲུབ་པའི་ཕྱིར་རོ་༎
 २६। उभयासिद्धः तद्यथा शब्दस्यानित्यत्वे साध्ये चाक्षुषत्वं हेतुः वादिप्रतिवादिनोर् असिद्धः ॥	དཔེར་ན་གཉིས་ལ་མ་གྲུབ་པ་ནི་སྒྲ་མི་རྟག་པ་ཉིད་དུ་གྲུབ་པར་བྱ་བ་ལ་། གཏན་ཚིགས་མིག་གིས་བཟུང་བ་ནི་རྒོལ་བ་དང་། ཕྱིར་རྒོལ་བ་དག་ལ་མ་གྲུབ་པ་ལྟ་བུའོ་༎ ཤིང་སེམས་དང་ལྡན་པར་བསྒྲུབ་པར་བྱ་བ་ལ་ཤུན་སྤགས་ཐམས་ཅད་བཤུས་ན་འཆི་བའི་ཕྱིར་རོ་ཞེས་བྱ་བའི་༄༣༡༥བ་གཏན་ཚིགས་ནི་།
 २७। चेतनास् तरव इति साध्ये सर्वत्वगपहरणे मरणाद् इति हेतुः प्रतिवादिनो बौद्धस्यासिद्ध इति प्रतिवाद्यसिद्धः ।	ཕྱིར་རྒོལ་བ་སངས་རྒྱས་པ་ལ་མ་གྲུབ་པས་ཕྱིར་རྒོལ་བ་ལ་མ་གྲུབ་པ་ཞེས་བྱ་སྟེ་། སེམས་ལ་སོགས་པ་འགགས་པ་ལ་སངས་རྒྱས་པ་འདོད་པའི་ཕྱིར་རོ་༎
 चैतन्यादिनिरोधस्य बौद्धेनोपगमात् ॥ २८। अचेतनाः सुखादय इति साध्ये ।	བདེ་བ་ལ་སོགས་པ་སེམས་མེད་པར་བསྒྲུབ་པར་བྱ་བ་ལ་སྐྱེ་བ་དང་ལྡན་པའི་ཕྱིར་ཞེས་བྱ་བའི་གཏན་ཚིགས་ནི་།
 उत्पत्तिमत्त्वाद् इति हेतुः स्वयं वादिनः सांख्यस्यासिद्धः ।	གྲངས་ཅན་བ་རྒོལ་བ་བདག་ཉིད་ལ་མ་གྲུབ་པས་།
 इति वाद्यसिद्ध इति ॥	རྒོལ་བ་ལ་མ་གྲུབ་པ་ཞེས་བྱའོ་༎ བྱེ་བྲག་པས་ཕྱིར་རྒོལ་བ་སངས་རྒྱས་པ་ལ་། ས་ལ་སོགས་པའི་ཆོས་ཅན་བྱ་བ་ཡིན་ནོ་ཞེས་བསྒྲུབ་པར་བྱ་བ་ལ་།
 २९। वैशेषिकस्य बौद्धं प्रति क्षमादिकं धर्मी कार्यम् इति साधयतः प्रतिक्षणं सदृशापरापरोत्पत्तेर् इति स्वयं वादिनो ऽसिद्धः ।	སྐད་ཅིག་རེ་རེ་འདྲ་བ་གཞན་དང་གཞན་འབྱུང་ངོ་ཞེས་བྱ་བ་ནི་རྒོལ་བ་བདག་ཉིད་ལ་མ་གྲུབ་པ་ཡིན་ཏེ་།
 उत्पत्तौ सिद्धायाम् अपि प्रतिक्षणसदृशापरापरोत्पत्तिर् इत्य् असिद्धः ॥ (ह्तु २६४)	སྐྱེ་བ་གྲུབ་ཀྱང་སྐད་ཅིག་རེ་རེ་འདྲ་བ་གཞན་དང་གཞན་འབྱུང་ངོ་ཞེས་པ་ནི་མ་གྲུབ་པའོ་༎ 
 ३०। पक्षैकदेशासिद्धो यथा ।	ཕྱོགས་ཀྱི་ཕྱོགས་གཅིག་ལ་མ་གྲུབ་པ་ནི་དཔེར་ན་ཤིང་རྣམས་ནི་སེམས་དང་ལྡན་པ་པའོ་༎ ཡིན་ཏེ་། 
 चेतनास् तरवः स्वापाद् इति हेतुः । दिगम्बरस्य स्वयं वादिनः पक्षैकदेशासिद्धः ।	གཉིད་ལོག་པའི་ཕྱིར་རོ་ཞེས་བྱ་བའི་གཏན་ཚིགས་ནི་ཕྱོགས་ཀྱི་གོས་ཅན་རྒོལ་བ་བདག་ཉིད་ལ་ཕྱོགས་ཀྱི་གཅིག་ལ་མ་པའོ་༎ ཡིན་ཏེ་། གྲུབ་སྟེ་། 
 न हि सर्वे वृक्षा रात्रौ पत्रसंकोचभाजः ॥	ཤིང་ཐམས་ཅད་མཚན་མོ་ལོ་མ་འཁུམ་པ་ལ་བརྟེན་པ་པའོ་༎ ཡིན་ཏེ་། གྲུབ་སྟེ་། མ་ཡིན་ནོ་༎ 
 ३१। तथा पृथिव्यादिकं धर्मी बुद्धिमद्धेतुजन्यम् इति साध्ये कार्यत्वाद् इति हेतुर् बौद्धं प्रत्य् असिद्धः ।	དེ་བཞིན་དུ་ས་ལ་སོགས་པའི་ཆོས་ཅན་བློ་དང་ལྡན་པ་ལས་སྐྱེས་པ་ཡིན་ནོ་ཞེས་བསྒྲུབ་པར་བྱ་བ་ལ་འབྲས་བུ་ཡིན་ནོ་ཞེས་བྱ་བའི་གཏན་ཚིགས་ནི་སངས་རྒྱས་པ་ལ་པའོ་༎ ཡིན་ཏེ་། གྲུབ་སྟེ་། མ་ཡིན་ནོ་༎ གྲུབ་སྟེ་། 
 प्रत्यक्षानुपलम्भनिबन्धनो हि कार्यकारणभावो बौद्धस्य पृथिव्यादौ न सिद्धः ।	མངོན་སུམ་དང་མི་དམིགས་པ་རྒྱུ་དང་འབྲས་བུའི་འབྲེལ་པ་བསྒྲུབ་པའི་ངོ་བོས་ས་ལ་སོགས་པ་ལ་གྲུབ་པའི་ཕྱིར་རོ་པའོ་༎ ཡིན་ཏེ་། གྲུབ་སྟེ་། མ་ཡིན་ནོ་༎ གྲུབ་སྟེ་། 
 विहाराहारादिषु सिद्धं चेत् तदा पक्षैकदेशासिद्धः ॥	༎ གལ་ཏེ་གནས་དང་བཟའ་བ་ལ་སོགས་པ་གྲུབ་པོ་ཞེས་ཟེར་ན་པའོ་༎ ཡིན་ཏེ་། གྲུབ་སྟེ་། མ་ཡིན་ནོ་༎ གྲུབ་སྟེ་། ༎ ། དེའི་ཚེ་ཕྱོགས་ཀྱི་ཕྱོགས་གཅིག་མ་གྲུབ་པོ་༎
 ३२। संदिग्धासिद्धो यथा यद्य् अयं धूमो ऽग्निर् अत्रेति साध्ये हेतोर् एवानिश्चयात् ॥ ३३। धर्मिसंदेहे ऽप्य् असिद्धो यथा ।	ཐེ་ཚོམ་ཟ་བའི་མ་གྲུབ་པ་ནི་། དཔེར་ན་གལ་ཏེ་འདི་དུ་བ་ཡིན་ན་འདི་ན་མེ་ཡོད་དོ་ཞེས་བསྒྲུབ་པར་བྱ་བ་ལ་། གཏན་ཚིགས་ཉིད་མ་ངེས་པའི་ཕྱིར་རོ་༎ ཆོས་ཅན་ཐེ་ཚོམ་ཟོས་མ་གྲུབ་པས་ནི་༎ དཔེར་ན་རི་སུལ་དུ་མ་འདི་དག་ལས་༎
 इह बहुषु निकुञ्जेषु क्वचिद् एकस्मिन् निकुञ्जे मयूर इति साध्ये केकायिकाद् इति हेतुः ॥	རི་སུལ་འགའ་ཞིག་ན་རྨ་བྱ་ཡོད་དེ་ཞེས་བསྒྲུབ་པར་བྱ་བ་ལ་རྨ་བྱའི་སྒྲ་གྲགས་པའི་ཕྱིར་རོ་ཞེས་བྱ་བའི་གཏན་ཚིགས་ཡིན་པ་ལྟ་བུའོ་༎ 
 ३४। धर्म्यसिद्धाव् अप्य् असिद्धो यथा आत्मा धर्मी सर्वगत इति साध्ये सर्वत्रोपलभ्यमानगुणत्वाद् इति हेतुः ॥	ཆོས་ཅན་མ་གྲུབ་པ་ཡང་མ་གྲུབ་པ་ཡིན་ཏེ་། དཔེར་ན་ཆོས་ཅན་བདག་ཐམས་ཅད་དུ་ཁྱབ་པར་བསྒྲུབ་པར་བྱ་བ་ལ་། ཡོད་ཏན་ཐམས་ཅད་ནི་དམིགས་པའི་ཕྱིར་རོ་ཞེས་བྱ་བའི་གཏན་ཚིགས་ཡིན་པ་ལྟ་བུའོ་༎
 ३५। दशैते ऽसिद्धसंज्ञका हेत्वाभासाः ॥	བཅུ་པོ་འདི་དག་ནི་མ་གྲུབ་པ་ཞེས་བྱ་བའི་གཏན་ཚིགས་ལྟར་སྣང་བའོ་༎
 ३६। ॥ अनैकान्तिको हेत्वाभासः कीदृश उच्यते ॥	མ་ངེས་པའི་གཏན་ཚིགས་ལྟར་སྣང་བ་ཡང་ཅི་འདྲ་བ་ཞིག་ཅེ་ན་། སྨྲས་པ་། དཔེར་ན་སྒྲ་༄༣༡༦ཨ་༌་༎
 ३७। यथा शब्दस्य नित्यत्वादिके धर्मे साध्ये प्रमेयत्वं हेतुः सपक्स्विपक्षयोः सर्वत्र वर्तमानः साधारणानैकान्तिकः ॥	རྟག་པ་ལ་སོགས་པའི་ཆོས་བསྒྲུབ་པར་བྱ་བ་ལ་། གཞལ་བྱ་ཡིན་པའི་ཕྱིར་ཞེས་པའི་གཏན་ཚིགས་ནི་། མཐུན་པའི་ཕྱོགས་དང་མི་མཐུན་པའི་ཕྱོགས་ཐམས་ཅད་ལ་འཇུག་པའི་ཐུན་མོང་གི་མ་ངེས་པའི་ཞེས་བྱའོ་༎ ད་བཞིན་དུ་སྒྲ་རྟག་པར་བསྒྲུབ་པར་བྱ་བ་ལ་།
 ३८। तथा शब्दस्य नित्यत्वे श्रावणत्वं हेतुः सपक्षविपक्षयोर् अप्रवर्तमानात् । असाधारणानैकान्तिकः ॥	མཉན་པར་བྱ་བ་ཡིན་པའི་ཕྱིར་ཞེས་བྱ་བའི་གཏན་ཚིགས་ནི་མཐུན་པའི་ཕྱོགས་དང་མི་མཐུན་པའི་ཕྱོགས་ལ་མི་འཇུག་པའི་ཕྱིར་ཐུན་མོང་མ་ཡིན་པའི་མ་ངེས་པ་ཡིན་ནོ་༎
 ३९। तथा शब्दस्याप्रयत्नानन्तरीयकत्वे साध्ये ऽनित्यत्वाद् इति हेतुः ।	དེ་བཞིན་དུ་སྒྲ་བརྩལ་མ་ཐག་ཏུ་བྱུང་བའི་མ་ཡིན་པ་ཉིད་བསྒྲུབ་པར་བྱ་བ་ལ་མི་རྟག་པའི་ཕྱིར་རོ་ཞེས་བྱ་བའི་གཏན་ཚིགས་ནི་། མཐུན་པའི་ཕྱོགས་ཀྱི་ཕྱོགས་གཅིག་ལ་འཇུག་ལ་།
 सपक्षैकदेशवृत्तिर् विपक्षव्याप्य् अनैकान्तिकः ॥	མི་མཐུན་པའི་ཕྱོགས་ལ་ཁྱད་པར་འཇུག་པའི་མ་ངེས་པ་ཡིན་ཏེ་།
 अप्रयत्नानन्तरीयकः शब्दस्य विद्युदाकाशादिः सपक्षः तत्रैकदेशे विद्युदादौ वर्तते ऽनित्यत्वं नाकाशादौ प्रयत्नान्तरीयकः पुनः सर्वो घटादिर् विपक्षः । तत्र सर्वत्र वर्तते ॥ (ह्तु २६५)	བརྩལ་མ་ཐག་ཏུ་བྱུང་བ་མ་ཡིན་པའི་སྒྲ་མཐུན་པའི་ཕྱོགས་ནི་གློག་དང་། ནམ་མཁའ་ལ་སོགས་པ་སྟེ་། དེ་ལ་མཐུན་པའི་ཕྱོགས་ལ་ཕྱོགས་གཅིག་གློག་ལ་སོགས་པ་ལ་ནི་མི་རྟག་པ་འཇུག་ལ་། ནམ་མཁའ་ལ་སོགས་པ་ལ་ནི་མ་ཡིན་ནོ་༎ མི་མཐུན་པའི་ཕྱོགས་བརྩལ་མ་ཐག་ཏུ་བྱུང་བ་ལ་སོགས་པ་ཐམས་ཅད་ཡིན་ཏེ་དེ་ཐམས་ཅད་ལ་འཇུག་པ་ཡིན་ནོ་༎
 ४०। तथा प्रयत्नानन्तरीयकत्वे शब्दस्य साध्ये ऽनित्यत्वं हेतुः घटादौ सर्वत्र विद्यते । अप्रयत्नानन्तरीयकः पुनर् विद्युदाकाशादिर् विपक्षः ।	དེ་བཞིན་དུ་སྒྲ་ནི་བརྩལ་མ་ཐག་ཏུ་བྱུང་བ་ཉིད་ཡིན་ཏེ་ཞེས་བསྒྲུབ་པར་བྱ་བ་ལ་མི་རྟག་པའི་ཕྱིར་ཞེས་བྱ་བའི་གཏན་ཚིགས་ནི་། བུམ་པ་ལ་སོགས་པ་ཐམས་ཅད་ལ་ནི་ཡོད་ལ་བརྩལ་མ་ཐག་ཏུ་བྱུང་བ་མ་ཡིན་པ་མི་མཐུན་པའི་ཕྱོགས་ཡང་གློག་དང་ནམ་མཁའ་ལ་སོགས་པ་དེ་ལས་ཕྱོགས་གཅིག་གློག་ལ་སོགས་པ་ལ་ནི་འཇུག་ལ་།
 तत्रैकदेशे विद्युदादौ वर्तते नाकाशादौ ।	ནམ་མཁའ་ལ་སོགས་པ་ལ་ནི་མ་ཡིན་ལ་།
 तस्माद् अयं विपक्षैकदेशवृत्तिः सपक्षव्यापी हेतुर् अनैकान्तिकः ॥	དེའི་ཕྱིར་འདི་མི་མཐུན་པའི་ཕྱོགས་གཅིག་ལ་འཇུག་ལ་། མཐུན་པའི་ཕྱོགས་ལ་ཁྱབ་པའི་མ་ངེས་པའི་གཏན་ཚིགས་ཡིན་ནོ་༎
 ४१। उभयपक्षैकदेशवृत्तिर् अनैकान्तिको यथा ।	ཕྱོགས་གཉི་གའི་ཕྱོགས་གཅིག་ལ་འཇུག་པའི་མ་ངེས་པ་ནི་དཔེར་ན་།
 शब्दे धर्मिणि नित्यत्वे साध्ये ऽमूर्तत्वाद् इति हेतुः ।	ཆོས་ཅན་ལ་སྒྲ་རྟག་པར་བསྒྲུབ་པར་བྱ་བ་ལ་། ལུས་ཅན་མ་ཡིན་པའི་ཕྱིར་ཞེས་བྱ་བའི་གཏན་ཚིགས་ནི་།
 परमाण्वाकाशादिः सपक्षो ऽस्य । तत्रैकदेशे ऽमूर्तत्वम् आकाशे प्रवर्तते न परमाणौ मूर्तत्वात् परमाणूनम् ।	མཐུན་པའི་ཕྱོགས་རྡུལ་ཕྲ་རབ་དང་ནམ་མཁའ་ལ་སོགས་པ་དེ་ལ་མཐུན་པའི་ཕྱོགས་གཅིག་ནམ་མཁའ་ནི་ལུས་ཅན་མ་ཡིན་པ་འཇུག་ལ་། རྡུལ་ཕྲ་རབ་ནི་མ་ཡིན་ཏེ་རྡུལ་ཕྲ་རབ་རྣམས་ལུས་ཅན་ཡིན་པའི་ཕྱིར་རོ་༎
 घटसुखादिर् अनित्यो विपक्षः । तत्रैकदेशे सुखादौ विद्यते न घटादौ ॥	བུམ་པ་དང་བདེ་བ་ལ་སོགས་པ་མི་རྟག་པ་མི་མཐུན་པའི་ཕྱོགས་གཅིག་བདེ་བ་ལ་སོགས་པ་ལ་འཇུག་ལ་། བུམ་པ་ལ་སོགས་པ་༄༣༡༦བ་མ་ཡིན་པ་ལྟ་བུའོ་༎
 ४२। तथा संदिग्धविपक्षव्यावृत्तिकः सपक्षव्यापी हेतुर् अनैकान्तिको यथा ।	དེ་བཞིན་དུ་མི་མཐུན་པའི་ཕྱོགས་ལ་ལྡོག་པ་ལ་ནི་ཐེ་ཚོམ་ཟ་ལ་། མཐུན་པའི་ཕྱོགས་ལ་ཁྱབ་པའི་མ་ངེས་པའི་གཏན་ཚིགས་ནི་།
 कपिलादिधर्म्य् असर्वज्ञ इति साध्ये वक्तृत्वाद् इति हेतुः । रथ्यापुरुषादौ सपक्षे ऽस्ति ।	དཔེར་ན་སེར་སྐྱ་ལ་སོགས་པའི་ཆོས་ཅན་ཐམས་ཅད་མཁྱེན་པ་མ་ཡིན་ཏེ་ཞེས་བསྒྲུབ་པར་བྱ་བ་ལས་སྨྲ་བའི་ཕྱིར་ཞེས་བྱ་བའི་གཏན་ཚིགས་ནི་༏་ལམ་པོ་ཆེའི་སྐྱེས་བུ་ལ་སོགས་པ་དང་མཐུན་པའི་ཕྱོགས་ལ་ནི་ཡོད་ལ་།
 विपक्षे सर्वज्ञे संदिग्धः ।	མི་མཐུན་པའི་ཕྱོགས་ཐམས་ཅད་མཁྱེན་པ་ལ་ནི་ཐེ་ཚོམ་ཟ་སྟེ་།
 सर्वज्ञस्यातीन्द्रियत्वाद् वचनम् अस्ति न वेति संदिग्धम् ॥	ཐམས་ཅད་མཁྱེན་པ་ནི་དབང་པོ་ལས་འདས་པའི་ཕྱིར་སྨྲ་བ་ཡོད་དམ་མེད་པ་ལ་ཐེ་ཚོམ་ཟ་བ་ཡིན་ནོ་༎
 ४३। तथा संदिग्धसपक्षवृत्तिर् विपक्षव्याप्ल् हेतुर् अनैकान्तिको यथा ।	དེ་བཞིན་དུ་མཐུན་པའི་ཕྱོགས་ལ་འཇུག་པ་ལ་ནི་༏་ཐེ་ཚོམ་ཟ་ལ་མི་མཐུན་པའི་ཕྱོགས་ལ་ཁྱབ་པའི་མ་ངེས་པའི་གཏན་ཚིགས་ནི་དཔེར་ན་།
 ऋषभवर्धामानादिधर्मी सर्वज्ञ इति साध्ये केवलिशास्त्रकरणाद् इति हेतुः सपक्षे सर्वज्ञे संदिग्धः ।	ཁྱུ་མཆོག་དང་འཕེལ་བ་ལ་སོགས་པའི་ཆོས་ཅན་ཐམས་ཅད་མཁྱེན་པ་ཡིན་ནོ་ཞེས་བསྒྲུབ་པར་བྱ་བ་ལ་བསྟན་བཅོས་འབའ་ཞིག་བྱེད་པའི་ཕྱིར་ཞེས་བྱ་བ་ལ་གཏན་ཚིགས་ནི་མཐུན་པའི་ཕྱོགས་ཐམས་ཅད་མཁྱེན་པ་ལ་ནི་ཐེ་ཚོམ་ཟ་སྟེ་།
 सर्वज्ञस्यातीन्द्रियत्वात् केवलिशास्त्रकरणं संदिग्धम् ।	ཐམས་ཅད་མཁྱེན་པ་ནི་དབང་པོ་ལས་ཤིན་ཏུ་འདས་པའི་ཕྱིར་། བསྟན་བཅོས་འབའ་ཞིག་བྱེད་པ་ལ་ཐེ་ཚོམ་ཟ་བ་ཡིན་ནོ་༎
 विपक्षे वराहमिहिरादाव् असर्वज्ञे विद्यते ॥	མི་མཐུན་པའི་ཕྱོགས་པ་ར་ཧ་དང་མ་ཧ་རེ་ལ་སོགས་པ་ཐམས་ཅད་མཁྱེན་པ་མ་ཡིན་པ་ལ་ཡོད་པ་ལྟ་བུའོ་༎
 ४४। संदिग्धान्वयव्यतिरेकहेतुर् अनैकान्तिको यथा सात्मकं जीवच्छरीरं प्राणादिमत्त्वाद् इति हेतुः । जीवच्छरीरसंबन्धी प्राणादिर् न सात्मके अनात्मके वा प्रवृत्तो निवृत्तो वेति निश्चीयते ॥ (ह्तु २६६)	རྗེས་སུ་འགྲོ་བ་དང་ལྡོག་པ་ལ་ཐེ་ཚོམ་ཟ་བའི་མ་ངེས་པའི་གཏན་ཚིགས་ནི་དཔེར་ན་གསོན་པོའི་ལུས་ནི་བདག་དང་བཅས་པ་ཡིན་ཏེ་སྲོག་ཆགས་ལ་སོགས་པ་དང་ལྡན་པའི་ཕྱིར་རོ་ཞེས་བྱ་བའི་གཏན་ཚིགས་ནི་གསོན་པོའི་ལུས་དང་འབྲེལ་བ་ཅན་སྲོག་ལ་སོགས་པ་བདག་དང་བཅས་པའམ་བདག་མེད་པ་ལ་འཇུག་པའམ་ལྡོག་པ་མ་ངེས་པ་ཡིན་ཏེ་༏་དེ་བས་ན་རྗེས་སུ་འགྲོ་བ་འབའ་ཞིག་པའི་གཏན་ཚིགས་ཡིན་ཏེ་དཔེ་མེད་པ་ཡིན་པའི་ཕྱིར་རོ་༎ 
 ४५। ततः केवलान्वयी हेतुर् दृष्टान्ताभावात् ॥	དེ་བཞིན་དུ་གཉིས་པ་ལ་ཡང་ལྡོག་པ་འབའ་ཞིག་ཡིན་ཏེ་།
 ४६। तथा द्वितीयो ऽपि केवलव्यतिरेकी नेदं निरात्मकं जीवच्छरीरम् अप्राणादिमत्त्वप्रसङ्गाद् इति ।	གསོན་པོའི་ལུས་འདི་ནི་བདག་མེད་པ་མ་ཡིན་ཏེ་སྲོག་ལ་སོགས་པ་མེད་པར་ཐལ་བར་འགྱུར་བའི་ཕྱིར་རོ་ཞེས་བྱ་བ་ལྟ་བུའོ་༎
 दृष्टान्ताभावाद् एव नान्वयनिश्चयो नापि व्यतिरेकनिश्चय इति संशयहेतुः ॥	དཔེ་མེད་པ་ཉིད་ཀྱི་ཕྱིར་རྗེས་སུ་འགྲོ་བ་ངེས་པ་མེད་པ་དང་། ལྡོག་པ་ཡང་ངེས་པ་འདི་ནི་ཐེ་ཚོམ་ཟ་བའི་གཏན་ཚིགས་སོ་༎
 ४७। उक्ता नव एते ऽनैकान्तिकसंज्ञका हेत्वाभासाः ॥	བཅུ་པོ་འདི་དག་ནི་མ་ངེས་པའི་གཏན་ཚིགས་ལྟར་སྣང་བ་ཞེས་བསྟན་ཏོ་༎
 ४८। विरुद्धसंज्ञको हेत्वाभासः कीदृशः ॥	འགལ་བའི་གཏན་ཚིགས་ལྟར་སྣང་བ་ཅི་འདྲ་བ་ཞིག་ཅེ་ན་།
 ४९। यथा शब्दो धर्मी नित्य इति साध्यो धर्मः कृतकत्वाद् आकाशादिवत् ।	དཔེར་ན་ཆོས་ཅན་སྒྲ་རྟག་སྟེ་ཞེས་བྱ་བ་ནི་༄༣༡༧ཨ་༌་༎ བསྒྲུབ་པར་བྱ་བའི་ཆོས་སོ་༎
 अयं हेतुर् घटादौ विपक्ष एवास्ति न सपक्षे ॥ ५०। तथा शब्दो धर्मी नित्य इति साध्ये प्रयत्नानन्तरीयकत्वाद् इति हेतुर् आकाशादौ सपक्षे नास्त्य् एव ।	བྱས་པའི་ཕྱིར་ནམ་མཁའ་ལ་སོགས་པ་བཞིན་ནོ་ཞེས་བྱ་བའི་གཏན་ཚིགས་འདི་ནི་བུམ་པ་ལ་སོགས་པ་མི་མཐུན་པའི་ཕྱོགས་ཉིད་ལ་ཡོད་ལ་མཐུན་པའི་ཕྱོགས་ལ་ནི་མ་ཡིན་པ་ལྟ་བུའོ་༎ དེ་བཞིན་དུ་ཆོས་ཅན་སྒྲ་རྟག་སྟེ་ཞེས་བསྒྲུབ་པར་བྱ་བ་ལ་།
 विपक्षैकदेसे घटादौ विद्यते न विद्युदादौ ॥	བརྩལ་མ་ཐག་ཏུ་བྱུང་བ་ཡིན་པའི་ཕྱིར་ཞེས་བྱ་བའི་ཕྱིར་གཏན་ཚིགས་མཐུན་པའི་ཕྱོགས་ནམ་མཁའ་ལ་སོགས་པ་ལ་མེད་ཕྱོགས་གཅིག་བུམ་པ་ལ་སོགས་པ་ལ་ནི་ཡོད་ལ་། གློག་ལ་སོགས་པ་ལ་ནི་མེད་པ་ལྟ་བུའོ་༎
 एतौ द्वौ हेतू धर्मस्वरूपविपरीतसाधनौ ॥ ५१। धर्मविशेशविपरीतसाधनो यथा ।	གཏན་ཚིགས་འདི་གཉིས་ནི་ཆོས་ཀྱི་རང་གི་ངོ་བོ་ཕྱིན་ཅི་ལོག་ཏུ་བསྒྲུབ་པ་དང་། ཆོས་ཅན་རང་གི་ངོ་བོ་ཕྱིན་ཅི་ལོག་ཏུ་བསྒྲུབ་པ་ལ་རྣམ་པ་གཉིས་ཡིན་ཏེ་།
 चक्षुरादय इति धर्मी परार्था इति साध्यो धर्मः संघतत्वाद् इति हेतुः ।	དཔེར་ན་ཆོས་མིག་ལ་སོགས་པ་འདི་དག་གཞན་གྱི་དོན་དུ་བསྒྲུབ་པར་བྱ་བའི་ཆོས་སོ་༎ བསགས་པ་ཡིན་པའི་ཕྱིར་ཞེས་བྱ་བ་ནི་གཏན་ཚིགས་སོ་༎
 मञ्चपीठादिवद् इति सपक्षवचनं ।	ཁྲི་དང་སྟན་ལ་སོགས་པ་བཞིན་ནོ་ཞེས་བྱ་བ་ནི་མཐུན་པའི་ཕྱོགས་བསྟན་པའོ་༎
 अयं तु हेतुर् यथा चक्षुरादीनां पारार्थ्यं साधयति ।	འདི་ལྟར་གཏན་ཚིགས་འདིས་མིག་ལ་སོགས་པ་གཞན་གྱི་དོན་དུ་སྒྲུབ་པར་བྱེད་ལ་།
 तथा संघातत्वं परस्य साधयति ।	དེ་བཞིན་དུ་བསགས་པ་ཉིད་གཞན་གྱིར་སྒྲུབ་པར་བྱེད་དེ་།
 मञ्चपीठादीनां संघातस्य देवदत्तादेः परस्योपकारदर्शनात् ॥	ཁྲི་དང་སྟན་ལ་སོགས་པ་བསགས་པས་ལྷ་སྦྱིན་ལ་སོགས་པ་གཞན་གྱི་དོན་བྱེད་པར་མཐོང་བའི་ཕྱིར་རོ་༎ 
 ५२। धर्मिस्वरूपविपरीतसाधनो यथा पृथिव्यादिर् धर्मी बुद्धिमद्धेतुजन्य इति साध्ये साश्रयत्वाद् इति हेतुः ।	ཆོས་ཅན་གྱི་རང་གི་ངོ་བོ་ཕྱིན་ཅི་ལོག་ཏུ་བསྒྲུབ་པ་ནི་། དཔེར་ན་ཆོས་ཅན་ལ་སོགས་པ་ནི་བློ་དང་ལྡན་པའི་རྒྱུ་ལས་སྐྱེས་པ་ཡིན་ཏེ་ཞེས་བྱ་བར་བསྒྲུབ་པར་བྱ་བ་ལ་རྟེན་པ་དང་བཅས་པའི་ཕྱིར་ཞེས་བྱ་བ་ནི་གཏན་ཚིགས་སོ་༎
 घटादिवद् इति सपक्षवचनम् ।	བུམ་པ་ལ་སོགས་པ་བཞིན་ནོ་ཞེས་བྱ་བས་ནི་། མཐུན་པའི་ཕྱོགས་བསྟན་ཏོ་༎
 अयं हेतुर् यथा बुद्धिमद्धेतुजन्यत्वं साधयति तथा बुद्धिमतः कर्तुः साश्रयत्वम् अपि साधयति ॥	འདི་ལྟར་གཏན་ཚིགས་འདིས་ནི་བློ་དང་ལྡན་པའི་རྒྱུ་ལས་སྐྱེས་པ་ཉིད་སྒྲུབ་པར་བྱེད་པ་ཡིན་ལ་། དེ་བཞིན་དུ་བློ་དང་ལྡན་པའི་བྱེད་པའི་རྟེན་པ་དང་བཅས་པ་ཡང་སྒྲུབ་པར་བྱེད་ལ་། དོ་༎ 
 ५३। धर्मिविषेशविपरीतसाधनो यथा ।	ཆོས་ཅན་གྱི་ཁྱད་པར་ཕྱིན་ཅི་ལོག་ཏུ་བསྒྲུབ་པ་ནི་དཔེར་ན་།
 वैशेषिकस्य मीमांसकं प्रत्य् आत्मा धर्मी चेतयत इति साध्ये (ह्तु २६७) चेतनाधिष्ठानत्वाद् इति हेतुर् आत्मनो ऽचेतनस्य यथा चैतन्यं साधयति ।	བྱེ་བྲག་པས་དཔྱོད་པ་པ་ལ་ཆོས་བདག་ནི་སེམས་དང་ལྡན་པ་ཡིན་ནོ་ཞེས་བསྒྲུབ་པར་བྱ་བ་ལ་སེམས་ཀྱིས་བྱིན་གྱིས་བརླབས་པའི་ཕྱིར་ཞེས་བྱ་བའི་གཏན་ཚིགས་ནི་།
 तथा हेतुर् अयम् अनित्यत्वम् अपि साधयति ।	བདག་སེམས་མེད་པ་ལ་ཇི་ལྟར་སེམས་དང་ལྡན་པར་སྒྲུབ་པར་བྱེད་པ་དེ་བཞིན་དུ་གཏན་ཚིགས་འདིས་མི་རྟག་པ་ཡང་སྒྲུབ་པར་བྱེད་དེ་།
 अनित्यत्वाद् विज्ञानस्य ॥	རྣམ་པར་ཤེས་པ་ནི་མི་རྟག་པའི་ཕྱིར་རོ་༎
 ५४। उक्ताः पञ्चैते विरुद्धसंज्ञका हेत्वाभासाः ॥	ལྔ་པོ་དེ་དག་གིས་ནི་འགལ་བའི་གཏན་ཚིགས་ལྟར་སྣང་བ་བསྟན་ཏོ་༎
 ५५। विरुद्धाव्यभिचारी नाम न कश्चिद् धेतुदोषो ऽस्तीति न तस्योदाहरणं युक्तम् । तत्रोदाहरणं । यत् सर्वदेशावस्थितैः स्वयं च स्वसंबन्धिभिर् युगपद् अभिसंबध्यते तत् सर्वगतम् । यथाकाशम् इति ।	འགལ་༄༣༡༧བ་བ་མི་འཁྲུལ་བ་ཞེས་བྱ་བ་ནི་གང་དུ་ཡང་གཏན་ཚིགས་ཀྱི་སྐྱོན་མ་ཡིན་པས་དེའི་དཔེ་བརྗོད་པ་མི་རིགས་ཏེ་།
 अभिसंबध्यते च सर्वदेशावस्थितैः स्वसंबन्धिभिर् युगपत् सामान्यम् इति पैलुकस्य स्वभावहेतुप्रयोगः । ।	དེའི་དཔེ་བརྗོད་ན་གང་ཕྱོགས་ཐམས་ཅད་ན་གནས་པ་དང་། བདག་ཉིད་རང་དང་གཅིག་པར་མངོན་པར་འབྲེལ་པ་ཅན་དེ་ནི་ཐམས་ཅད་དུ་འགྲོ་བ་ཡིན་ཏེ་། དཔེར་ན་ནམ་མཁའ་བཞིན་ཕྱོགས་ཐམས་ཅད་ན་གནས་པ་ནི་རང་དང་འབྲེལ་པས་ཅིག་ཅར་སྤྱི་དང་མངོན་པར་འབྲེལ་པ་ཡིན་ནོ་ཞེས་བྱ་བ་ནི་པེ་ལུ་ཀའི་རང་བཞིན་གྱི་གཏན་ཚིགས་ཀྱི་། སྦྱོར་བའོ་༎ 
 द्वितीयो ऽपि प्रयोगः पैठरस्य । यद् उपलब्धिलक्षणप्राप्तं यत्र नोपलभ्यते न तत्रास्ति ।	ཡང་སྦྱོར་བ་གཉིས་པ་ནི་དཔེ་ཐ་རའི་ཡིན་ཏེ་གང་དམིགས་པའི་མཚན་ཉིད་ཀྱིར་གྱུར་པ་གང་དུ་མི་དམིགས་པ་དེ་ནི་། སྦྱོར་བའོ་༎ མེད་དོ་༎ 
 तद् यथा क्वचिद् अविद्यमानो घटः ।	དཔེར་ན་ཕྱོགས་འགའ་ཞིག་ན་བུམ་པ་མེད་དེ་ཞེས་བྱ་བ་། སྦྱོར་བའོ་༎ མེད་དོ་༎ ལྟ་བུའོ་༎
 नोपलभ्यते चोपलब्धिलक्षणप्राप्तं सामान्यं व्यक्त्यन्तरालेष्व् इति ॥	དམིགས་པའི་མཚན་ཉིད་ཀྱིར་གྱུར་པའི་སྤྱི་གསལ་བ་། སྦྱོར་བའོ་༎ མེད་དོ་༎ ལྟ་བུའོ་༎ དང་། གསལ་བའི་བར་ན་མི་དམིགས་པའི་ཕྱིར་རོ་ཞེས་བྱ་བ་ལྟ་བུའོ་༎
 अनुपलम्भो हेतुः पूर्वोक्तश् च स्वभावः परस्परं बाधयतः । संशयजननात् ।	མི་དམིགས་པའི་གཏན་ཚིགས་འདི་དང་སྔར་བསྟན་པའི་རང་བཞིན་གྱི་གཏན་ཚིགས་འདི་ཕན་ཚུན་གནོད་པས་ཐེ་ཚོམ་བསྐྱེད་པའི་ཕྱིར་རོ་༎
 ५६। न सपक्षाद् अन्यो दृष्टान्तो नाम कश्चिद् इति सपक्ष एव साधर्म्यदृष्टान्तः ॥	མཐུན་པའི་ཕྱོགས་དང་གཞན་པའི་དཔེ་ཞེས་བྱ་བ་ནི་འགའ་ཡང་མེད་དེ་མཐུན་པའི་ཕྱོགས་འདི་ཉིད་ཆོས་མཐུན་པའི་དཔེ་ཡིན་ནོ་༎
 तत्र दृष्टान्ताभासः कीदृशः ।	དེ་ལ་དཔེ་ལྟར་སྣང་བ་ཅི་ལྟ་བུ་ཞིག་ཅེ་ན་།
 ५७। साधर्म्येण तावत् ।	ཆོས་མཐུན་པའི་རེ་ཞིག་འདི་ལྟ་བུ་སྟེ་།
 ५८। नित्यः शब्दो ऽमूर्तत्वात् कर्मवत् । साध्यविकलः कर्मणो ऽनित्यत्वात् ॥	སྒྲ་ནི་རྟག་སྟེ་ལུས་ཅན་མ་ཡིན་པའི་ཕྱིར་ལས་བཞིན་ནོ་ཞེས་བྱ་བ་ནི་བསྒྲུབ་པར་བྱ་བ་མ་ཚང་བ་ཡིན་ཏེ་ལས་ནི་མི་རྟག་པའི་ཕྱིར་རོ་༎ 
 ५९। नित्यः शब्दो ऽमूर्तत्वात् परमाणुवत् ।	སྒྲ་ནི་རྟག་སྟེ་ལུས་ཅན་མ་ཡིན་པའི་ཕྱིར་རྡུལ་ཕྲ་རབ་བཞིན་ནོ་ཞེས་བྱ་བ་ནི་སྒྲུབ་པར་བྱེད་པ་མ་ཚང་བ་པའི་ཕྱིར་རོ་༎ ཡིན་ཏེ་། 
 साधनविकलः परमाणूनां मूर्तत्वात् ॥	རྡུལ་ཕྲ་རབ་ནི་ལུས་ཅན་ཡིན་པའི་ཕྱིར་རོ་༎
 ६०। नित्यः शब्दो ऽमूर्तत्वाद् घटवद् । साध्यसाधनोभयविकलः ॥	སྒྲ་རྟག་སྟེ་ལུས་ཅན་མ་ཡིན་པའི་ཕྱིར་བུམ་པ་བཞིན་ནོ་ཞེས་བྱ་བ་སྒྲུབ་པར་བྱེད་པ་གཉི་ག་མ་ཚང་བ་ཡིན་ནོ་༎
 ६१। तथा संदिग्धसाध्यधर्मा दृष्टान्ताभासः । कश्चित् पुरुषो धर्मी रागादिमान् वचनात् ।	དེ་བཞིན་དུ་བསྒྲུབ་པར་བྱ་བའི་ཆོས་ལ་ཐེ་ཚོམ་ཟ་བའི་དཔེ་ལྟར་སྣང་བ་ནི་དཔེར་ན་ཆོས་ཅན་སྐྱེས་བུ་འགའ་ཞིག་འདོད་ཆགས་ལ་སོགས་པ་དང་ལྡན་པ་ཡིན་ཏེ་།
 रथ्यापुरुषवत् ।	སྨྲ་བའི་ཕྱིར་ལམ་པོ་ཆེའི་སྐྱེས་བུ་བཞིན་ནོ་ཞེས་བྱ་བ་ལ་།
 (ह्तु २६८) तत्र दृष्टान्ते रथ्यापुरुषे रागादिमत्त्वं संदिग्धः परचेतोवृत्तीनां दुरन्वयत्वात् ॥	ལམ་པོ་ཆེའི་སྐྱེས་བུའི་དཔེ་ལས་འདོད་ཆགས་ལ་སོགས་པ་དང་ལྡན་པ་ལ་ཐེ་ཚོམ་ཟ་སྟེ་། གཞན་གྱི་སེམས་ནི་རྗེས་སུ་རྟོགས་པར་དཀའ་བའི་ཕྱིར་རོ་༎
 ६२। संदिग्धसाधनधर्मा यथा । कश्चित् पुरुषो मरणधर्म इति साध्ये रागादिमत्त्वाद् इति हेतुः । रथ्यापुरुषे दृष्टान्ते संदिग्धः ।	སྒྲུབ་པར་བྱེད་པའི་ཆོས་ལ་ཐེ་ཚོམ་ཟ་བ་ན་དཔེར་ན་སྐྱེས་བུ་གང་ཞིག་འཆི་བའི་ཆོས་དང་ལྡན་པ་ཡིན་ཏེ་ཞེས་བསྒྲུབ་པར་བྱ་བ་ལ་འདོད་ཆགས་ལ་སོགས་པ་དང་ལྡན་པ་༄༣༡༨ཨ་༌་༎ ཡིན་པའི་ཕྱིར་ཞེས་བྱ་བའི་གཏན་ཚིགས་ནི་ལམ་པོ་ཆེའི་སྐྱེས་བུའི་དཔེ་ལ་ཐེ་ཚོམ་༌་༎ སྟེ་། 
 वीतरागो ऽपि रागीव चेष्टते यतः ॥	འདོད་ཆགས་དང་བྲལ་བ་ཡང་འདོད་ཆགས་དང་བཅས་པ་བཞིན་དུ་ག-ཡོ་བའི་ཕྱིར་༌་༎ སྟེ་། རོ་༎ 
 ६३। संदिग्धोभयधर्मा दृष्टान्ताभासो यथा कश्चित् पुरुषो धर्मी असर्वज्ञ इति साध्ये रागादिमत्त्वाद् इति हेतुः । रथ्यापुरुषे दृष्टान्ते साध्यं साधनं संदिग्धम् ॥	ཆོས་གཉི་ག་ལ་ཐེ་ཚོམ་ཟ་བའི་དཔེ་ལྟར་སྣང་བ་དཔེར་ན་ཆོས་ཅན་སྐྱེས་བུ་འགའ་ཞིག་ཐམས་ཅད་མཁྱེན་པ་མ་ཡིན་ཏེ་ཞེས་བསྒྲུབ་པར་བྱ་བ་ལ་འདོད་ཆགས་ལ་སོགས་པ་དང་ལྡན་པའི་ཕྱིར་རེ་ཞེས་བྱ་བའི་གཏན་ཚིགས་ནི་ལམ་པོ་ཆེའི་སྐྱེས་བུའི་དཔེ་ལ་བསྒྲུབ་པར་བྱ་བ་དང་། སྒྲུབ་པར་བྱེད་པ་ལ་ཐེ་ཚོམ་ཟ་བ་ཡིན་ནོ་༎
 ६४। अनन्वयो ऽप्रदर्शितान्वयो विपरीतान्वयश् च दृष्टान्टाभासाः ॥	རྗེས་སུ་འགྲོ་བ་མེད་པ་དང་། རྗེས་སུ་འགྲོ་བ་མ་བསྟན་པ་དང་། རྗེས་སུ་འགྲོ་བ་ཕྱིན་ཅི་ལོག་གི་དཔེ་ལྟར་སྣང་བ་ནི་།
 ६५। तत्रानन्वयो यथा । यो वक्ता स रागादिमान् रथ्यापुरुषवत् ।	དེ་ལ་རྗེས་སུ་འགྲོ་བ་མེད་པ་ནི་དཔེར་ན་གང་སྨྲ་བ་དེ་ནི་འདོད་ཆགས་ལ་སོགས་པ་དང་ལྡན་པ་ཡིན་ཏེ་ལམ་པོ་ཆེའི་སྐྱེས་བུ་བཞིན་ནོ་༎ 
 वक्तृत्वरागादिमत्त्वयोः कार्यकारणभावप्रतिषेधात् ॥	སྨྲ་བར་བྱེད་པ་དང་འདོད་ཆགས་ལ་སོགས་པ་དང་ལྡན་པ་དག་བྱ་བ་བྱེད་པའི་ངོ་བོ་བཀག་པའི་ཕྱིར་རོ་༎
 ६६। अप्रदर्शितान्वयो यथा । अनित्यः शब्दः कृतकत्वाद् इति ।	རྗེས་སུ་འགྲོ་བ་མ་བསྟན་པ་ནི་དཔེར་ན་སྒྲ་ནི་མི་རྟག་སྟེ་བྱས་པའི་ཕྱིར་རོ་ཞེས་བྱ་བ་ལྟ་བུའོ་༎
 अत्र विद्यमानो ऽप्य् अन्वयो व्याप्त्या न दर्शित इति ।	འདི་ལ་རྗེས་སུ་འགྲོ་བ་ཡོད་མོད་ཀྱི་ཁྱབ་པ་མ་བསྟན་པ་ཞེས་བྱ་བ་སྟེ་།
 वक्तृदोषाद् अयं दृष्टान्ताभासः ॥	དེ་ནི་སྨྲ་བའི་ཉེས་པས་དཔེ་ལྟར་སྣང་བ་བཞིན་ནོ་༎
 ६७। विपरीतान्वयो यथा ।	རྗེས་སུ་འགྲོ་བ་ཕྱིན་ཅི་ལོག་ནི་།
 यद् अनित्यं तत् कृतकं घटादिवद् इत्य् अत्रानित्यत्वं साध्यम् । साध्येनैव साधनं व्याप्तं कथनीयम् ।	དཔེར་ན་གང་རྟག་པ་དེ་ནི་བྱས་པ་ཡིན་ཏེ་། བུམ་པ་ལ་སོགས་པ་བཞིན་ནོ་ཞེས་བྱ་བ་ནི་འདིར་མི་རྟག་པ་ནི་བསྒྲུབ་པར་བྱ་བ་ཡིན་ཏེ་བསྒྲུབ་པར་བྱ་བས་སྒྲུབ་པར་བྱེད་པ་ལ་ཁྱབ་པ་བསྟན་པར་བྱ་བ་ཡིན་གྱི་།
 न तु साधनेन व्याप्तं साध्यं कथ्यते ।	སྒྲུབ་པར་བྱེད་པས་བསྒྲུབ་པར་བྱ་བ་ལ་ཁྱབ་པ་བསྟན་པར་བྱ་བ་མ་ཡིན་ནོ་༎
 अथ विपरीतान्वयो दृष्टान्ताभासः ॥	དེའི་ཕྱིར་རྗེས་སུ་འགྲོ་བ་ཕྱིན་ཅི་ལོག་གི་དཔེ་ལྟར་སྣང་བ་ཡིན་ནོ་༎
 ६८। उक्ता नवैते साधर्म्येण दृष्टान्ताभासाः ॥	དེ་དག་ནི་ཆོས་མཐུན་པའི་དཔེ་ལྟར་སྣང་བ་དགུ་བསྟན་པ་ཡིན་ནོ་༎
 ६९। वैधर्म्येण दृष्टान्ताभासा उच्यन्ते ।	ཆོས་མི་མཐུན་པའི་དཔེ་ལྟར་སྣང་བ་བསྟན་པར་བྱ་སྟེ་།
 ७०। साध्याव्यतिरेकी दृष्टान्ताभासो यथा ।	བསྒྲུབ་པར་བྱ་བ་ལྡོག་པ་མེད་པའི་དཔེ་ལྟར་སྣང་བ་ནི་།
 नित्यः शब्दो ऽमूर्तत्वात् परमाणुवत् ।	དཔེར་ན་སྒྲ་རྟག་སྟེ་ལུས་ཅན་མ་ཡིན་པའི་ཕྱིར་།
 अत्र परमाणोर् वैधर्म्यदृष्टान्तत्वाद् अमूर्तत्वं साधनधर्मो व्यावृत्तो (ह्तु २६९)	རྡུལ་ཕྲ་རབ་བཞིན་ནོ་ཞེས་བྱ་བ་ནི་འདིར་རྡུལ་ཕྲ་རབ་ནི་ཆོས་མི་མཐུན་པའི་དཔེ་ཡིན་པའི་ཕྱིར་ལུས་ཅན་མ་ཡིན་པ་སྒྲུབ་པར་བྱེད་པའི་ཆོས་ལྡོག་པ་ཡིན་ཏེ་།
 मूर्तत्वात् परमाणूनाम् ।	རྡུལ་ཕྲ་རབ་ནི་ལུས་ཅན་ཡིན་པའི་ཕྱིར་རོ་༎
 नित्यत्वं साध्यधर्मो न व्यावृत्तः । परमाणोर् नित्यत्वात् ॥ ७१। साधनाव्यतिरेक्ल् यथा । नित्यः शब्दो ऽमूर्तत्वात् कर्मवत् ।	བསྒྲུབ་པར་བྱ་བའི་ཆོས་རྟག་པ་ནི་ལོག་པ་མ་ཡིན་རྡུལ་ཕྲ་རབ་ནི་རྟག་པའི་ཕྱིར་རོ་༎ སྒྲུབ་པར་བྱེད་པ་ལྡོག་པ་མེད་པ་ནི་དཔེར་ན་སྒྲ་རྟག་སྟེ་ལུས་ཅན་མ་ཡིན་པའི་ཕྱིར་ལས་བཞིན་ནོ་ཞེས་བྱ་བ་ནི་འདིར་བསྒྲུབ་པར་བྱ་བའི་ཆོས་རྟག་༄༣༡༨བ་པ་པ་ཉིད་ལྡོག་༎ པ་ཡིན་ཏེ་། 
 अत्र नित्यत्वं साध्यधर्मो व्यावृत्तः कर्मणो ऽनित्यत्वात् ।	ལས་ནི་མི་རྟག་པའི་ཕྱིར་རོ་༎ སྒྲུབ་པར་བྱེད་པའི་ཆོས་ནི་ལྡོག་པ་མ་ཡིན་ཏེ་།
 साधनधर्मो न व्यावृत्तः कर्मणो ऽमूर्तत्वात् ॥	ལས་ནི་ལུས་ཅན་མ་ཡིན་པའི་ཕྱིར་རོ་༎
 ७२। उभयाव्यावृत्तो यथा । नित्यः शब्दो ऽमूर्तत्वाद् आकाशादिवत् । अत्राकाशादौ वैधर्म्यदृष्टान्तात् साध्यं साधनं च न व्यावृत्तम् ॥	གཉི་ག་ལྡོག་པ་མེད་པ་ནི་དཔེར་ན་སྒྲ་ནི་རྟག་སྟེ་ལུས་ཅན་མ་ཡིན་པའི་ཕྱིར་ནམ་མཁའ་ལ་སོགས་པ་བཞིན་ནོ་ཞེས་བྱ་བ་འདིར་ནམ་མཁའ་ལ་སོགས་པའི་ཆོས་མི་མཐུན་པའི་དཔེ་ལས་བསྒྲུབ་པར་བྱ་བ་དང་། སྒྲུབ་པར་བྱེད་པ་ལྡོག་པ་མེད་པ་ཡིན་ནོ་༎
 ७३। तथा संदिग्धसाध्यव्यतिरेकी संदिग्धसाधनव्यतिरेकी । संदिग्धोभयव्यतिरेकी चेति । ७४। संदिग्धसाध्यव्यतिरेको दृष्टान्ताभासो यथा ।	དེ་བཞིན་དུ་བསྒྲུབ་པར་བྱ་བ་དང་ལྡོག་པ་ལ་ཐེ་ཚོམ་ཟ་བ་དང་། སྒྲུབ་པར་བྱེད་པ་ལྡོག་པ་ལ་ཐེ་ཚོམ་ཟ་བ་དང་། གཉི་ག་ལྡོག་པ་ལ་ཐེ་ཚོམ་ཟ་བ་ལས་བསྒྲུབ་པར་བྱ་བ་ལྡོག་པ་ལ་ཐེ་ཚོམ་ཟ་བའི་དཔེ་ལྟར་སྣང་བ་ནི་།
 असर्वज्ञाः कपिलादयः ।	དཔེར་ན་སེར་སྐྱ་ལ་སོགས་པ་ནི་ཐམས་ཅད་མཁྱེན་པ་མ་ཡིན་ཏེ་།
 सर्वज्ञतालिङ्गभूतकेवलिशास्त्राकरणाद् इति । अत्र वैधर्म्योदाहरणम् । यः सर्वज्ञः स ज्योतिर्ज्ञानादिकम् उपदिष्टवान् यथा ऋषभवर्धमानादिर् इति ।	ཐམས་ཅད་མཁྱེན་པའི་རྟགས་སུ་གྱུར་པའི་བསྟན་བཅོས་འབའ་ཞིག་བྱས་པ་མེད་པའི་ཕྱིར་རོ་ཞེས་བྱ་བ་འདིར་ཆོས་མི་མཐུན་པའི་དཔེར་བརྗོད་པ་གང་ཐམས་ཅད་མཁྱེན་པ་མ་ཡིན་པ་དེས་ནི་སྐར་མ་ཤེས་པ་ལ་སོགས་པའི་བསྟན་བཅོས་ཏེ་དཔེར་ན་ཁྱུ་མཆོག་དང་འཕེལ་བ་ལ་སོགས་པ་བཞིན་ནོ་ཞེས་བྱ་བ་ལ་འདིར་ཆོས་མི་མཐུན་པའི་དཔེར་བརྗོད་ལ་། ཁྱུ་མཆོག་དང་འཕེལ་བ་ལ་སོགས་པ་ལས་ཐམས་ཅད་མཁྱེན་པ་མ་ཡིན་པ་ལ་ལོག་གམ་མི་ལོག་ཐེ་ཚོམ་ཡིན་ནོ་༎
 अत्र वैधर्म्योदाहरणाद् ऋषभवर्धमानादेर् असर्वज्ञता निवृत्तान वेति संदेहः ॥ ७५। संदिग्धसाधनव्यतिरेको यथा । नात्र त्रयीविदा ब्राह्मणेन ग्राह्यवचनः कपिलकणादादिः पुरुषो रागादिमत्त्वाद् इति ।	སྒྲུབ་པར་བྱེད་པ་ལྡོག་པ་ལ་ཐེ་ཚོམ་ཟ་བ་ནི་༏་དཔེར་ན་འདིར་གསུམ་རིག་པའི་བྲམ་ཟེ་སེར་སྐྱ་དང་གཟེགས་ཟན་ལ་སོགས་པའི་སྐྱེས་བུའི་ཚིག་གཟུང་བར་བྱ་བ་མ་ཡིན་ཏེ་། འདོད་ཆགས་ལ་སོགས་པ་དང་ལྡན་པའི་ཕྱིར་རོ་ཞེས་བྱ་བ་འདིར་ཆོས་མཐུན་པའི་དཔེ་བརྗོད་པ་ནི་གང་གི་ཚིག་གཟུང་བར་བྱ་བ་དེ་ནི་འདོད་ཆགས་ལ་སོགས་པ་དང་ལྡན་པ་མ་ཡིན་ཏེ་། 
 अत्र वैधर्म्योदाहरणं ये ग्राह्यवचना न ते रागादिमन्तो यथा गौतमादयो धर्मशास्त्राणां प्रणेतार इति गौतमादिभ्यो रागादिमत्त्वस्य धर्मस्य व्यावृत्तिः संदिग्धा ॥	དཔེར་ན་གོཨོ་ཏ་མ་ལ་སོགས་པའི་ཆོས་ཀྱི་བསྟན་བཅོས་རྩོམ་པ་ལྟ་བུ་སྟེ་། གོཨོ་ཏ་མ་ལ་སོགས་པ་ལས་འདོད་ཆགས་ལ་སོགས་པ་དང་ལྡན་པའི་ཆོས་ལྡོག་པ་ལ་ཐེ་ཚོམ་ཟ་བའོ་༎ 
 ७६। संदिग्धोभयव्यतिरेकी यथा ।	གཉི་ག་ལྡོག་པ་ལ་ཐེ་ཚོམ་ཟ་བ་ནི་དཔེར་ན་སེར་སྐྱ་ལ་སོགས་པ་ནི་འདོད་ཆགས་དང་བྲལ་བ་མ་ཡིན་ཏེ་ཚོམ་ཟ་བའོ་༎ 
 अवीतरागाः कपिलादयः परिग्रहाग्रहयोगाद् इति ।	། ཡོངས་སུ་འཛིན་པ་དང་ཀུན་དུ་འཛིན་པ་དང་ལྡན་པའི་ཕྱིར་ཞེས་བྱ་ཚོམ་ཟ་བའོ་༎ 
 अत्र वैधर्म्योदाहरणं यो वीतरागो न तस्य परिग्रहाग्रहौ संभवतः (ह्तु २७०)	། བ་ལ་། འདིར་ཆོས་མཐུན་པའི་དཔེར་བརྗོད་པ་། གང་འདོད་ཆགས་དང་བྲལ་བ་དེ་ནི་ཡོངས་སུ་འཛིན་པ་དང་། ཀུན་དུ་འཛིན་པ་དང་ལྡན་བ་མ་ཡིན་ཏེ་།
 यथा ऋषभवर्धमानादेर् इति ।	དཔེར་ན་ཁྱུ་མཆོག་དང་འཕེལ་བ་ལ་སོགས་པ་བཞིན་༄༣༡༩ཨ་༌་༎
 ऋषभादेर् वैधर्म्यदृष्टान्तात् अवीतरागत्वं साध्यधर्मः परिग्रहाग्रहयोगः साधनधर्मो व्यावृत्तो न वेति संदेहः ।	ནོ་ཞེས་བྱ་བ་ལ་། ཁྱུ་མཆོག་ལ་སོགས་པ་ཆོས་མི་མཐུན་པའི་དཔེ་ལས་འདོད་ཆགས་དང་བྲལ་བ་ཉིད་བསྒྲུབ་པར་བྱ་བའི་ཆོས་དང་ཡོངས་སུ་འཛིན་པ་དང་། ཀུན་དུ་འཛིན་པ་སྒྲུབ་པར་བྱེད་པའི་ཆོས་ལྡོག་གམ་མི་ལྡོག་ཐེ་ཚོམ་ཟའི་།
 अपूर्वार्थलाभः परिग्रहः ।	སྔར་མ་རྙེད་པ་དངོས་པོ་རྙེད་པ་ནི་ཡོངས་སུ་འཛིན་པའོ་༎
 लब्धस्यापरित्याग आग्रहः ।	རྙེད་པ་ཡོངས་སུ་མི་གཏོང་བ་ནི་ཀུན་དུ་འཛིན་པའོ་༎
 तौ च द्वाव् अपि ऋषभादौ संभव्येते ।	གཉིས་པོ་དེ་དག་ཀྱང་ཁྱུ་མཆོག་ལ་སོགས་པ་ལ་སྲིད་དེ་།
 छत्रचामरदुन्दुभीनां परिग्रहाग्रहश्रवणात् ॥	གདུགས་དང་། རྔ་ཡབ་དང་། རྔ་བོ་ཆེ་རྣམས་ཡོངས་སུ་འཛིན་པ་དང་། ཀུན་དུ་འཛིན་པ་ཐོས་པའི་ཕྱིར་རོ་༎
 ७७। अव्यतिरेको वैधर्म्यदृष्टान्ताभासो ऽप्रदर्शितव्यतिरेको विपरीतव्यतिरेकश् चेति । ७८। अव्यतिरेको यथा ।	ལྡོག་པ་མེད་པའི་ཆོས་མི་མཐུན་པའི་དཔེ་ལྟར་སྣང་བ་དང་༏་ལྡོག་པ་རབ་ཏུ་མ་བསྟན་པ་དང་། ལྡོག་པ་ཕྱིན་ཅི་ལོག་ཅེས་བྱ་བ་ལས་།
 कपिइआदिर् अवीतरागो वक्तृत्वात् ।	ལྡོག་པ་མེད་པ་ནི་དཔེར་ན་སེར་སྐྱ་ལ་སོགས་པ་འདོད་ཆགས་དང་བྲལ་བ་མ་ཡིན་ཏེ་། སྨྲས་པའི་ཕྱིར་རོ་༎
 यत्रावीतरागत्वं नास्ति न स वक्ता यथोपलखण्ड इति ।	གང་དུ་འདོད་ཆགས་དང་བྲལ་བ་མེད་པ་མ་ཡིན་པ་དེ་ནི་སྨྲ་བ་མ་ཡིན་ཏེ་།
 यद्य् उपलखण्डाद् अयं व्यावृत्तस् तथापि सर्वो वीतरागो वक्तेति संदेहः ॥	དཔེར་ན་རྡོའི་དུམ་བུ་བཞིན་ནོ་ཞེས་བྱ་བ་ལ་གལ་ཏེ་འདི་རྡོའི་དུམ་བུ་ལས་ལོག་མོད་ཀྱི་། འོན་ཀྱང་འདོད་ཆགས་དང་བྲལ་བས་ཐམས་ཅད་ལས་སྨྲ་བ་ལོག་པ་མ་ཡིན་ཏེ་ཐེ་ཚོམ་ཟ་བའི་ཕྱིར་རོ་༎
 ७९। अप्रदर्शितव्यतिरेको यथा । अनित्यः शब्दः कृतकत्वाद् आकाशादिवद् इति ।	ལྡོག་པ་མ་བསྟན་པ་ནི་དཔེར་ན་སྒྲ་མི་རྟག་སྟེ་བྱས་པའི་ཕྱིར་ནམ་མཁའ་ལ་སོགས་པ་བཞིན་ནོ་ཞེས་བྱ་བ་ནི་དོན་དམ་པར་ཡང་དག་པ་དཔེ་ཡིན་ཡང་།
 परमार्थतः संयग् दृष्टान्तो ऽप्य् अयं वक्तृदोषाद् दृष्टान्ताभासः ।	སྨྲ་བ་པོའི་ཉེས་པས་དཔེ་ལྟར་སྣང་བ་ཡིན་ཏེ་།
 परार्थानुमाने वक्तुर् गुणदोषयोर् विचार्यमाणत्वात् ।	གཞན་གྱི་དོན་གྱི་རྗེས་སུ་དཔག་པ་ལ་སྨྲ་བ་པོའི་ཡོན་ཏན་དང་། ཉེས་པ་གཉིས་རྣམ་པར་དཔྱད་པར་བྱ་བ་ཡིན་པའི་ཕྱིར་རོ་༎
 तथा हि यन् नित्यं तत् सर्वं नियमेनाकृतकं दृष्टं यथाकाशादिर् इति वचनेन विभज्य वक्त्रा व्याप्तिपूर्वको व्यातिरेको न प्रदर्शित इत्य् अप्रदर्शितव्यतिरेकः	འདི་ལྟར་གང་རྟག་པ་དེ་ཐམས་ཅད་ནི་ངེས་པར་མ་བྱས་པར་མཐོང་སྟེ་། དཔེར་ན་ནམ་མཁའ་ལ་སོགས་པ་བཞིན་ནོ་ཞེས་བྱ་བའི་ཚིག་གིས་རྣམ་པར་དབྱེ་སྟེ་སྨྲ་བ་པོས་ཁྱབ་པ་སྔོན་དུ་འགྲོ་བའི་ལྡོག་པ་མ་བསྟན་པའི་ཕྱིར་། ལྡོག་པ་རབ་ཏུ་མ་བསྟན་པ་ཞེས་བྱའོ་༎
 ८०। विपरीतव्यतिरेको यथा ।	ལྡོག་པ་ཕྱིན་ཅི་ལོག་ནི་དཔེར་ན་། གང་མ་བྱས་པ་དེ་ནི་རྟག་པར་མཐོང་སྟེ་ཞེས་བྱ་བ་ལ་འདིར་ནི་སྒྲུབ་པར་བྱེད་པ་ལོག་པ་ལ་ཁྱབ་པར་བསྟན་པར་བྱ་བ་ཡིན་ནོ་༏་། 
 यद् अकृतकं तन् नित्यं दृष्टम् इति । अत्र साधननिवृत्त्या साध्यनिवृत्तिर् व्याप्ता दर्शयितव्या तेन यत्र यत्र साध्यनिवृत्तिस् तत्र तत्र नियमेन साधननिवृत्तिः सिध्यतीति ॥	དེས་ན་གང་དང་གང་བསྒྲུབ་པར་བྱ་བ་ལོག་པ་དེ་དང་དེས་ངེས་པར་སྒྲུབ་པར་བྱེད་པ་ལྡོག་པར་འགྱུར་རོ་༎
 ८१। उक्ता दृष्टान्ताभासा अष्टादश ॥	དཔེ་ལྟར་སྣང་བ་བཅོ་བརྒྱད་བཤད་ཟིན་ཏོ་༎
 ८२। एत एव सर्वे पक्षहेतुदृष्टान्ताभासाः । वादिना साधयितुम् इष्टम् अर्थं न साधयन्तीति साधनाभासा (ह्तु २७१)	ཕྱོགས་དང་གཏན་ཚིགས་དང་། དཔེ་ལྟར་སྣང་བ་དེ་དག་ཉིད་ཀྱིས་རྒོལ་བས་སྒྲུབ་པར་མི་བྱེད་པའི་ཕྱིར་བསྒྲུབ་པ་ལྟར་སྣང་བར་འགྱུར་བ་ཡིན་ནོ་༎
 वादिनो भवन्ति । एवं च प्रतिवादिना दूषणत्वेनोपन्यस्ता दूषणानि भवन्ति ।	༄༣༡༩བ་འདི་ལྟར་ཡང་ཕྱིར་རྒོལ་བས་སུན་འབྱིན་པ་ཉིད་ཉེ་བར་བཀོད་པ་དེ་དག་སུན་འབྱིན་པར་འགྱུར་བ་ཡིན་ཏེ་།
 पूर्वपक्षवादिनो ऽभिप्रेतार्थसिद्धिप्रतिबन्धात् ।	ཕྱོགས་སྔ་མ་རྒོལ་བའི་མངོན་པར་འདོད་པའི་དོན་འགྲུབ་པ་ལ་གགས་བྱེད་པའི་ཕྱིར་རོ་༎ སྒྲུབ་པར་བྱེད་པ་མ་ཚང་བར་བརྗོད་པ་ཉིད་སུན་འབྱིན་པ་ཡིན་ནོ་ཞེས་བསྟན་ཏོ་༎
 साधनस्य न्यूनतोद्भावनम् एव दूषणस्य लक्षणं विभज्य पृथग् उच्यते ।	དེ་ལྟ་བས་ན་སྒྲུབ་པར་བྱེད་པ་བཞིན་དུ་སུན་འབྱིན་པའི་མཚན་ཉིད་རྣམ་པར་ཕྱེ་སྟེ་ལོགས་ཤིག་ཏུ་མ་བསྟན་ཏོ་༎
 ८३। दूषणाभासः । एतान्य् एव दूषणानि प्रतिवादिनोक्तानि । यदा पूर्वपक्षवादी मिथ्यादूषणत्वेन प्रतिपादयतीति तदा दूषणाभासा जातय इति पठ्यन्ते ।	སུན་འབྱིན་པ་ལྟར་སྣང་བ་ནི་སུན་འབྱིན་པ་དེ་དག་ཉིད་ཕྱིར་རྒོལ་བས་སྨྲས་པ་ཡིན་ནོ་༎ གང་གི་ཚེ་ཕྱོགས་སྔ་མ་རྒོལ་བ་ཡང་དག་པ་མ་ཡིན་པའི་སྐྱོན་བརྗོད་པ་དེ་སུན་འབྱིན་པ་ལྟར་སྣང་བ་ཡིན་ཏེ་། ལྟག་ཆོད་ཅེས་བྱའོ་༎
 अभूतदोषोद्भावनानि मिथ्योत्तराणि जात्युत्तरणीति वचनात् ।	ཡང་དག་པ་མ་ཡིན་པའི་སྐྱོན་བརྗོད་པ་ནི་ཕྱིན་ཅི་ལོག་གི་ལན་ཏེ་ལྟག་ཆོད་ཡིན་ནོ་ཞེས་བསྟན་ཏེ་། 
 याथादुष्टपक्षे पक्षदोषोद्भावनं निर्दोषे हेतौ हेतुदोषख्यापनम् । अदुष्टदृष्टान्ते दृष्टान्तदोषोपादानं दूषणाभास इति न्यायात् । ज्	དཔེར་ན་ཕྱོགས་སྐྱོན་མེད་པ་ལ་ཕྱོགས་ཀྱི་སྐྱོན་བརྗོད་པ་དང་། གཏན་ཚིགས་སྐྱོན་མེད་པ་ལ་གཏན་ཚིགས་ཀྱི་སྐྱོན་བརྗོད་པ་དང་། དཔེ་སྐྱོན་མེད་པ་ལ་དཔེའི་སྐྱོན་བརྗོད་པ་ནི་སུན་འབྱིན་པ་ལྟ་བ་སྣང་བ་ཞེས་བྱ་བར་རིག་པའི་ཕྱིར་རོ་༎
 ८४। तत्र प्रतिज्ञाहेतुदाहरणोपनयनिगमनानि पञ्चावयवं परैः साधनम् उच्यते ।	དེ་ལ་གཞན་དག་ནི་དམ་བཅའ་བ་དང་། གཏན་ཚིགས་དང་དཔེ་དང་། ཉེ་བར་སྦྱོར་བ་དང་མཇུག་བསྡུ་བ་དང་། ཡན་ལག་ལྔ་དང་ལྡན་པ་ནི་སྒྲུབ་པར་བྱེད་པ་ཡིན་ནོ་ཞེས་ཟེར་ཏེ་།
 यथानित्यः शब्द इति प्रतिज्ञा कृतकत्वाद् इति हेतुः ।	དཔེར་ན་སྒྲ་མི་རྟག་སྟེ་ཞེས་བྱ་བ་ནི་དམ་བཅའ་བའོ་༎ བྱས་པའི་ཕྱིར་ཞེས་བྱ་བ་ནི་གཏན་ཚིགས་སོ་༎
 यत् कृतकं तत् सर्वम् अनित्यं दृष्टं यथा घटादीत्य् उदाहरणम् ।	གང་བྱས་པ་དེ་ཐམས་ཅད་ནི་མི་རྟག་པར་མཐོང་སྟེ་། དཔེར་ན་བུམ་པ་ལ་སོགས་པ་ལྟ་བུ་ཞེས་བྱ་བ་ནི་དཔེའོ་༎
 तथा कृतकः शब्द इत्य् उपनयः ।	དེ་བཞིན་དུ་སྒྲ་ཡང་བྱས་པ་ཡིན་ནོ་ཞེས་བྱ་བ་ནི་ཉེ་བར་སྦྱོར་བའོ་༎
 तस्माद् अनित्य इति निगमनम् ।	དེ་བས་ན་མི་རྟག་པ་ཡིན་ནོ་ཞེས་བྱ་བ་ནི་འཇུག་བསྡུ་བ་སྟེ་།
 दृष्टान्ते प्रतीतिसमर्थो हेतुर् धर्मिण्य् उपनीयत इत्य् उपनयः ।	དཔེ་ལ་རྟོགས་པའི་ནུས་པ་ཅན་གྱི་གཏན་ཚིགས་ཆོས་ཅན་ལ་ཉེ་བར་སྦྱོར་བ་ནི་ཉེ་བར་སྦྱོར་བ་ཞེས་བྱའོ་༎
 प्रतिज्ञायाः पुनर्वचनं निगमनम् इति वचनात् ।	དམ་བཅའ་བ་ཡང་ཟློས་པ་ནི་མཇུག་བསྡུ་བ་ཞེས་བསྟན་ཏོ་༎
 नैतद् अस्ति । त्रिभिर् एवावयवैर् अन्वयव्यतिरेकपक्षधर्मसंज्ञकैः साध्यार्थसिद्धेः ॥ ८५। तथा हि । वादकाले व्याप्तिपूर्वक एव प्रयोगः कर्तव्यः ।	དེ་ལྟ་བུ་ནི་མེད་དེ་རྗེས་སུ་འགྲོ་བ་དང་། ལྡོག་པ་དང་ཕྱོགས་ཀྱི་ཆོས་ཞེས་བྱ་བ་ཡང་གསུམ་པ་ཉིད་ཀྱིས་བསྒྲུབ་པར་བྱ་བའི་དོན་འགྲུབ་པའི་ཕྱིར་རོ་༎ འདི་ལྟར་རྩོད་པའི་དུས་སུ་ཁྱབ་པ་སྔོན་དུ་འགྲོ་བ་ཉིད་ཀྱི་སྦྱོར་བ་པའི་ཕྱིར་རོ་༎ ཞེས་བྱ་སྟེ་། 
 यत् कृतकं तत् सर्वम् अनित्यं दृस्तं यथा घटादिर् इति ।	གང་བྱས་པ་དེ་ཐམས་ཅད་ནི་མི་རྟག་པར་མཐོང་སྟེ་པའི་ཕྱིར་རོ་༎ ཞེས་བྱ་སྟེ་། ། དཔེར་ན་བུམ་པ་བཞིན་ན་ཞེས་བྱ་བ་ནི་།
 साध्येन साधनस्य दृष्टान्ते व्याप्तिकथनम् अन्वय उच्यते ॥	དཔེ་ལ་བསྒྲུབ་པར་བྱ་བས་སྒྲུབ་པར་བྱེད་པ་ལ་ཁྱབ་པ་བསྟན་པ་ནི་རྗེས་སུ་འགྲོ་བ་ཞེས་བསྟན་ཏོ་༎ མི་མཐུན་པའི་ཕྱོགས་ལ་ཡང་བསྒྲུབ་༄༣༢༠ཨ་༌་༎
 ८६। विपक्षे च साध्यनिवृत्त्या साधननिवृत्तिर् व्यतिरेक उच्यते यथासत्य् अनित्यत्वे न भवत्य् एव कृतकत्वं यथाकाशादौ ।	པར་བྱ་བ་ལོག་པར་སྒྲུབ་པར་བྱེད་པ་ལ་ནི་ལྡོག་པ་ཞེས་བསྟན་ཏོ་༎ དཔེར་ན་མི་རྟག་པ་མེད་པས་བྱས་པ་ཉིད་དུ་མི་འགྱུར་ཏེ་། དཔེར་ན་ནམ་མཁའ་ལ་སོགས་པ་བཞིན་ནོ་༎
 (ह्तु २७२) ८७। कृतकश् च शब्द इति पक्षधर्मवचनम् ।	སྒྲ་ཡང་བྱས་པའི་ཕྱིར་ཞེས་བྱ་བ་ལས་ཕྱོགས་ཀྱི་ཆོས་བསྟན་ཏོ་༎
 प्रतिज्ञानिगमने पुनः सर्वथा न वक्तव्ये ॥	དམ་བཅའ་བ་དང་མཇུག་བསྡུ་བ་ནི་རྣམ་པ་ཐམས་ཅད་དུ་བརྗོད་པར་མི་བྱའོ་༎
 ८८। तथा साधर्म्यवति प्रयोगे ऽन्वयाभिधानसामर्थ्याद् एव व्यतिरेको ऽवगन्तव्य इति न पृथग् उच्यते ।	དེ་བཞིན་དུ་ཆོས་མཐུན་པ་ཉིད་ཅན་དག་གི་སྦྱོར་བ་ལ་རྗེས་སུ་འགྲོ་བ་བརྗོད་པ་ཤུགས་ཉིད་ཀྱིས་ལྡོག་པ་ཁོང་དུ་ཆུད་པས་འདི་ལོགས་ཤིག་ཏུ་མ་བསྟན་ཏོ་༎
 यथा यत् कृतकं तत् सर्वम् अनित्यं द्रष्टव्यम् ।	དཔེར་ན་གང་བྱས་པ་དེ་དག་ཐམས་ཅད་ནི་མི་རྟག་པར་མཐོང་སྟེ་།
 यथा घटादिः । कृतकश् च शब्द इति । साधर्म्यवान् प्रयोगः ।	དཔེར་ན་བུམ་པ་ལ་སོགས་པ་ལྟ་བུའོ་༏་། སྒྲ་ཡང་བྱས་པ་ཡིན་ནོ་ཞེས་བྱ་བ་ནི་ཆོས་མཐུན་པ་ཉིད་ཅན་གྱི་སྦྱོར་བའོ་༎
 तथा वैधर्म्यवति प्रयोगे व्यतिरेकोक्तिसामर्थ्याद् एवान्वयः प्रतिपन्न इति नान्वयः पुनर् उच्यते ।	ཆོས་མི་མཐུན་པ་ཉིད་ཅན་གྱི་སྦྱོར་བ་ནི་ལྡོག་པ་བསྟན་པའི་ཤུགས་ཉིད་ཀྱིས་རྗེས་སུ་འགྲོ་བ་རྟོགས་པའོ་༎ འདིར་ཡང་རྗེས་སུ་འགྲོ་བ་བརྗོད་པར་མི་བྱའོ་༎
 यन् नित्यं तद् अकृतकं दृष्टं यथाकाशादिः कृतकश् च शब्द इति । वैधर्म्यवान् प्रयोगः ॥	གང་རྟག་པ་དེ་ནི་མ་བྱས་པར་མཐོང་སྟེ་། དཔེར་ན་ནམ་མཁའ་ལ་སོགས་པ་བཞིན་ནོ་༎ སྒྲ་ཡང་བྱས་པ་ཡིན་ནོ་ཞེས་བྱ་བ་ནི་ཆོས་མི་མཐུན་པའི་སྦྱོར་བའོ་༎
 ८९। उक्ताः साधनाभासा दूषनाभसाः ॥	བསྒྲུབ་པ་ལྟར་སྣང་བ་དང་། སུན་འབྱིན་པ་ལྟར་སྣང་བ་བཤད་ཟིན་ཏོ་༎
 ९०। प्रत्यक्षं कीदृशम् ।	མངོན་སུམ་ཅི་འདྲ་བ་ཞིག་ཡིན་ཞེ་ན་།
 प्रत्यक्षं कल्पनापोढम् अभ्रान्तम् ।	མངོན་སུམ་ནི་རྟོག་པ་དང་བྲལ་ཞིང་མ་འཁྲུལ་པ་སྟེ་དབང་པོ་ལ་སོ་སོར་གནས་པ་ནི་རྟེན་པའོ་༎ 
 प्रतिगतम् आश्रितम् अक्षं यद् विज्ञानं तत् प्रत्यक्षम् ।	རྣམ་པར་ཤེས་པ་གང་ཡིན་པ་དེ་ནི་མངོན་སུམ་སྟེ་།
 पञ्चेन्द्रियाश्रयाणि ज्ञानानीति यावत् ।	དབང་པོ་ལྔ་ལ་བརྟེན་པའི་ཤེས་པ་ཡིན་ནོ་ཞེས་བྱ་བའི་ཐ་ཚིག་གོ་༎
 अत्यादयः क्रान्ताद्यर्थे द्वितिययेति समासेन प्रत्यक्षशब्दो वाच्यलिङ्गः सिद्धः । प्रत्यक्षो बोधः प्रत्यक्षा बुद्धिः । प्रत्यक्षं ज्ञानम् इत्य् उपपन्नं भवति ॥	ཤིན་ཏུ་ལ་སོགས་པ་གནན་པ་ལ་སོགས་པའི་དོན་ལ་གཉིས་པ་ཞེས་བྱ་བ་བྱེད་པ་པོའི་བསྡུ་བས་མངོན་སུམ་གྱི་སྒྲ་ནི་བརྗོད་པར་བྱ་བའི་རྟགས་སུ་གྲུབ་སྟེ་མངོན་སུམ་རྟོགས་པ་དང་། མངོན་སུམ་བློ་དང་། མངོན་སུམ་ཤེས་པ་ཞེས་བྱ་བ་ནི་རིགས་པར་གྱུར་པ་ཡིན་ནོ་༎
 ९१। चक्षुःश्रोत्रघ्राणजिह्वाकायाख्यानि पञ्चेन्द्रियाणि तदाश्रितानि पञ्च ज्ञानानि प्रमाणानि ।	མིག་དང་རྣ་བ་དང་སྣ་དང་ལྕེ་དང་ལུས་ཞེས་བྱ་བ་ནི་དབང་པོ་ལྔ་སྟེ་།
 तद्ग्राह्या विषया रूपशब्दगन्धरसस्पर्शाख्याः प्रमेयाणि पञ्चैव ॥	དེ་ལ་བརྟེན་པའི་ཤེས་པ་ལྔ་ནི་གཟུང་བའི་ཡུལ་གཟུགས་དང་། སྒྲ་དང་། དྲི་དང་། རོ་དང་། རེག་བྱ་དང་ཞེས་བྱ་བ་གཞལ་བྱ་ལྔ་ཉིད་ལ་ཚད་མ་ཡིན་ནོ་༎
 ९२। तच् च प्रत्यक्षं नामजात्यादिकल्पनारहितं निर्विकल्पकम् अभ्रान्तं च यदि भवति । तदा प्रमाणम् उच्यते ।	མངོན་སུམ་དེ་ཡང་མིང་དང་རིགས་ལ་སོགས་པའི་རྟོགས་པ་དང་བྲལ་བ་རྣམ་པར་མི་རྟོག་པ་དང་གལ་ཏེ་ཡང་འཁྲུལ་པར་མ་གྱུར་པ་ཡིན་ན་ཚད་མར་བཤད་དེ་།
 दर्शितस्यार्थस्याविसंवादनात् ॥	བསྟན་པའི་དོན་ལ་མི་སླུ་པའི་ཕྱིར་རོ་༎
 ९३। तत्र नामकल्पना । देवदत्तो ऽयम् इति यद् ज्ञानम् । जातिकल्पना गौर् इयम् इति ज्ञानम् ।	དེ་ལ་མིང་གི་རྣམ་པར་རྟོག་པ་ནི་འདི་ནི་༄༣༢༠བ་ལྷ་སྦྱིན་ནོ་ཞེས་བྱ་བར་ཤེས་པའོ་༎ རིགས་ཀྱི་རྣམ་པར་རྟོག་པ་ནི་འདི་ནི་བ་ལང་ངོ་སྙམ་དུ་ཤེས་པའོ་༎
 विशेषणविशेष्यम् (ह्तु २७३) इति कल्पना नीलोत्पलम् इति ज्ञानं ।	ཁྱད་པར་དང་ཁྱད་པར་དུ་བྱ་བའི་རྣམ་པར་རྟོག་པ་ནི་ཨཽཏཔལ་སྔོན་པོ་ཞེས་བའོ་༎
 अन्यद् अपि सविकैपकं ज्ञानं प्रत्यक्षाभासः । भ्रान्तं चार्थे ऽपि तैमिरिकस्य द्विचन्द्रज्ञानं । शुक्तिकायां रजतज्ञानं स्थाणुर् अयं पुरुषो वेति ज्ञानम् ।	གཞན་ཡང་རྣམ་པར་རྟོག་པ་དང་བཅས་པའི་མངོན་སུམ་ལྟར་སྣང་བ་དང་། ཡང་དོན་ལ་འཁྲུལ་པ་རབ་རིབ་ཀྱིས་ཟླ་བ་གཉིས་སུ་ཤེས་པ་དང་། ཉ་ཕྱིས་ལ་དངུལ་དུ་ཤེས་པ་དང་། འདི་ནི་སྔོན་དུ་མ་མམ་སྐྱེས་བུའོ་ཞེས་ཤེས་པ་ཡིན་ནོ་༎
 अन्यद् अपि ज्ञानं प्रत्यक्षाभासः प्रदर्शितार्थाप्रापकत्वात् ॥	ཤེས་པ་གཞན་ཡང་མངོན་སུམ་ལྟར་སྣང་བ་ཡིན་ཏེ་བསྟན་པའི་དོན་དང་ཕྲད་པར་མི་བྱེད་པའི་ཕྱིར་རོ་༎ 
 ९४। तत्र त्रिविधं प्रत्यक्षं ।	དེ་ལ་མངོན་སུམ་ནི་རྣམ་པ་གསུམ་སྟེ་།
 व्यवहारम् अपेक्ष्य इन्द्रियज्ञानम् । सर्वचित्तचैत्तानां स्वरूपसंवेदनं स्वसंवेदनम् । भूतार्थभावनाप्रकर्षपर्यन्तजं योगिज्ञानं चेति ॥	ཐ་སྙད་འདོགས་པའི་དབང་པོའི་ཤེས་པ་དང་། སེམས་དང་སེམས་ལས་བྱུང་བ་ཐམས་ཅད་རང་གི་ངོ་བོ་རིག་པ་ནི་རང་རིག་པ་དང་། ཡང་དག་པའི་དོན་བསྒོམས་པས་གསལ་བ་རབ་རིབ་ཀྱི་མཐར་ཐུག་པ་ནི་རྣལ་འབྱོར་གྱི་ཤེས་པའོ་༎ དེའི་ཡུལ་ནི་རང་གི་མཚན་ཉིད་དེ་།
 ९५। तस्य विषयः स्वलक्षणम् अर्थक्रियासमर्थं तु स्वलक्षणम् उच्यते ।	དོན་བྱེད་པར་ནུས་པ་སྟེ་། རང་གི་མཚན་ཉིད་ལ་བྱའོ་༎
 सामान्यं तु नार्थक्रियासमर्थम् ।	སྤྱིས་ནི་དོན་བྱེད་པར་ནུས་པ་མ་ཡིན་ནོ་༎
 ९६। तद् एव च प्रत्यक्षं प्रमाणम् ।	དེ་དག་ཉིད་ཀྱང་མངོན་སུམ་གྱི་ཚད་མ་ཡིན་ནོ་༎
 प्रमाणम् अर्थप्रतीतिरूपं फलं च तादृशम् एव ।	དོན་རྟོགས་པའི་ངོ་བོ་ཡིན་པའི་ཕྱིར་འབྲས་བུ་ཡང་ཡིན་ཏེ་དེ་དང་འདྲ་བ་ཚད་མ་ཉིད་ཀྱི་ཕྱིར་། 
 न प्रमाणफलयोर् भेदः कश्चिद् अस्ति ॥	ཚད་མ་དང་འབྲས་བུ་ལ་བྱེ་བྲག་ཅུང་ཟད་ཀྱང་མེད་དོ་༎
 ९७। अनुमानं द्विधा स्वार्थं परार्थं च ।	རྗེས་སུ་དཔག་པ་ནི་རྣམ་པ་གཉིས་ཏེ་༏་རང་གི་དོན་དང་གཞན་གྱི་དོན་ཏོ་༎
 ९८। तत्र स्वार्थं तावत् ।	དེ་ལ་རང་གི་དོན་ནི་རེ་ཞིག་ཕྱོགས་ཀྱི་ཆོས་བཟུང་ནས་།
 गृहीते च पक्षधर्मे स्मृते च साध्यसाधनभावे पश्चात् प्रतिपत्ता यथार्थं प्रतिपद्यते येन तत् स्वार्थम् अनुमानम् ।	བསྒྲུབ་པར་བྱ་བ་དང་སྒྲུབ་པར་བྱེད་པ་འབྲེལ་པ་དྲན་པའི་རྗེས་ལ་རྟོགས་པ་པོས་དོན་ཇི་ལྟ་བ་བཞིན་དུ་རྟོགས་པ་། གང་ཡིན་པ་དེ་ཉིད་རང་གི་དོན་གྱི་རྗེས་སུ་དཔག་པ་ཡིན་ནོ་༎
 ९९। पक्षधर्मश् च त्रिविध एव भवति ।	ཕྱོགས་ཀྱི་ཆོས་ནི་རྣམ་པ་གསུམ་ཉིད་དུ་འགྱུར་ཏེ་།
 कार्यं स्वभावो ऽनुपलम्भश् चेति ।	འབྲས་བུ་དང་རང་བཞིན་དང་མི་དམིགས་པའོ་༎
 १००। सिद्धे हि कार्यकारणभावे कार्यं हेतुर् द्रष्टव्यः ।	རྒྱུ་དང་འབྲས་བུར་གྲུབ་ན་འབྲས་བུའི་གཏན་ཚིགས་ཡིན་པར་ལྟ་སྟེ་།
 यथा यत्र धूमस् तत्राग्निः । यथा महानसादौ ।	དཔེར་ན་གང་ན་དུ་བ་ཡོད་པ་ན་མེ་ཡོད་དེ་། དཔེར་ན་ཚ་བ་ལ་སོགས་པ་བཞིན་ནོ་༎
 अस्ति चेह धूम इति [ असत्य् अग्नौ न भवत्य् एव धूमो यथा सजलप्रदेशे ।	འདི་ན་གང་དུ་བ་ཡོད་པའི་ཕྱིར་ཞེས་བྱ་བ་ལྟ་བུའོ་༎ མེ་མེད་ན་དུ་བ་ཡང་མེད་དེ་། དཔེར་ན་ཆུ་དང་བཅས་པའི་ཕྱོགས་ལྟ་བུའོ་༎
 अस्ति चेह धूम इति ।	འདི་ན་ཡང་དུ་བ་ཡོད་པའི་ཕྱིར་ཞེས་བྱ་བ་ལྟ་བུའོ་༎
 १०१। स्वभावहेतुः ।	རང་བཞིན་གྱི་གཏན་ཚིགས་ནི་འདི་ནི་ཤིང་ཡིན་ཏེ་།
 वृक्षो ऽयं शिंशपात्वाद् इति । पूर्वप्रवर्तितशिंशपाव्यवहारवत् ।	ཤིང་ཤ་པ་ཡིན་པའི་ཕྱིར་སྔོན་ཐ་སྙད་ཞུགས་པའི་ཤིང་ཤ་པ་བཞིན་ནོ་༎
 असति वृक्षत्वे न भवत्य् एव शिंशपात्वम् ।	ཤིང་མེད་ན་ཤིང་ཤ་པ་མེད་དེ་།
 यथा स्थण्डिलप्रदेशे ।	དཔེར་ན་ཤིང་༄༣༢༡ཨ་༌་༎ གིས་དཔེན་པའི་ཕྱོགས་བཞིན་ནོ་༎
 अत्रापि व्याप्यव्यापकभावे निश्चिते सति व्याप्यो हेतुर् द्रष्टव्यः ॥ (ह्तु २७४)	འདིར་ཡང་ཁྱབ་པར་བྱེད་པའི་ངོ་བོ་དེས་ན་། ཁྱབ་པར་བྱ་བ་ནི་གཏན་ཚིགས་ཡིན་པར་ལྟའོ་༎
 १०२। अनुपलम्भहेतुर् यथा ।	མི་དམིགས་པའི་གཏན་ཚིགས་ནི་།
 नात्र घट उपलब्धिलक्षणप्राप्तस्यानुपलब्धेः शशविषाणादिवत् ।	འདི་ནི་བུམ་པ་མེད་དེ་། དམིགས་པའི་མཚན་ཉིད་ཀྱིར་གྱུར་པ་མི་དམིགས་པའི་ཕྱིར་ཏེ་། རི་བོང་གི་རབ༹་ལ་སོགས་པ་བཞིན་ནོ་༎ འདིར་ཡང་དམིགས་སུ་རུང་བ་དམིགས་པ་ལ་།
 अत्रापि दृष्यानुपलम्भो दृष्याभवेन व्याप्तो यदा निश्चितस् तदायं हेतुर् गमकः ॥	དམིགས་སུ་རུང་བ་མེད་པས་ཁྱབ་པར་གལ་ཏེ་དེས་ན་དེའི་ཚེ་གཏན་ཚིགས་འདི་རྟོགས་པར་བྱེད་པ་ཡིན་ནོ་༎ 
 १०३। अनुमानाभासः कीदृशः । पूर्ववत् । शेषवत् ।	རྗེས་སུ་དཔག་པ་ལྟར་སྣང་བ་ཅི་འདྲ་ཞིག་ཅེ་ན་།
 सामान्यतोदृष्टं चेति परैः कल्पितम् अनुमानं सर्वम् अनुमानाभासः ॥	སྔ་མ་དང་ལྡན་པ་དང་། ལྷག་མ་དང་ལྡན་པ་དང་། སྤྱི་མཐོང་བ་སྟེ་། གཞན་གྱིས་བརྟགས་པའི་རྗེས་སུ་དཔག་པ་ཐམས་ཅད་ནི་རྗེས་སུ་དཔག་པ་ལྟར་སྣང་བ་ཡིན་ཏེ་། དེ་རྣམས་ལ་དེའི་བདག་ཉིད་དང་དེ་ལས་བྱུང་བའི་མཚན་ཉིད་ཀྱི་འབྲེལ་པ་མེད་པའི་ཕྱིར་། རོ་༎ 
 तेषु तादात्म्यतदुत्पत्तिलक्षणस्य प्रतिबन्धाभावात् [ सिद्धे सत्य् एव हि कार्यकारणभावे व्याप्यव्यापकभावे च साध्यसाधनभावो नान्यथा व्यभिचारसंभवात् ॥	རྒྱུ་དང་འབྲས་བུའི་འབྲེལ་པ་དང་། ཁྱབ་པར་བྱ་བ་དང་ཁྱབ་པར་བྱེད་པའི་འབྲེལ་བ་གྲུབ་པ་ཉིད་དུ་གྱུར་ན་། བསྒྲུབ་པར་བྱ་བ་དང་སྒྲུབ་པར་བྱེད་པའི་འབྲེལ་པ་ཡིན་གྱི་༎ གཞན་དུ་ནི་མ་ཡིན་ཏེ་སླུ་བ་མེད་པའི་ཕྱིར་རོ་༎
 १०४। यथा वृष्टिमान् अयं मेघो गम्भीरध्वनत्वाद् इति ।	དཔེར་ན་སྤྲིན་འདི་ཆར་ལྟར་བཅས་པ་ཡིན་ཏེ་། འབྲུག་སྒྲ་ཟབ་མི་དང་ལྡན་པའི་ཕྱིར་རོ་ཞེས་བྱ་བ་ལ་།
 गम्भीरध्वनवतो ऽपि मेघस्य वृष्टिविघातसंभवात् ॥	སྒྲ་ཟབ་མོ་དང་ལྡན་པའི་སྤྲིན་ལས་ཆར་མི་འབྱུང་བ་སྲིད་པའི་ཕྱིར་རོ་༎ དཔེར་ན་སྟོང་དུ་ཆར་བབ་པ་ཡིན་ཏེ་། གཙང་པོ་རྒྱས་པ་མཐོང་བའི་ཕྱིར་རོ་ཞེས་བྱ་བ་ལ་།
 १०५। यथोपरि वृष्टो देवो नदीपूरदर्शनात् बन्धभङ्गादिनापि नदीपूरस्य दर्शणात् ॥	གཙང་པོ་འགགས་པ་ལས་ཀྱང་ཆུ་བོ་རྒྱས་པར་མཐོང་བའི་ཕྱིར་རོ་༎ དེ་བཞིན་དུ་འབྲས་འདི་དག་ནི་ཆོས་པ་ཡིན་ཏེ་།
 १०६। यथा पक्वा एते तण्डुला एकस्थाल्यन्तर्गतत्वाद् दृष्टतण्डुलवत् ॥	ཕྲུ་བ་གཅིག་གི་ནང་ན་ཡོད་པའི་ཕྱིར་མཐོང་བའི་འབྲས་བཞིན་ནོ་༎
 १०७। पक्वान्य् एतान्य् फलानि एकशाखप्रबन्धात् ।	འབྲས་བུ་འདི་དག་ནི་སྨིན་པ་ཡིན་ཏེ་།
 उपयुक्तफलवत् । अत्र भूयो दर्शने ऽपि साध्यसाधनयोर् व्यभिचारसंभव एव ॥ १०८। यथा यत् पार्थिवं तत् सर्वं लोहलेख्यं दृष्टम् ।	ཡལ་ག་གཅིག་ལས་སྐྱེས་པའི་ཕྱིར་ཟོས་པའི་འབྲས་བུ་བཞིན་ནོ་ཞེས་བྱ་བ་ལ་འདིར་ཕལ་ཆེར་དེ་ལྟར་མཐོང་བ་ཡང་བསྒྲུབ་པར་བྱ་བ་དང་། སྒྲུབ་པར་བྱེད་པ་དག་ལ་ནི་སླུ་བ་ཡོད་པ་ཁོ་ནའོ་༎ དཔེར་ན་གང་ས་ལས་སྐྱེས་པ་དེ་དག་ཐམས་ཅད་ནི་། ལྕགས་ཀྱིས་གཅོད་པར་མཐོང་སྟེ་། དཔེར་ན་ཤིང་ལ་སོགས་པ་བཞིན་ནོ་ཞེས་བྱ་བ་ལ་རྡོ་རྗེ་ཡངས་ལས་སྐྱེས་པ་ཡིན་ནོ་༎ གང་སྲོག་ཆགས་ཡིན་པ་དེ་དག་ཐམས་ཅད་ནི་མགྲིན་པ་དང་བཅས་པ་ཡིན་ཏེ་།
 यथा काष्ठादि) । वज्रम् अपि पार्थिवं ॥ १०९। यः प्राणी स सर्वः सग्रीवः ।	དཔེར་ན་རྔ་མོ་ལ་སོགས་པ་བཞིན་ནོ་༎ བསྟན་བྱ་བ་ལ་།
 यथा करभादिः कुलीरो ऽपि प्राणी ॥	ཀུ་ལི་ར་ཡང་སྲོག་ཆགས་ཡིན་ནོ་༎
 ११०। यथा यद् द्रवद् द्रव्यम् आर्द्रकृत् तद् दृष्टं यथोदकं ।	དཔེར་ན་གང་༄༣༢༡བ་ཞུ་བའི་རྫས་དེ་ནི་རླན་གྱིས་བྱས་པར་མཐོང་སྟེ་། དཔེར་ན་ཆུ་བཞིན་ནོ་ཞེས་བྱ་བ་ལ་།
 पारदम् अपि द्रवद् द्रव्यम् इति ।	རྔུལ་ཆུ་ཡང་ཞུ་བའི་རྫས་ཡིན་ནོ་༎
 एवम् अन्ये ऽप्य् अनुमानाभासा द्रष्टव्या इति ॥	དེ་བཞིན་དུ་གཞན་དག་ཀྱང་རྗེས་སུ་དཔག་པ་ལྟར་སྣང་བ་ཡིན་པར་བལྟ་བར་བྱའོ་༎
 हेतुतत्त्वोपदेशः समाप्तः ॥	གཏན་ཚིགས་ཀྱི་དེ་ཁོ་ན་ཉིད་བསྟན་པ་། མཁས་པ་ཆེན་པོ་ཛེ་ཏའ་རིའི་ཞལ་སྔ་ནས་མཛད་པ་རྫོགས་སོ་།
