tran scription of Te gilgit text foliaH a g  Cak  du	@215a / /rgya gar skad du /a'arya badzra tstshe da ka n'a ma pra dzny'a pa ra mi ta ma h'a ya na s'u tra / bod skad du / 'phags pa shes rab kyi pha rol tu phyin pa rdo rje gcod pa zhes bya ba theg pa chen po'i mdo / sangs rgyas dang byang chub sems dpa' thams cad la phyag 'tshal lo // 'di skad bdag gis thos pa dus gcig na / bcom ldan 'das mnyan du yod pa na rgyal bu rgyal byed kyi tshal mgon med zas sbyin gyi kun dga' ra ba na dge slong stong nyis brgya lnga bcu'i dge slong gi dge 'dun chen po dang / byang chub sems dpa' sems dpa' chen po rab tu mang po dang thabs gcig tu bzhugs te / de nas bcom ldan 'das snga dro'i dus kyi tshe sham thabs dang chos gos sku la gsol te lhung bzed @215b bsnams nas mnyan yod kyi grong khyer chen por bsod snyoms kyi phyir zhugs so // de nas bcom ldan 'das mnyan yod kyi grong khyer chen por bsod snyoms kyi phyir gshegs nas bsod snyoms kyi zhal zas mjug tu gsol te zas kyi bya ba mdzad nas zas phyi ma'i bsod snyoms spangs pas / lhung bzed dang chos gos bzhag nas zhabs bsil te gdan bshams pa la skyil mo krung bcas nas sku drang por bsrang ste dran pa mngon du bzhag / nas bzhugs so // de nas dge slong mang po bcom ldan 'das ga la ba der dong ste lhags nas bcom ldan 'das kyi zhabs la mgo bos phyag 'tshal te bcom ldan 'das la lan gsum bskor ba byas nas phyogs gcig tu 'khod do // yang de'i tshe tshe dang ldan pa rab 'byor 'khor de nyid du 'dus par gyur te 'dug go / de nas tshe dang ldan pa rab 'byor stan las langs te bla gos phrag pa gcig tu gzar nas pus mo g-yas pa'i lha nga sa la btsugs te bcom ldan 'das ga la ba de logs su thal mo sbyar ba btud de bcom ldan 'das la 'di skad ces gsol to // bcom ldan 'das / de bzhin gshegs pa dgra bcom pa yang dag par rdzogs pa'i sangs rgyas kyis byang chub sems dpa' sems dpa' chen po rnams la phan gdags pa'i dam pa ji snyed pas phan btags pa dang / de bzhin gshegs pa dgra bcom pa yang dag par rdzogs pa'i @216a *// sangs rgyas kyis byang chub sems dpa' sems dpa' chen po rnams yongs su gtad pa'i dam pa ji snyed pas yongs su gtad pa ni / bcom ldan 'das / ngo mtshar lags so // bde bar gshegs pa / ngo mtshar lags so // bcom ldan 'das / byang chub sems dpa'i theg pa la yang dag par zhugs pas ji ltar gnas par bgyi / ji ltar bsgrub par bgyi / ji ltar sems rab tu gzung bar bgyi / de skad ces gsol pa dang / bcom ldan 'das kyis tshe dang ldan pa rab 'byor la 'di skad ces bka' stsal to; ;rab 'byor / legs so // legs so // rab 'byor / de de bzhin no // de de bzhin te / de bzhin gshegs pas byang chub sems dpa' sems dpa' chen po rnams la phan gdags pa'i dam pas phan btags so // de bzhin gshegs pas byang chub sems dpa' sems dpa' chen po rnams la yongs su gtad pa'i dam pas yongs su gtad do // rab 'byor / de'i phyir nyon la legs par rab tu yid la zungs shig dang / byang chub sems dpa'i theg pa la yang dag par zhugs pas ji ltar gnas par bya ba dang / ji ltar bsgrub par bya ba dang / ji ltar sems rab tu gzung bar bya ba ngas khyod la bshad do // bcom ldan 'das / de bzhin no // zhes gsol nas tshe dang ldan pa rab 'byor bcom ldan 'das @216b kyi ltar nyan pa dang / bcom ldan 'das kyis 'di skad ces bka' stsal to // rab 'byor / 'di la byang chub sems dpa'i theg pa la yang dag par zhugs pas 'di snyam du / bdag gis ji tsam sems can du bsdu bas bsdus pa sgo nga las skyes pa'am / mngal nas skyes pa'am / drod gsher las skyes pa'am / brdzus te skyes pa'am / gzugs can nam / gzugs med pa'am / 'du shes can nam / 'du shes med pa'am / 'du shes med 'du shes med min nam / sems can gyi khams ji tsam sems can du gdags pas btags pa de dag thams cad phung po lhag ma med pa'i mya ngan las 'das pa'i dbyings su yongs su mya ngan las bzla'o // de ltar sems can tshad med pa yongs su mya ngan las bzlas kyang sems can gang yang yongs su mya ngan las bzlas par gyur pa med do // snyam du sems bskyed par bya'o // de ci'i phyir zhe na / rab 'byor / gal te byang chub sems dpa' sems can du 'du shes 'jug na / de byang chub sems dpa' zhes mi bya ba'i phyir ro // de ci'i phyir zhe na / rab 'byor / gang sems can du 'du shes 'jug gam / srog tu 'du shes 'jug gam / gang zag tu 'du shes 'jug na / de byang chub sems dpa' zhes mi bya ba'i phyir ro // yang rab 'byor / byang chub sems dpas dngos po la mi gnas par sbyin pa sbyin no // chos gang la yang mi gnas par @217a *// sbyin pa sbyin no // gzugs la'ang mi gnas par sbyin pa sbyin par bya'o // sgra dang / dri dang / ro dang / reg bya dang / chos la'ang mi gnas par sbyin pa sbyin no; ;rab 'byor / ci nas mtshan mar 'du shes pa la'ang mi gnas pa de ltar byang chub sems dpas sbyin pa sbyin no // de ci'i phyir zhe na / rab 'byor / byang chub sems dpa' gang mi gnas par sbyin pa sbyin pa de'i bsod nams kyi phung po ni / rab 'byor / tshad gzung bar sla ba ma yin pa'i phyir ro // rab 'byor / 'di ji snyam du sems / shar phyogs kyi nam mkha'i tshad gzung bar sla'am / rab 'byor gyis gsol pa / bcom ldan 'das / de ni / ma lags so // bcom ldan 'das kyis bka' stsal pa / de bzhin du lho dang / nub dang / byang dang / steng dang / 'og gi phyogs dang / phyogs mtshams dang / phyogs bcu'i nam mkha'i tshad gzung bar sla'am / rab 'byor gyis gsol pa / bcom ldan 'das / de ni / ma lags so // bcom ldan 'das kyis bka' stsal pa / rab 'byor / de bzhin du byang chub sems dpa' gang mi gnas pa'i sbyin pa sbyin pa de'i bsod nams kyi phung po yang tshad gzung bar sla ba ma yin no // rab 'byor / 'di ji snyam du sems / mtshan phun sum tshogs pas de bzhin gshegs par blta'am / rab 'byor gyis gsol pa / bcom ldan 'das / @217b de ni; ma lags te / mtshan phun sum tshogs pas de bzhin gshegs par mi blta'o // de ci'i slad du zhe na / de bzhin gshegs pas mtshan phun sum tshogs par gang gsungs pa de nyid mtshan phun sum tshogs pa ma mchis pa'i slad du'o // de skad ces gsol pa dang / bcom ldan 'das kyis tshe dang ldan pa rab 'byor la 'di skad ces bka' stsal to // rab 'byor 'di ji snyam du sems / mtshan phun sum tshogs pa de tsam du rdzun no // ji tsam du mtshan phun sum tshogs pa med pa de tsam du mi rdzun te / de ltar de bzhin gshegs pa la mtshan dang mtshan med par blta'o // de skad ces bka' stsal pa dang / bcom ldan 'das la tshe dang ldan pa rab 'byor gyis 'di skad ces gsol to // bcom ldan 'das / ma 'ongs pa'i dus lnga brgya tha ma la dam pa'i chos rab tu rnam par 'jig par 'gyur ba na sems can gang la la dag 'di lta bu'i mdo sde'i chig bshad pa 'di la yang dag par 'du shes bskyed par 'gyur ba lta mchis sam / bcom ldan 'das kyis bka' stsal pa / rab 'byor / khyod 'di skad du / ma 'ongs pa'i dus lnga brgya tha ma la dam pa'i chos rab tu rnam par 'jig par 'gyur ba na sems can gang la la dag 'di lta bu'i mdo sde'i tshig bshad pa 'di la yang dag par 'du shes bskyed par 'gyur ba lta mchis sam zhes ma zer cig / yang rab 'byor / ma 'ongs pa'i dus lnga @218a *// brgya tha ma la dam pa'i chos rab tu rnam par 'jig par 'gyur ba na byang chub sems dpa' sems dpa' chen po tshul khrims dang ldan pa / yon tan dang ldan pa / shes rab dang ldan pa dag 'byung ste / rab 'byor / byang chub sems dpa' sems dpa' chen po de dag kyang sangs rgyas gcig la bsnyen bkur byas pa ma yin / sangs rgyas gcig la dge ba'i rtsa ba bskyed pa ma yin gyi / rab 'byor / sangs rgyas brgya stong mang po la bsnyen bkur byas shing / sangs rgyas brgya stong du ma la dge ba'i rtsa ba dag bskyed pa'i byang chub sems dpa' sems dpa' chen po dag 'byung ngo // rab 'byor / gang dag 'di lta bu'i mdo sde'i tshig bshad pa 'di la sems dad pa gcig tsam rnyed par 'gyur ba de dag ni; rab 'byor / de bzhin gshegs pas mkhyen to // rab 'byor / de dag ni / de bzhin gshegs pas gzigs te / rab 'byor / sems can de dag thams cad ni / bsod nams kyi phung po dpag tu med pa bskyed cing rab tu sdud par 'gyur ro // de ci'i phyir zhe na / rab 'byor / byang chub sems dpa' sems dpa' chen po de dag ni / bdag tu 'du shes 'jug par mi 'gyur zhing / sems can du 'du shes pa ma yin / srog tu 'du shes pa ma yin te / gang zag tu'ang 'du shes 'jug par mi 'gyur ba'i phyir ro // rab 'byor / byang chub @218b sems dpa' sems dpa' chen po de dag chos su 'du shes pa dang / chos med par yang 'du shes mi 'jug ste / de dag ni / 'du shes dang / 'du shes med par yang 'du shes 'jug par mi 'gyur ro // de ci'i phyir zhe na / rab 'byor / gal te byang chub sems dpa' sems dpa' chen po de dag chos su 'du shes 'jug na / de nyid de dag gi bdag tu 'dzin par 'gyur zhing / sems can du 'dzin pa dang / srog tu 'dzin pa dang / gang zag tu 'dzin par 'gyur ba'i phyir ro // gal te chos med par 'jug na'ang de nyid de dag gi bdag tu 'dzin par 'gyur zhing / sems can du 'dzin pa dang / srog tu 'dzin pa dang / gang zag tu 'dzin par 'gyur ba'i phyir ro // de ci'i phyir zhe na / yang rab 'byor / byang chub sems dpas chos kyang log par gzung bar mi bya ste / chos ma yin pa yang mi gzung ba'i phyir ro // de bas na / de las dgongs te de bzhin gshegs pas chos kyi rnam grangs 'di gzings lta bur shes pa rnams kyis chos rnams kyang spang bar bya na / chos ma yin pa rnams lta ci smos zhes gsungs so // gzhan yang bcom ldan 'das kyis tshe dang ldan pa rab 'byor la 'di skad ces bka' stsal to; ;rab 'byor / 'di ji snyam du sems / de bzhin gshegs pas gang bla na med pa yang dag par rdzogs pa'i byang chub mngon par rdzogs par sangs rgyas pa'i chos de gang yang yod @219a *// dam; de bzhin gshegs pas chos gang yang bstan tam / de skad ces bka' stsal pa dang / bcom ldan 'das la tshe dang ldan pa rab 'byor gyis 'di skad ces gsol to // bcom ldan 'das / bcom ldan 'das kyis gsungs pa'i don 'di bdag gis 'tshal ba ltar na / de bzhin gshegs pas gang bla na med pa yang dag par rdzogs pa'i byang chub mngon par rdzogs par sangs rgyas pa'i chos de gang yang ma mchis so // de bzhin gshegs pas gang bstan pa'i chos de gang yang ma mchis so // de ci'i slad du zhe na / de bzhin gshegs pas chos gang yang mngon par rdzogs par sangs rgyas pa'am bstan pa de ni / gzung du ma mchis / brjod du ma mchis te / de ni / chos kyang ma lags / chos ma mchis pa yang ma lags pa'i slad du'o // de ci'i slad du zhe na / 'phags pa'i gang zag rnams ni / 'dus ma bgyis kyis rab tu phye ba'i slad du'o // bcom ldan 'das kyis bka' stsal pa / rab 'byor / 'di ji snyam du sems / rigs kyi bu'am / rigs kyi bu mo gang la la zhig gis stong gsum gyi stong chen po'i 'jig rten gyi khams 'di rin po che sna bdun gyis rab tu gang bar byas te sbyin pa byin na / rigs kyi bu'am / rigs kyi bu mo de gzhi de las bsod nams kyi phung po mang du bskyed dam / @219b rab 'byor gyis gsol pa / bcom ldan 'das / mang lags so // bde bar gshegs pa /	10.0
mm cz  par  tib	mang lags te / rigs kyi bu'am / rigs kyi bu mo de gzhi de las bsod nams kyi phung po mang du bskyed do; ;de ci'i slad du zhe na / bcom ldan 'das / bsod nams kyi phung po de nyid phung po ma mchis pa'i slad du ste / des na / de bzhin gshegs pas bsod nams kyi phung po bsod nams kyi phung po //	24.35193417650729
Htas BagavAn Aha	zhes gsungs so // bcom ldan 'das kyis bka' stsal pa / rab 'byor / rigs kyi bu'am / rigs kyi bu mo gang gis stong gsum gyi stong chen po'i 'jig rten gyi khams 'di rin po che sna bdun gyis rab tu gang bar byas te sbyin pa byin pa bas / gang gis chos kyi rnam grangs 'di las tha na tshig bzhi pa'i tshigs su bcad pa gcig tsam bzung nas gzhan dag la yang 'chad cing yang dag par rab tu ston na / de gzhi de las bsod nams kyi phung po ches mang du grangs med dpag tu med pa bskyed do // de ci'i phyir zhe na / rab 'byor / de bzhin gshegs pa dgra bcom pa yang dag par rdzogs pa'i sangs rgyas rnams kyi bla na med pa yang dag par rdzogs pa'i byang chub ni / 'di las byung ste / sangs rgyas bcom ldan 'das rnams kyang 'di las skyes pa'i phyir ro // de ci'i phyir zhe na / rab 'byor / sangs rgyas kyi chos rnams sangs rgyas kyi chos rnams zhes bya ba ni / sangs rgyas kyi chos de dag med par de bzhin gshegs @220a *// pas gsungs pa'i phyir te / des na / sangs rgyas kyi chos rnams zhes bya'o // rab 'byor / 'di ji snyam du sems / rgyun du zhugs pa 'di snyam du / bdag gis rgyun du zhugs pa'i 'bras bu thob bo snyam du sems sam / rab 'byor gyis gsol pa / bcom ldan 'das / de ni / ma lags so // de ci'i slad du zhe na / bcom ldan 'das / de ni / ci la'ang zhugs pa ma mchis pa'i slad du ste / des na / rgyun du zhugs pa zhes bgyi'o // gzugs la'ang ma zhugs / sgra la ma lags / dri la ma lags / ro la ma lags / reg bya la ma lags / chos la'ang ma zhugs te / des na / rgyun du zhugs pa zhes bgyi'o // bcom ldan 'das / gal te rgyun du zhugs pa de 'di snyam du / bdag gis rgyun du zhugs pa'i 'bras bu tho ba bo; ;snyam du sems par gyur na / de nyid de'i bdag tu 'dzin par 'gyur lags so // sems can du 'dzin pa dang / srog tu 'dzin pa dang / gang zag tu 'dzin par 'gyur lags so // bcom ldan 'das kyis bka' stsal pa / rab 'byor / 'di ji snyam du sems / lan gcig phyir 'ong ba 'di snyam du / bdag gis lan gcig phyir 'ong ba'i 'bras bu thob bo // snyam du sems sam / rab 'byor gyis gsol pa / bcom ldan 'das / de ni / ma lags so // de ci'i slad du zhe na / gang lan gcig phyir 'ong ba nyid du zhugs pa'i chos de gang yang ma @220b mchis pa'i slad du ste / des na / lan gcig phyir 'ong ba zhes bgyi'o // bcom ldan 'das kyis bka' stsal pa / rab 'byor / 'di ji snyam du sems / phyir mi 'ong ba 'di snyam du / bdag gis phyir mi 'ong ba'i 'bras bu thob bo // snyam du sems sam / rab 'byor gyis gsol pa / bcom ldan 'das de ni / ma lags so // de ci'i slad du zhe na / gang phyir mi 'ong ba nyid du zhugs pa'i chos de gang yang ma mchis pa'i slad du ste / des na / phyir mi 'ong ba zhes bgyi'o // bcom ldan 'das kyis bka' stsal pa / rab 'byor / 'di ji snyam du sems / dgra bcom pa 'di snyam du / bdag gis dgra bcom pa nyid thob bo // snyam du sems sam / rab 'byor gyis gsol pa / bcom ldan 'das / de ni / ma lags so // de ci'i slad du zhe na / gang dgra bcom pa zhes bgyi ba'i chos de gang yang ma mchis pa'i slad du'o // bcom ldan 'das / gal te dgra bcom pa 'di snyam du / bdag gis dgra bcom pa nyid thob bo // snyam du sems par gyur na / de nyid de'i bdag tu 'dzin par 'gyur lags so // sems can du 'dzin pa dang / srog tu 'dzin pa dang / gang zag tu 'dzin par 'gyur lags so // bcom ldan 'das; bdag ni / de bzhin gshegs pa dgra bcom pa yang dag par rdzogs pa'i sangs rgyas kyis nyon mongs pa med par gnas pa rnams kyi mchog tu bstan te / bcom ldan 'das / @221a *// bdag 'dod chags dang bral ba dgra bcom pa lags kyang / bcom ldan 'das / bdag 'di snyam du / bdag ni / dgra bcom pa'o // snyam du mi sems lags so // bcom ldan 'das / gal te bdag 'di snyam du / bdag gis dgra bcom pa nyid thob bo // snyam du sems par gyur na / de bzhin gshegs pas bdag la rigs kyi bu rab 'byor ni / nyon mongs pa med par gnas pa rnams kyi mchog yin te / ci la'ang mi gnas pas na / nyon mongs pa med par gnas pa / nyon mongs pa med par gnas pa zhes lung mi ston lags so // bcom ldan 'das kyis bka' stsal pa / rab 'byor / 'di ji snyam du sems / de bzhin gshegs pas de bzhin gshegs pa dgra bcom pa yang dag par rdzogs pa'i sangs rgyas mar me mdzad las gang blangs pa'i chos de gang yang yod dam / rab 'byor gyis gsol pa / bcom ldan 'das / de ni / ma lags te / de bzhin gshegs pas de bzhin gshegs pa dgra bcom pa yang dag par rdzogs pa'i sangs rgyas mar me mdzad las gang blangs pa'i chos de gang yang ma mchis so // bcom ldan 'das kyis bka' stsal pa / rab 'byor / byang chub sems dpa' gang la la zhig 'di skad du / bdag gis zhing bkod pa rnams bsgrub par bya'o // zhes zer na / de ni / mi bden par smra ba'o // de ci'i phyir zhe na / @221b rab 'byor / zhing bkod pa rnams zhing bkod pa rnams zhes bya ba ni / bkod pa de dag med par de bzhin gshegs pas gsungs pa'i phyir te / des na / zhing bkod pa rnams zhes bya'o // rab 'byor; de lta bas na / byang chub sems dpa' sems dpa' chen pos 'di ltar mi gnas par sems bskyed par bya'o // ci la'ang mi gnas par sems bskyed par bya'o // gzugs la'ang mi gnas par sems bskyed par bya'o // sgra dang / dri dang / ro dang / reg bya dang / chos la'ang mi gnas par sems bskyed par bya'o // rab 'byor / 'di lta ste / dper na / skyes bu zhig lus 'di lta bur gyur te / 'di lta ste / ri'i rgyal po ri rab tsam du gyur na / rab 'byor / 'di ji snyam du sems / lus de che ba yin nam / rab 'byor gyis gsol pa / bcom ldan 'das; lus de che ba lags so // bde bar gshegs pa / lus de che lags so // de ci'i slad du zhe na / de bzhin gshegs pas de dngos po ma mchis par gsungs pa'i slad du ste; des na / lus zhes bgyi'o // de dngos po ma mchis par de bzhin gshegs pas gsungs te / des na / lus che zhes bgyi'o // bcom ldan 'das kyis bka' stsal pa / rab 'byor; 'di ji snyam du sems / gangg'a'i klung gi bye ma ji snyed pa gangg'a'i klung yang de snyed kho nar gyur na / de dag gi bye ma gang yin pa de dag mang ba yin nam / rab 'byor gyis @222a *// gsol pa / bcom ldan 'das / gangg'a'i klung de dag nyid kyang mang lags na / de dag gi bye ma lta smos kyang mi 'tshal / bcom ldan 'das kyis bka' stsal pa / rab 'byor / khyod mos par bya / khyod kyis khong du chud par bya'o // gangg'a'i klung de dag gi bye ma ji snyed pa de snyed kyi 'jig rten gyi khams kyi skyes pa'am / bud med gang la la zhig gis rin po che sna bdun gyis rab tu gang bar byas te de bzhin gshegs pa dgra bcom pa yang dag par rdzogs pa'i sangs rgyas rnams la sbyin pa byin na / / rab 'byor / 'di ji snyam du sems / skyes pa'am bud med de / gzhi de las bsod nams mang du bskyed dam / rab 'byor gyis gsol pa / bcom ldan 'das / mang lags so // bde bar gshegs pa / mang lags te; skyes pa'am bud med de / gzhi de las bsod nams mang du bskyed do // bcom ldan 'das kyis bka' stsal pa / rab 'byor / gang gis 'jig rten gyi khams de snyed rin po che sna bdun gyis rab tu gang bar byas te de bzhin gshegs pa dgra bcom pa yang dag par rdzogs pa'i sangs rgyas rnams la sbyin pa byin pa bas / gang gis chos kyi rnam grangs 'di las tha na tshig bzhi pa'i tshigs su bcad pa tsam bzung nas gzhan dag la yang bshad de yang dag par rab tu bstan na / de nyid de'i gzhi de las bsod nams ches @222b mang du grangs med dpag tu med pa bskyed do // yang rab 'byor / sa phyogs gang na chos kyi rnam grangs 'di las tha na tshig bzhi pa'i tshigs su bcad pa tsam 'don tam / bton pa'i sa phyogs de / lha dang / mi dang / lha ma yin du bcas pa'i 'jig rten gyi mchod rten du gyur pa yin na / su zhig chos kyi rnam grangs 'di len pa dang / 'dzin pa dang / klog pa dang / kun chub par byed pa dang / tshul bzhin du yid la byed pa de / ngo mtshar rab dang ldan par gyur pa lta ci smos / sa phyogs de na ston pa yang bzhugs te / bla ma'i gnas gzhan dag kyang gnas so // de skad ces bka' stsal pa dang / bcom ldan 'das la tshe dang ldan pa rab 'byor gyis 'di skad ces gsol to // bcom ldan 'das / chos kyi rnam grangs 'di'i ming ci lags / ji ltar gzung bar bgyi / de skad ces gsol pa dang / bcom ldan 'das kyis tshe dang ldan pa rab 'byor la 'di skad ces bka' stsal to // rab 'byor / chos kyi rnam grangs 'di shes rab kyi pha rol tu phyin pa zhes bya ste / 'di de ltar zungs shig / de ci'i phyir zhe na / rab 'byor / de bzhin gshegs pas shes rab kyi pha rol tu phyin pa gang gsungs pa de nyid pha rol tu phyin pa med pa'i phyir te / des na / shes rab kyi pha rol tu phyin pa zhes bya'o // rab 'byor / 'di ji snyam du sems / de bzhin gshegs pas gang gsungs pa'i chos de gang @223a *// yang yod dam / rab 'byor gyis gsol pa / bcom ldan 'das / de bzhin gshegs pas gang gsungs pa'i chos de dag gang yang ma mchis so // bcom ldan 'das kyis bka' stsal pa / rab 'byor / 'di ji snyam du sems /	10.0
yAvat suBUte tri sAhasra mahA sAhasre lokaDAtO pRTivI rajaH kaccit tat bahu	stong gsum gyi stong chen po'i 'jig rten gyi khams na sa'i rdul phra rab ji snyed yod pa de mang ba yin nam / rab 'byor gyis gsol pa / bcom ldan 'das / sa'i rdul de mang lags so // bde bar gshegs pa /	81.17827464378486
Aha	mang lags so // de ci'i slad du zhe na / bcom ldan 'das / sa'i rdul gang lags pa de /	42.00548078733332
bahu Bagavan tat pRTivI rajaH arajaH taTAgatena BAzitaH tena ucyate pRTivI raja	rdul ma mchis par de bzhin gshegs pas gsungs pa'i slad du ste / des na / sa'i rdul zhes bgyi'o //	79.1149490735567
iti  yaH pi asO lokaDAtuH aDAtuH sa taTAgatena BAzitaH tena ucyate lokaDAtuH iti	'jig rten gyi khams gang lags pa de khams ma mchis par de bzhin gshegs pas gsungs te / des na / 'jig rten gyi khams zhes bgyi'o //	89.66521145318929
BagavAn Aha	bcom ldan 'das kyis bka' stsal pa / rab 'byor /	92.50192813163109
tat kim manyase suBUte dvAtRMSatA mahApuruza lakzaNEH taTAgataH drazwavyaH	'di ji snyam du sems / skyes bu chen po'i mtshan sum cu rtsa gnyis po de dag gis de bzhin gshegs pa dgra bcom pa yang dag par rdzogs pa'i sangs rgyas su blta'am / rab 'byor gyis gsol pa / bcom ldan 'das / de ni / ma lags so //	78.26436917556349
Aha  naH Bagavan tat kasya heto tAni tAni dvAtriMSat mahApuruza lakzaNAni taTAgatena BAzitAni alakzaNAni tena ucyante dvAtriMSat m	de ci'i slad du zhe na / skyes bu chen po'i mtshan sum cu rtsa gnyis po gang dag de bzhin gshegs pas gsungs pa de dag mtshan ma mchis par de bzhin @223b gshegs pas gsungs pa'i slad du ste / des na / de bzhin gshegs pa'i mtshan sum cu rtsa gnyis zhes bgyi'o //	86.6754124154709
BagavAn Aha yaH ca Kalu	bcom ldan 'das kyis bka' stsal pa / yang rab 'byor /	84.79933267373305
punar suBUte strI vA puruzaH vA gaMgA nadI vAlukA upamAn Atma BAvAn parityajet yaH cetaH Darma paryAyAt antaSas catuzpadikAm api gATAmpareByaH deSayet ayam eva	skyes pa'am bud med gang gis lus gangg'a'i klung gi bye ma snyed yongs su btang ba bas / gang gis chos kyi rnam grangs 'di las tha na tshig bzhi pa'i tshigs su bcad pa tsam bzung ste gzhan dag la yang bstan na /	84.48179875826011
tatonidAnam bahu puNyam prasaveta aprameyam asaMKyeyam	de gzhi de las bsod nams ches mang du grangs med dpag tu med pa bskyed do //	88.06538539057331
aTa Kalu AyuzmAm suBUtiH Darma pravegena asrUNi prAmuMcat saH srUNi prAmRjya Bagavantam etat avocat AScaryam	de nas tshe dang ldan pa rab 'byor chos kyi shugs kyis mchi ma phyung ste; des mchim phyis nas bcom ldan 'das la 'di skad ces gsol to // 'di ltar chos kyi rnam grangs 'di de bzhin gshegs pas gsungs pa ni / bcom ldan 'das /	81.2876007680776
Bagavan parama AScaryam sugata	ngo mtshar lags so // bde bar gshegs pa / ngo mtshar lags so //	86.46366052400498
yAvat ayam Darma paryAyaH taTAgatena BAzitaH yatas me Bagavam jQAnam utpannam na me jAtu ayam Darma paryAyaH SrUta pUrvaH parameNa	bcom ldan 'das / bdag gi ye shes skyes tshun chad bdag gis chos kyi rnam grangs 'di sngon nam yang ma thos so // bcom ldan 'das /	77.57034368155182
te Bagavan AScaryena samanvAgatAH Bavizyanti ye iha sUtre BAzyamANe BUta saMjQAm utpAdayizyanti	mdo bshad pa 'di la gang dag yang dag par 'du shes bskyed par 'gyur ba'i sems can de dag ni / ngo mtshar rab dang ldan par 'gyur lags so // de ci'i slad du zhe na; bcom ldan 'das /	86.82885725804218
yA ca ezA Bagavan BUta saMjQA sA evA xMjxA x smAt taTAgataH BAzate foliaH b g  Cak  du mm cz  par  tib	yang dag par 'du shes pa gang lags pa de nyid 'du shes ma mchis pa'i slad du ste / de bas na /	37.267026480407914
BU xxz BUta saMjQA iti	yang dag par 'du shes yang dag par 'du shes zhes de @224a *// bzhin gshegs pas gsungs so //	63.73650106624124
na me Bagavan AScaryam yat aham imam Darma paryAyam BAzyamANam avakalpayAmi aDimucya	bcom ldan 'das / bdag chos kyi rnam grangs 'di bshad pa la rtog cing mos pa ni / bdag la mos pa ma lags kyi; bcom ldan 'das /	87.47776299910397
ye te Bagavan satvAH imam Darma paryAyam udgrahIzyanti yAvat paryavApsyanti	slad ma'i tshe slad ma'i dus lnga brgya tha ma la sems can gang dag chos kyi rnam grangs 'di len pa dang / 'dzin pa dang / klog pa dang / kun chub par bgyid pa de dag ni /	81.7012510793977
te parama AScarya samanvAgatAH Bavizyanti	ngo mtshar rab dang ldan par 'gyur lags so // yang bcom ldan 'das / de dag ni /	83.62908889843777
api tu Kalu punar Bagavat na tezAm Atma saMjQA pravartsyate na satva saMjQA na jIva saMjQA na pudgala saMjQA	bdag tu 'du shes 'jug par mi 'gyur / sems can du 'du shes pa dang / srog tu 'du shes pa dang / gang zag tu 'du shes 'jug par mi 'gyur lags so // de ci'i slad du zhe na / bcom ldan 'das / bdag tu 'du shes pa dang / sems can du 'du shes pa dang / srog tu 'du shes pa dang / gang zag tu 'du shes pa gang lags pa de dag nyid 'du shes ma mchis pa'i slad du'o //	69.0246202536428
tat kasya hetoH sarva saMjQA apagata Ahi	de ci'i slad du zhe na /	66.5478008588155
budDAH BagavantaH BagavAn Aha	sangs rgyas bcom ldan 'das rnams ni / 'du shes thams cad dang bral ba'i slad du'o // de skad ces gsol pa dang / bcom ldan 'das kyis tshe dang ldan pa rab 'byor la 'di skad ces bka' stsal to // rab 'byor; de de bzhin no // de de bzhin te /	53.212463899448245
evam etat suBUte parama AScarya samanvAgatAH te Bavizyanti yaH imam Darma paryAyam SrutvA na uttrasizyanti na saMtrasizyanti na saMtrAsam Apatsyante	mdo 'di bshad pa 'di la gang dag mi skrag mi dang bzhing dngang bar mi 'gyur ba'i sems can de dag ni / ngo mtshar rab dang ldan par @224b 'gyur ro // de ci'i phyir zhe na /	79.32930679210727
tat kasya hetoH parama pAramitA iyam suBUte taTAgatena BAzitA yAm ca taTAgataH parama pAramitAm BAzate	rab 'byor / pha rol tu phyin pa dam pa 'di ni / de bzhin gshegs pas gsungs te /	69.76430434525534
tAm aparimANAH budDAH BagavantaH BAzante	pha rol tu phyin pa dam pa gang dag de bzhin gshegs pas gsungs pa de; sangs rgyas bcom ldan 'das dpag tu med pa rnams kyis kyang gsungs pa'i phyir te /	64.62296062394026
tena ucyate parama pAramitA iti	des na / pha rol tu phyin pa dam pa zhes bya'o // yang rab 'byor /	87.69225949952096
api tu Kalu punar suBUte yaH taTAgatasya kzAnti pAramitA sA eva apAra mitA	de bzhin gshegs pa'i bzod pa'i pha rol tu phyin pa gang yin pa de nyid pha rol tu phyin pa med do // de ci'i phyir zhe na / rab 'byor /	84.31168997747311
tat kasya hetoH yadA suBUte kali rAja aFga pratyaMga mAMsAni acCEtsIt na AsIn	gang gi tshe ka lingka'i rgyal pos nga'i yan lag dang / nying lag rnam par bcad par gyur pa de'i tshe nga la bdag tu 'du shes sam /	70.62122128809621
me tasmin samaye Atma saMjQA vA satva saMjQA vA jIva saMjQA vA pudgala saMjQA vA	sems can du 'du shes sam / srog tu 'du shes sam / gang zag tu 'du shes kyang ma byung zhing / nga la 'du shes ci yang med la / 'du shes med par gyur pa yang ma yin pa'i phyir ro // de ci'i phyir zhe na / rab 'byor / gal te de'i tshe bdag tu 'du shes byung na / de'i tshe gnod sems kyi 'du shes kyang 'byung la / sems can du 'du shes pa dang / srog tu 'du shes pa dang / gang zag tu 'du shes pa byung na /	49.22702848735904
vyApAda saMjQA vA api me tasmin samaye Bavizyat aBijAnAmi aham suBUte atIte Dvani paMca jAti SatAni	de'i tshe gnod sems kyi 'du shes kyang 'byung ba'i phyir ro // rab 'byor / ngas mngon par shes te; 'das pa'i dus na nga tshe rabs lnga brgyar bzod par smra ba zhes bya ba'i drang srong du gyur pa de na yang nga la bdag tu 'du shes ma byung /	77.27684327533467
yaH ham kzAnti vAdI RziH aBUvan tatra api me na Atma saMjQA aBUt na satva saMjQA na jIva saMjQA na pudgala saMjQA	sems can du 'du shes pa dang / srog tu 'du shes @225a *// pa dang / gang zag tu 'du shes pa ma byung ngo // rab 'byor /	77.06795763010369
tasmAt tarhi suBUte boDisatvena mahAsatvena sarva saMjQA varjayitvA foliaH a g  Cak  du	de lta bas na / byang chub sems dpa' sems dpa' chen pos 'du shes thams cad rnam par spangs te bla na med pa yang dag par rdzogs pa'i byang chub tu sems bskyed par bya'o // gzugs la mi gnas par sems bskyed par bya'o // sgra dang / dri dang / ro dang / reg bya dang / chos la'ang mi gnas par sems bskyed par bya'o // chos med pa la'ang mi gnas par sems bskyed par bya'o // ci la'ang mi gnas par sems bskyed par bya'o // de ci'i phyir zhe na / gnas pa gang yin pa de nyid mi gnas pa'i phyir te / de bas na / de bzhin gshegs pas 'di skad du / byang chub sems dpas mi gnas par sbyin pa sbyin par bya'o //	20.652635143642843
mm cz  par  tib	zhes gsungs so // yang rab 'byor / byang chub sems dpas 'di ltar sems can thams cad kyi don gyi phyir sbyin pa yongs su gtang bar bya'o // sems can du 'du shes pa gang yin pa de nyid kyang 'du shes med pa ste / de bzhin gshegs pas sems can thams cad ces gang gsungs pa de bdag nyid kyang med pa'o // de ci'i phyir zhe na / rab 'byor / de bzhin gshegs pa ni / yang dag par gsung pa / bden par gsung ba / de bzhin nyid du gsung ba ste / de bzhin gshegs pa ni / ma nor ba de bzhin nyid gsung ba'i phyir ro // @225b yang rab 'byor / de bzhin gshegs pas chos gang mngon par rdzogs par sangs rgyas pa'am / bstan pa de la ni / bden pa yang med / rdzun pa yang med do // rab 'byor / 'di lta ste; dper na / mig dang ldan pa'i mi zhig mun par zhugs na ci yang mi mthong ba de bzhin du gang dngos por lhung bas sbyin pa yongs su gtong ba'i byang chub sems dpar blta'o; ;rab 'byor / 'di lta ste / dper na / nam langs te nyi ma shar nas mig dang ldan pa'i mis gzugs rnam pa sna tshogs dag mthong ba de bzhin du gang dngos por ma lhung bas sbyin pa yongs su gtong ba'i byang chub sems dpar blta'o // yang rab 'byor / rigs kyi bu'am / rigs kyi bu mo gang dag chos kyi rnam grangs 'di len pa dang / 'dzin pa dang / klog pa dang / kun chub par byed pa dang / gzhan dag la yang rgya cher yang dag par rab tu ston pa de dag ni / de bzhin gshegs pas mkhyen / de dag ni / de bzhin gshegs pas gzigs te / sems can de dag thams cad ni / bsod nams kyi phung po dpag tu med pa bskyed par 'gyur ro // yang rab 'byor / skyes pa'am / bud med gang zhig snga dro'i dus kyi tshe lus gangg'a'i klung gi bye ma snyed yongs su gtong la / phyed kyi dus dang / phyi dro'i dus kyi tshe yang lus gangg'a'i klung gi bye ma snyed yongs su gtong ste / rnam grangs 'di lta @226a *// bur bskal pa bye ba khrag khrig 'bum phrag du mar lus yongs su gtong ba bas / gang gis chos kyi rnam grangs 'di thos nas mi spong na / de nyid gzhi de las bsod nams ches mang du grangs med dpag tu med pa bskyed na / gang gis yi ger bris nas len pa dang / 'dzin pa dang / klog pa dang / kun chub par byed pa dang / gzhan dag la yang rgya cher yang dag par rab tu ston pa lta ci smos / yang rab 'byor / chos kyi rnam grangs 'di ni / bsam gyis mi khyab cing mtshungs pa med de / chos kyi rnam grangs 'di ni; theg pa mchog la yang dag par zhugs pa'i sems can rnams kyi don dang / theg pa phul du phyin pa la yang dag par zhugs pa'i sems can rnams kyi don gyi phyir de bzhin gshegs pas gsungs so // gang dag chos kyi rnam grangs 'di len pa dang / 'dzin pa dang / klog pa dang / kun chub par byed pa dang / gzhan dag la yang rgya cher yang dag par rab tu ston pa de dag ni / de bzhin gshegs pas mkhyen / de dag ni / de bzhin gshegs pas gzigs te / sems can de dag thams cad ni / bsod nams kyi phung po dpag tu med pa dang ldan par 'gyur ro // bsod nams kyi phung po bsam gyis mi khyab pa dang / mtshungs pa med pa dang / gzhal du med pa dang / tshad med pa dang ldan @226b par 'gyur te /	10.0
HrimANena  sarve te satvAH mama aMsena boDim DArayizyanti	sems can de dag thams cad nga'i byang chub phrag pa la thogs par 'gyur ro //	82.51696490894311
tat kasya hetoH na hi Sakyam suBUte ayam Darma paryAyaH hIna aDimuktikEH satvEH Srotum	de ci'i phyir zhe na / rab 'byor / dman pa la mos pa rnams kyis chos kyi rnam grangs 'di mnyan par mi nus te /	83.74732008778764
na Atma dRzwikEH na satva jIva pudgala dRzwikEH	bdag tu lta ba rnams kyis ma yin / sems can du lta ba rnams kyis ma yin / srog tu lta ba rnams kyis ma yin zhing /	83.49791355150215
Sakyam Srotum udgrahItum vA yAvat paryavAptum vA na idam sTAnam vidyate	gang zag tu lta ba rnams kyis mnyan pa dang / blang ba dang / gzung ba dang / klog pa dang / kun chub par byed mi nus te / de ni / gnas med pa'i phyir ro //	76.9412753415373
api tu Kalu punar suBUte yatra pRTivI pradeSe idam sUtram prakASayizyati pUjanIyaH sa pRTivI pradeSaH Bavizyati	yang rab 'byor / sa phyogs gang na mdo sde 'di ston pa'i sa phyogs de /	66.5134702399797
sa deva mAnuza asurasya lokasya vandanIyaH pradakziNIkaraNIyaH ca etya BUta sa pRTivI pradeSaH Bavizyati	lha dang / mi dang / lha ma yin du bcas pa'i 'jig rten gyis mchod par 'os par 'gyur ro // sa phyogs de phyag bya bar 'os pa dang / bskor ba bya bar 'os par yang 'gyur ro // sa phyogs de ni / mchod rten lta bur 'gyur ro // rab 'byor /	85.13634894132768
ye te suBUte kula putrA vA kula duhitaraH vA imAn evaMrUpAn sUtrAntAn udgrahIzyanti yAvat paryavApsyanti	rigs kyi bu'am rigs kyi bu mo gang dag 'di lta bu'i mdo sde'i tshig 'di dag len pa dang / 'dzin pa dang / klog pa dang / kun chub par byed pa de dag ni / mnar bar 'gyur / shin tu mnar bar 'gyur ro // de ci'i phyir zhe na /	85.42465515487368
te pariBUtAH Bavizyanti su pariBUtAH yAni ca tezAm satvAnAm pUrva janmikAni aSuBAni karmANi	rab 'byor / sems can de dag gis tshe rabs snga ma'i mi dge ba'i las ngan song du skye bar 'gyur ba gang dag byas pa dag tshe 'di nyid la mnar bas / tshe rabs snga ma'i mi dge ba'i las de dag 'byang bar 'gyur te /	82.21120156740159
apAya saMvartanIyAni tAni dRzwaH eva Darme pariBUta tayA kzapayizyanti budda boDim ca anuprApsyanti	sangs rgyas kyi byang @227a *// chub kyang 'thob par 'gyur ba'i phyir ro //	59.61353519235939
aBijAnAmi aham suBUte atIte Dvani asaMKyeyEH kalpEH asaMKyeyatarEH	rab 'byor / ngas mngon par shes te / 'das pa'i dus bskal pa grangs med pa'i yang ches grangs med pa na /	91.52133973383397
dIpaMkarasya taTAgatasya arhataH samyaksaMbudDasya pareNa caturaSItiH budDa kowI niyuta Sata sahasrANi aBUvan yAni mayA ArAgitAni ArAna virAgitAni foliaH b g  Cak  du mm cz  par  tib	de bzhin gshegs pa dgra bcom pa yang dag par rdzogs pa'i sangs rgyas mar me mdzad kyi pha rol gyi yang ches pha rol na / sangs rgyas bye ba khrag khrig 'bum phrag brgyad cu rtsa bzhi dag byung ba ngas mnyes par byas te / mnyes par byas nas thugs ma phyung bar byas te / rab 'byor /	85.74217660837117
yat ca mayA suBUte te budDAH BagavantaH ArAgya na virAgi tA yat ca carime kAle paScimAyAm paMcASatyAm vartamAnAyAm imAm sUtrAntAn	sangs rgyas bcom ldan 'das de dag ngas mnyes par byas nas thugs byung bar ma byas pa gang yin pa dang / phyi ma'i dus lnga brgya tha mar gyur pa na / mdo sde 'di len pa dang / 'dzin pa dang / klog pa dang / kun chub par byed pa gang yin pa las / rab 'byor /	77.27980530192946
yAvat paryavApsyanti asya suBUte puNya skanDasya asO pUrvakaH puNya skanDaH SatatamIm api kalAt na upEti sahasratamIm api	bsod nams kyi phung po 'di la bsod nams kyi phung po snga mas brgya'i char yang mi phod /	69.59999894576121
Sata sahasratamIm api saMKyAm api kalAm api gaNanAm api upamAm api upaniSAm api na kzamate	stong gi cha dang / 'bum gyi cha dang / grangs dang / cha dang / bgrang ba dang / dpe dang / zla dang / rgyur yang mi bzod do // rab 'byor /	81.30520943610755
saced suBUte tezAm kula putrANAm kula duhitrINAm ca puNya skanDam BAzeyam yAvantaH te satvA kula putrAH kula duhitaraH ca tasmin sam parigrahIzyanti	gal te de'i tshe rigs kyi bu'am rigs kyi bu mo dag bsod nams kyi phung po ji snyed rab tu 'dzin par 'gyur ba'i rigs kyi bu'am rigs kyi bu mo de dag gi bsod nams kyi phung po ngas brjod na / sems can rnams myo myo por 'gyur te / sems 'khrugs par 'gyur ro // yang rab 'byor /	90.21214113120654
unmAdam satvAH anuprApnuyuH citta vikzepam vA gacCeyuH api tu Kalu punar suBUte acintyaH yam Darma paryAyaH asya acintyaH eva vipAkaH	chos kyi rnam @227b grangs 'di bsam gyis mi khyab ste / 'di'i rnam par smin pa yang bsam gyis mi khyab pa nyid du rig par bya'o // de nas bcom ldan 'das la tshe dang ldan pa rab 'byor gyis 'di skad ces gsol to // bcom ldan 'das /	80.49770532947784
Aha  kaTam Bagavan boDisatva yAna saMprasTitena sTAtavyam kaTam pratipattavyam kaTam cittam pragRhItavyam	byang chub sems dpa'i theg pa la yang dag par zhugs pas ji ltar gnas par bgyi / ji ltar bsgrub par bgyi / ji ltar sems rab tu gzungs bar bgyi /	86.1997341037784
BagavAn Aha	bcom ldan 'das kyis bka' stsal pa / rab 'byor /	92.50192813163109
iha suBUte boDisatva yAna saMprasTitena evam cittam utpAdayitavyam	'di la byang chub sems dpa'i theg pa la yang dag par zhugs pas 'di snyam du /	77.23864643720002
sarva satvAH mayA anupaDi Seze nirvANa DAtO parinirvApayitavyAH evam ca satvAn parinirvApya na kaScid satvaH parinirvApitaH Bavati	bdag gis sems can thams cad phung po lhag ma med pa'i mya ngan las 'das pa'i dbyings su yongs su mya ngan las bzla'o // de ltar sems can rnams yongs su mya ngan las bzlas kyang sems can gang yang yongs su mya ngan las bzlas par gyur pa med do // snyam du sems bskyed par bya'o //	83.04599090444931
tat kasya hetoH saced foliaH a g  Cak  du mm cz  par  tib	de ci'i phyir zhe na / rab 'byor /	32.410162939744836
suBUte boDisatvasya satva saMjQA pravarteta	gal te byang chub sems dpa' sems can du 'du shes 'jug na / byang chub sems dpa' zhes mi bya la / gang zag gi bar du 'du shes 'jug na yang de byang chub sems dpa' zhes mi bya ba'i phyir ro // de ci'i phyir zhe na /	57.81223612203997
jIva saMjQA pudgala saMjQA vA na sa boDisatvaH iti vaktavyaH tat kasya hetoH na asti suBUte sa DarmaH yaH boDisatva yAna saMprasTitaH nAm	rab 'byor / gang byang chub sems dpa'i theg pa la yang dag par zhugs pa zhes bya ba'i chos de gang yang med pa'i phyir ro // rab 'byor /	74.79931532673834
tat kim manyase	'di ji snyam du sems / de bzhin @228a *//	88.59789744237574
suBUte asti sa kaScid DarmaH yaH taTAgatena dIpaMkarasya taTAgatasya antikAt anuttarAm samyaksaMboDim aBisaMbudDaH Aha	gshegs pas de bzhin gshegs pa mar me mdzad las gang bla na med pa yang dag par rdzogs pa'i byang chub mngon par rdzogs par sangs rgyas pa'i chos de gang yang yod dam / de skad ces bka' stsal pa dang / bcom ldan 'das la tshe dang ldan pa rab 'byor gyis 'di skad ces gsol to // bcom ldan 'das; de bzhin gshegs pas de bzhin gshegs pa mar me mdzad las gang bla na med pa yang dag par rdzogs pa'i byang chub mngon par rdzogs par sangs rgyas pa'i chos de yang ma mchis so // de skad ces gsol pa dang / bcom ldan 'das kyis tshe dang ldan pa rab 'byor la 'di skad ces bka' stsal to // rab 'byor / de de bzhin no // de de bzhin te /	40.42443420847709
na asti sa Bagavan kaScid DarmaH yaH taTAgatena dIpaMkarasya taTAgatasya antikAt anuttarA samyaksaMboDim aBisaMbudDaH Aha	de bzhin gshegs pas de bzhin gshegs pa mar me mdzad las gang bla na med pa yang dag par rdzogs pa'i byang chub mngon par rdzogs par sangs rgyas pa'i chos de gang yang med do // rab 'byor / gal te de bzhin gshegs pas gang mngon par rdzogs par sangs rgyas pa'i chos de 'ga' zhig yod par gyur na / de bzhin gshegs pa mar me mdzad kyis nga la bram ze'i khye'u / khyod ma 'ongs pa'i dus na de bzhin gshegs pa dgra bcom pa yang dag par rdzogs pa'i sangs rgyas sh'akya thub pa @228b zhes bya bar 'gyur ro // zhes lung mi ston pa zhig na / rab 'byor / 'di ltar de bzhin gshegs pas gang bla na med pa yang dag par rdzogs pa'i byang chub mngon par rdzogs par sangs rgyas pa'i chos de gang yang med pas /	38.005679529696245
tasmAt aham dIpaMkareNa taTAgatena vyAkRtaH Bavizyasi tvam mANavAn Agate Dvani SAkyamuniH nAma taTAgataH	de'i phyir de bzhin gshegs pa mar me mdzad kyis ngal bram ze'i khye'u / khyod ma 'ongs pa'i dus na de bzhin gshegs pa dgra bcom pa yang dag par rdzogs pa'i sangs rgyas sh'akya thub pa zhes bya bar 'gyur ro // zhes lung bstan to // de ci'i phyir zhe na / rab 'byor / de bzhin gshegs pa zhes bya ba ni / yang dag pa de bzhin nyid kyi tshig bla dvags yin pa'i phyir ro //	64.41812777222495
rhan samyaksaMbudDaH tat kasya hetoH taTAgataH iti suBUte taTatAyAH etat aDivacanam yaH kaScid suBUte evam vadet taTAgatena anuttarsamyaksaMboDiH aBisaMbudDa iti	rab 'byor / gang la la zhig 'di skad du / de bzhin gshegs pa dgra bcom pa yang dag par rdzogs pa'i sangs rgyas kyis bla na med pa yang dag par rdzogs pa'i byang chub mngon par rdzogs par sangs rgyas so // zhes zer na / de log par smra ba yin no // de ci'i phyir zhe na /	91.07617263909545
na asti suBUte sa kaScid DarmaH yaH taTAgatena anuttarA samyaksaMboDiH aBisaMbudDaH	rab 'byor / de bzhin gshegs pas gang bla na med pa yang dag par rdzogs pa'i byang chub mngon par rdzogs par sangs rgyas pa'i chos de gang yang med pa'i phyir ro // rab 'byor /	89.75801590811487
yaH suBUte taTAgatena DarmaH BisaMbudDaH tatra na satyam na mRzAH tasmAt taTAgataH BAzate	de bzhin gshegs pas chos gang mngon par rdzogs par sangs rgyas pa de la bden pa yang med / rdzun pa yang med de / de bas na / de bzhin gshegs pas chos thams cad sangs rgyas @229a *// kyi chos so // zhes gsungs ngo // rab 'byor /	80.04218853637184
sarva DarmA budDa DarmAH iti	chos thams cad ces bya ba ni /	62.245353857676186
sarva DarmAH iti suBUte sarve te aDarmAH tena ucyante sarva DarmAH iti	de dag thams cad chos med pa yin te / de bas na / chos thams cad sangs rgyas kyi chos zhes bya'o // rab 'byor / 'di lta ste /	91.63101879353668
tat yaTA api nAma suBUte puruzaH Bavet upeta kAyaH mahA kAyaH suBUtiH Aha  yaH foliaH b g  Cak  du mm cz  par  tib	dper na / mi zhig lus dang ldan zhing lus chen por gyur pa bzhin no // tshe dang ldan pa rab 'byor gyis gsol pa; bcom ldan 'das /	68.34338580194964
sO taTAgatena puruzaH BAzitaH upeta kAyaH mahA kAyaH akAyaH sa Bagavan taTAgatena BAzitaH tena ucyate upeta kAyaH mahA kAyaH BagavAn Aha	de bzhin gshegs pas mi zhig lus dang ldan zhing lus chen po zhes gang gsungs pa de / de bzhin gshegs pas lus ma mchis par gsungs te / des na / lus dang ldan zhing lus chen po zhes bgyi'o // bcom ldan 'das kyis bka' stsal pa /	89.92853559328813
evam etat suBUte	rab 'byor / de de bzhin te /	93.32302270616803
yaH boDisatvaH evam vadet aham satvAn parinirvApayizyAmi iti	byang chub sems dpa' gang 'di skad du / bdag gis sems can rnams yongs su mya ngan las bzla'o // zhes zer na / de byang chub sems dpa' zhes mi bya'o // de ci'i phyir zhe na /	77.03410438564252
na sa boDisatvaH iti vaktavyaH tat kasya hetoH asti suBUte sa kaScid DarmaH yaH boDisatvaH nAma Aha	rab 'byor / gang byang chub sems dpa' zhes bya ba'i chos de gang yang yod dam / rab 'byor gyis gsol pa /	79.61025183243049
no hi idam Bagavan	bcom ldan 'das / de ni / ma mchis lags so //	90.87965306368741
BagavAn Aha	bcom ldan 'das kyis bka' stsal pa / rab 'byor / de bas na / de bzhin gshegs pas chos thams cad ni / sems can med pa / srog med pa / gang zag med pa'o // zhes gsung ngo //	58.49659772720811
tasmAt taTAgataH BAzate niHsatvAH sarva DarmAH nirjIvAH nizpudgalAH yaH suBUte boDisatvaH evam vadet aham kzetra vyUhAt nizpAdayizyA	rab @229b 'byor; byang chub sems dpa' gang zhig 'di skad du / bdag gis zhing bkod pa rnams bsgrub bo // zhes zer na /	67.0546368504442
saH pi taTA eva	de yang de bzhin du brjod par bya'o // de ci'i phyir zhe na /	44.04204506756829
vaktavyaH tat kasya hetoH kzetra vyUhAH kzetra vyUhAH iti suBUte avyUhAH te taTAgatena BAzitAH tena ucyante kzetra vyUhAH iti	rab 'byor zhing bkod pa rnams zhing bkod pa rnams zhes bya ba de ni / de dag bkod pa med par de bzhin gshegs pas gsungs pa'i phyir te / des na zhing bkod pa rnams zhes bya'o //	87.01067565231943
yaH suBUte boDisatvaH nirAtmAnaH DarmAH nirAtmAnaH	rab 'byor; byang chub sems dpa' gang zhig chos rnams ni / bdag med pa'o // chos rnams ni / bdag med pa'o //	81.93380861105007
DarmAH iti aDimucyate sa taTAgatena arhatA samyaksaMbudDena boDisatvaH boDisatvaH iti AKyAtaH tat kim manyase suBUte saMvidyate taTAmAMsacakzuH Aha	zhes mos pa de ni / de bzhin gshegs pa dgra bcom pa yang dag par rdzogs pa'i sangs rgyas kyis byang chub sems dpa' byang chub sems dpa'o // zhes brjod do // rab 'byor / 'di ji snyam du sems / de bzhin gshegs pa la sha'i spyan mnga'am / rab 'byor gyis gsol pa /	88.59651243951888
evam etat Bagavan	bcom ldan 'das / de de lta lags te /	92.70426310433282
saMvidyate taTAgatasya mAMsa cakzuH	de bzhin gshegs pa la sha'i spyan mnga'o // bcom ldan 'das kyis bka' stsal pa / rab 'byor / 'di ji snyam du sems / de bzhin gshegs pa la lha'i spyan mnga'am / rab 'byor gyis gsol pa / bcom ldan 'das / de de lta lags te / de bzhin gshegs pa la lha'i spyan mnga'o //	42.96421687169605
BagavAn Aha	bcom ldan 'das kyis bka' stsal pa / rab 'byor /	92.50192813163109
tat kim manyase suBUte saMvidyate taTAgatasya divyam cakzuH prajQAcakzuH Darma cakzuH budDacakzuH Aha evam etat Bagavan saMvidyate foliaH a g  Cak  du mm cz  par  tib	'di ji snyam du sems / de bzhin gshegs pa la shes rab kyi spyan mnga'am / rab 'byor / @230a *// gyis gsol pa / bcom ldan 'das / de de lta lags te / de bzhin gshegs pa la shes rab kyi spyan mnga'o // bcom ldan 'das kyis bka' stsal pa / rab 'byor / 'di ji snyam du sems / de bzhin gshegs pa la chos kyi spyan ma nga'am / rab 'byor gyis gsol pa / bcom ldan 'das / de de lta lags te /	63.45546535259776
divyam cakzuH prajQAcakzuH Darma cakzuH budDacakzuH	de bzhin gshegs pa la chos kyi spyan mnga'o // bcom ldan 'das kyis bka' stsal pa / rab 'byor / 'di ji snyam du sems / de bzhin gshegs pa la sangs rgyas kyi spyan mnga'am / rab 'byor gyis gsol pa / bcom ldan 'das / de de lta lags te / de bzhin gshegs pa la sangs rgyas kyi spyan mnga'o //	45.33696691183721
BagavAn Aha	bcom ldan 'das kyis bka' stsal pa / rab 'byor /	92.50192813163109
tat kim manyase suBUte yAvantyaH gaMgA nadyAm vAlukAH tAvantya gaMgA nadyaH BaveyuH tAsu yAH vAlukAH tAvantaH eva lokaDAtavaH	'di ji snyam du sems / gangg'a'i klung gi bye ma ji snyed pa gangg'a'i klung yang de snyed du gyur la / de dag gi bye ma ji snyed pa de snyed kyi 'jig rten gyi khams su gyur na /	85.81037853260734
BaveyuH kaccit bahavaH te lokaDAtavaH BaveyuH BagavAn Aha	'jig rten gyi khams de dag ci mang ba yin nam / rab 'byor gyis gsol pa / bcom ldan 'das / de de lta lags te / 'jig rten gyi khams de dag mang ba lags so // bcom ldan 'das kyis bka' stsal pa /	74.90961647424108
yAvantaH suBUte tezu lokaDAtuzu satvAH tezAm aham nAnA BAvAm citta DArAm jAnIyAH tat kasya hetoH	rab 'byor / 'jig rten gyi khams de dag na sems can ji snyed yod pa de dag gi bsam pa tha @230b dad pa'i sems kyi rgyun ngas rab tu shes so // de ci'i phyir zhe na / rab 'byor / sems kyi rgyun zhes bya ba ni / de rgyun med par de bzhin gshegs pas gsungs pa'i phyir te /	75.18165673267795
citta DArA citta DArAH iti suBUte aDArAH tAH taTAgatena BAzitAH tena ucyante citta DArA iti	des na; sems kyi rgyun zhes bya'o //	48.006879512447945
tat kasya hetoH atItam suBUte cittam na upalaByate	de ci'i phyir zhe na / rab 'byor / 'das pa'i sems kyang dmigs su med /	87.77850055082685
anAgatam cittam na upalaByate	ma 'ongs pa'i sems kyang dmigs su med /	90.64574471498148
pratyutpannam na upalaByate	da ltar byung ba'i sems kyang dmigs su med pa'i phyir ro // rab 'byor /	82.58313444634558
tat kim manyase suBUte yaH imam tri sAhasra mahA sAhasram lokaDAtum sapta ratna paripUrNam kRtvA dAnam dadyAt api nu sa kula putraH vA	'di ji snyam du sems / gang gis stong gsum gyi stong chen po'i 'jig rten gyi khams 'di rin po che sna bdun gyis yongs su gang bar byas te sbyin pa byin na / rigs kyi bu'am / rigs kyi bu mo de /	93.0701672694119
vA tatonidAnam bahu puNyam prasaveta Aha	gzhi de las bsod nams mang du bskyed dam / rab 'byor gyis gsol pa / bcom ldan 'das /	85.36533538106004
bahu Bagavan bahu sugata	mang lags so // bde bar gshegs pa / mang lags so //	90.40681175624623
BagavAn Aha	bcom ldan 'das kyis bka' stsal pa / rab 'byor /	92.50192813163109
evam etat suBUte evam etat bahu sa kula putraH vA kula duhitA vA tatonidAnam	de de bzhin no // de de bzhin te / rigs kyi bu'am; rigs kyi bu mo de /	87.39169122525287
bahu puNyam prasaveta	gzhi de las bsod nams kyi phung po mang du bskyed do // rab 'byor /	79.72793030027134
saced suBUte puNya skanDaH Bavizyan na taTAgataH BAzizyat puNya skanDaH puNya skanDaH iti	gal te bsod nams kyi phung po bsod nams kyi phung por gyur na / bsod nams kyi phung po bsod nams kyi phung po zhes de bzhin gshegs pas mi gsung ngo // rab 'byor /	88.7715914155241
tat kim manyase suBUte rUpa kAya parinizpattyA taTAgataH drazwavyaH foliaH b g  Cak  du	'di ji snyam du sems / gzugs kyi sku yongs su grub pas de bzhin gshegs @231a *// par blta'am / rab 'byor gyis gsol pa / bcom ldan 'das /	73.84518604438432
mm cz  par  tib	de ni / ma lags te /	46.99417805671692
Aha  naH Bagavat na rUpa kAya parinizpattyA taTAgataH drazwavyaH tat kasya hetoH rUpa kAya parinizpattiH rUpa kAya parinizpattiH iti apaezA taTAgatena	gzugs kyi sku yongs su grub pas de bzhin gshegs par mi blta'o // de ci'i slad du zhe na / bcom ldan 'das / gzugs kyi sku yongs su grub pa / gzugs kyi sku yongs su rdzogs pa zhes bgyi ba ni / de yongs su grub pa ma mchis par de bzhin gshegs pas gsungs pa'i slad du ste /	90.27843897878842
BAzitA tena ucyate rUpa kAya parinizpattiH iti	des na / gzugs kyi sku yongs su grub pa zhes bgyi'o //	87.63907377808182
Bagavan Aha	bcom ldan 'das kyis bka' stsal pa; rab 'byor /	67.47726402075395
tat kim manyase suBUte lakzaNa saMpadA taTAgataH drazwavyaH Aha	'di ji snyam du sems / mtshan phun sum tshogs pas / de bzhin gshegs par blta'am / rab 'byor gyis gsol pa / bcom ldan 'das /	87.34400408893339
naH Bagavat na lakzaNa saMpadA taTAgataH	de ni; ma lags te / mtshan phun sum tshogs pas de bzhin gshegs par mi blta'o // de ci'i slad du zhe na /	70.92827334318906
drazwavyaH tat kasya hetoH yA ezA lakzaNa saMpad taTAgatena BAzitA alakzaNa saMpad ezA taTAgatena BAzitA tena ucyate lakzaNa saMpad it	de bzhin gshegs pas mtshan phun sum tshogs par gang gsungs pa de / mtshan phun sum tshogs pa ma mchis par de bzhin gshegs pas gsungs pa'i slad du ste / des na / mtshan phun sum tshogs pa zhes bgyi'o //	84.81188899564471
BagavAn Aha	bcom ldan 'das kyis bka' stsal pa / rab 'byor /	92.50192813163109
tat kim manyase	'di ji snyam du sems /	88.71443193609065
suBUte api nu taTAgatasya evam Bavati na mayA DarmaH deSitaH iti	de bzhin gshegs pa 'di snyam du / ngas chos bstan to zhes dgongs so // snyam na / @231b rab 'byor / de ltar mi blta ste / de bzhin gshegs pas gang bstan pa'i chos de gang yang med do //	78.32294067853206
yaH suBUte evam vadet taTAgatena DarmaH deSitaH iti	rab 'byor / su zhig 'di skad du / de bzhin gshegs pas chos bstan to; ;zhes zer na / rab 'byor / de ni /	86.30694070533225
aByAcakzIta mAMsa suBUte asatAt udgRhItena	med pa dang / log par zin pas nga la skur bar 'gyur ro // de ci'i phyir zhe na /	66.29573265482726
tat kasya hetoH Darma deSanA Darma deSanA iti suBUte na asti sa kaScid DarmaH yaH Darma deSanA nAma upalaByate	rab 'byor / chos bstan pa zhes bya ba dmigs par 'gyur ba'i chos bstan pa chos bstan pa zhes bya ba de / gang yang med pa'i phyir ro // de nas bcom ldan 'das la tshe dang ldan pa rab 'byor gyis 'di skad gsol to // bcom ldan 'das /	82.87776954906117
Aha asti Bagavan kecid satvAH Bavizyanti anAgate Dvani ye imAn evaMrUpAn DarmAn BAzyamANAm cSrutvA aBiSraddaDAsyanti	ma 'ongs pa'i dus na sems can gang dag 'di lta bu'i chos bstan pa 'di thos nas mngon par yid ches par 'gyur ba mchis sam /	81.18187622738955
BagavAn Aha	bcom ldan 'das kyis bka' stsal pa; rab 'byor / de dag ni / sems can yang ma yin / sems can med pa yang ma yin no // de ci'i phyir zhe na /	64.13321172463513
na te suBUte satvAH na asatvAH tat kasya hetoH sarva satvAH iti suBUte asatvAH te taTAgatena BAzitAH tena ucyante foliaH  g  Cac  du	rab 'byor / sems can rnams zhes bya ba ni / de bzhin gshegs pas de dag sems can med par gsungs pa'i phyir te /	60.3386969504175
mm cz  par  tib	des na /	59.996741771698005
sarva satvAH iti	sems can rnams zhes bya'o //	78.16439924921308
tat kim manyase suBUte api tu asti sa kaScid DarmaH yaH taTAgatena anuttarA samyaksaMboDiH aBisaMbudDaH Aha	rab 'byor / 'di ji snyam du sems / de bzhin gshegs pas gang bla na med pa yang dag par rdzogs pa'i byang chub mngon par rdzogs par sangs rgyas pa'i chos de gang yang yod dam / tshe dang ldan pa rab 'byor gyis gsol pa /	90.0563256063677
na asti sa Bagavan kaScid DarmaH yaH taTAgatena anuttarA samyaksaMboDiH aBisaMbudDaH BagavAn Aha	@232a *// bcom ldan 'das / de bzhin gshegs pas gang bla na med pa yang dag par rdzogs pa'i byang chub mngon par rdzogs par sangs rgyas pa'i chos de gang yang ma mchis lags so // bcom ldan 'das kyis bka' stsal pa /	88.9119680465576
evam etat suBUte evam etat aNuH api tatra DarmaH na saMvidyate na upalaByate tena ucyate nuttarA samyaksaMboDiH iti  api	rab 'byor / de de bzhin no // de de bzhin te /	41.188562694027276
tu Kalu punar suBUte samaH sa DarmaH na tatra kiMcid vizamaH tena ucyate nuttarA samyaksaMboDiH iti	de chos cung zad kyang med cing mi dmigs te / des na / bla na med pa yang dag par rdzogs pa'i byang chub ces bya'o // yang rab 'byor / chos de ni / mnyam pa ste / de la mi mnyam pa gang yang med pas des na /	81.5873727389979
nirjIva tvena niHsatva tvena nizpudgala tvena samA sA anuttarA samyaksaMboDiH	bla na med pa yang dag par rdzogs pa'i byang chub ces bya'o // bla na med pa yang dag par rdzogs pa'i byang chub de ni / bdag med pa dang / sems can med pa dang / srog med pa dang / gang zag med par mnyam pa ste /	74.31241761667926
sarvEH kuSalEH DarmEH aBisaMbuDyate	dge ba'i chos thams cad kyis mngon par rdzogs par 'tshang rgya'o // rab 'byor /	84.0641196808838
kuSalAH DarmAH kuSalAH DarmAH iti suBUte aDarmAH ca eva te taTAgatena BAzitAH tena ucyante kuSalAH DarmAH iti	dge ba'i chos rnams dge ba'i chos rnams zhes bya ba ni / de dag de bzhin gshegs pas chos med pa nyid du gsungs te / des na dge ba'i chos rnams zhes bya'o //	90.4945225319094
yaH ca Kalu	yang rab 'byor / rigs kyi bu'am /	43.921202858289085
punar suBUte yAvantaH tri sAhasra mahA sAhasre lokaDAtO sumeravaH parvata rAjAH tAvataH rASIn saptAnAm ratnAnAm aBisaMhRtya dAnam dayaH cetaH prajQApAramitAyAH	rigs kyi bu mo gang la la zhig gis stong gsum gyi stong chen po'i 'jig rten gyi khams na ri'i rgyal po ri rab gang dag ji snyed @232b yod pa de tsam gyi rin po che sna bdun gyi phung po mngon par bsdus te sbyin pa byin pa bas / gang gis shes rab kyi pha rol tu phyin pa 'di las tha na tshig bzhi pa'i tshigs su bcad pa tsam bzung nas gzhan dag la pa bas / yang bstan na /	76.82684440148782
antaSas catuzpadikAm api gATAm udgRhya pareByaH deSayet asya suBUte puNya skanDasya asO pUrvakaH puNya skanDaH SatatamIm api kalAn n yAvat upaniSAm foliaH  g  Cac  du mm cz  par  tib api na kzamate	rab 'byor / bsod nams kyi phung po 'di la bsod nams kyi phung po snga ma des brgya'i char yang mi phod pa nas rgyu'i bar du yang nye bar mi bzod do //	49.13460485602659
tat kim manyase suBUte api nu taTAgatasya evam Bavati	rab 'byor / 'di ji snyam du sems / de bzhin gshegs pa 'di snyam du /	90.08704420412504
mayA satvAH mocitAH iti	ngas sems can rnams dkrol lo zhes dgongs so // snyam na /	71.44568814311111
na Kalu punar suBUteH evam drazwavyam	rab 'byor / de de ltar mi blta'o //	82.74234863689968
tat kasya hetoH na sa kaScid satvaH	de ci'i phyir zhe na / rab 'byor / de bzhin gshegs pas gang bkrol ba'i sems can de dag gang yang med pa'i phyir ro // rab 'byor /	72.83895375184984
yaH taTAgatena mocitaH yadi punar suBUte kaScid satvaH Bavizyat yaH taTAgatena mocitaH saH eva tasya Atma grAhaH Bavizyat satva grAhaH	gal te de bzhin gshegs pas sems can gang la la zhig bkrol bar gyur na / de nyid de bzhin gshegs pa'i bdag tu 'dzin par 'gyur / sems can du 'dzin pa dang / srog tu 'dzin pa dang / gang zag tu 'dzin par 'gyur ro // rab 'byor /	82.4943735245996
Atma grAhaH iti suBUte agrAhaH eza taTAgatena BAzitaH sa ca bAla pRTagjanEH udgRhItaH bAla pRTagjanAH iti suBUte ajanAH ete taTAgatena	bdag tu 'dzin ces bya ba ni / de 'dzin pa med par de bzhin gshegs pas gsungs na / de yang byis pa so so'i skye bo rnams kyis bzung ngo // rab 'byor / byis pa so so'i skye bo rnams zhes bya ba ni / de dag skye bo med pa nyid du de bzhin gshegs pas gsungs @233a *//	86.85424003725095
BAzitAH tena ucyaMte bAla pRTagjanAH iti	te; des na / byis pa so so'i skye bo rnams zhes bya'o // rab 'byor /	84.52428826000018
tat kim manyase suBUte lakzaNa saMpadA taTAgataH drazwavyaH Aha evam etat Bagavat lakzaNa saMpadA taTAgataH drazwavyaH	'di ji snyam du sems / mtshan phun sum tshogs pas de bzhin gshegs par blta'am / rab 'byor gyis gsol pa / bcom ldan 'das / de ni / ma lags te / mtshan phun sum tshogs pas de bzhin gshegs par mi blta'o //	86.17394922754235
BagavAn Aha	bcom ldan 'das kyis bka' stsal pa / rab 'byor / de de bzhin te / mtshan phun sum tshogs pas de bzhin gshegs par mi blta'o //	60.53676999706591
saced punar suBUte lakzaNa saMpadA taTAgataH drazwavyaH Bavizyat rAjA api cakravartI taTAgataH Bavizyat Aha	rab 'byor / gal te mtshan phun sum tshogs pas de bzhin gshegs par blta bar gyur na / 'khor los bsgyur ba'i rgyal po yang de bzhin gshegs par 'gyur te / de bas na / mtshan phun sum tshogs pas de bzhin gshegs par mi blta'o // de nas bcom ldan 'das la tshe dang ldan pa rab 'byor gyis 'di skad ces gsol to //	77.1318947967834
yaTA aham BagavataH BAzitasya arTam AjAnAmi	bcom ldan 'das kyis gsungs pa'i don bdag gis 'tshal ba ltar na /	86.71622213458217
na lakzaNa saMpadA taTAgataH drazwavyaH	mtshan phun sum tshogs pas de bzhin gshegs par mi blta'o //	86.18137566113876
aTa Kalu BagavAn tasyAm velAyAm imAH gATAH aBAzataH	de nas bcom ldan 'das kyis de'i tshe tshigs su bcad pa 'di dag bka' stsal to // gang dag nga la gzugs su mthong //	94.49749430475698
ye mAm rUpeNa adrAkzuH ye mAm GozeNa anvayuH miTyA prahANa prasRtA foliaH  g  Cac  du mm cz  par  tib	gang dag nga la sgrar shes pa // log par spong bas zhugs pa ste // skye bo de dag nga mi mthong // @233b sangs rgyas rnams ni chos nyid blta //	57.14238261665541
na mAm drakzyanti te janAH drazwavyaH DarmataH budDaH Darma kAyaH taTAgataH DarmatA ca api avijQeyA na sA Sakyam vijAnitum	'dren pa rnams ni chos kyi sku // chos nyid shes par bya min pas // de ni rnam par shes mi nus //	67.69949447299118
tat kim manyase suBUte lakzaNa saMpadA taTAgatena anuttarA	rab 'byor / 'di ji snyam du sems / mtshan phun sum tshogs pas de bzhin gshegs pa dgra bcom pa yang dag par rdzogs pa'i sangs rgyas so // snyam du 'dzin na / rab 'byor / khyod kyis de ltar mi blta ste /	69.68888811504792
samyaksaMboDiH aBisaMbudDAH na Kalu punar suBUte evam drazwavyam na suBUte lakzaNa saMpadA taTAgatena anuttarA samyaksaMboDiH aBis yat Kalu punar	rab 'byor; mtshan phun sum tshogs pas de bzhin gshegs pa dgra bcom pa yang dag par rdzogs pa'i sangs rgyas kyis bla na med pa yang dag par rdzogs pa'i byang chub mngon par rdzogs par sangs rgyas pa med do // rab 'byor / 'di snyam du /	88.81443905726705
suBUte syAt evam boDisatva yAna saMprasTitEH kasyacid Darmasya vinASaH prajQapte ucCedaH vA na Kalu punar suBUte evam drazwavyam	byang chub sems dpa'i theg pa la yang dag par zhugs pa rnams kyis chos la la zhig rnam par bshig gam / chad par btags pa snyam du 'dzin na / rab 'byor / de ltar mi blta ste /	79.72464914030158
na boDisatva yAna saMprasTitEH kasyacid	byang chub sems dpa'i theg pa la yang dag par zhugs pa rnams kyis chos gang yang rnam par bshig pa'am / chad par btags pa med do //	65.73893141680945
Darmasya vinASaH prajQaptaH na ucCedaH yaH ca Kalu punar suBUte kula putraH vA kula duhitA vA gaMgA nadI vAlukA upamAt lokaDAtUn saptaratkRtvA taTAgateByaH	yang rab 'byor / rigs kyi bu'am / rigs kyi bu mo gang gis 'jig rten gyi khams gangg'a'i bye ma snyed dag rin po che sna bdun gyis rab tu gang bar byas te sbyin par byin pa bas /	76.60101498325191
rhadByaH samyaksaMbudDeByaH dAnam dadyAt yaH ca boDisatvaH nirAtmakezu Darmezu kzAntim pratilaBeta	byang chub sems dpa' gang zhig chos rnams bdag med cing skye ba med pa la bzod pa bas /	70.11381792176373
ayam eva tatas bahutaram puNyam prasaveta	pa thob na / de nyid @234a *// gzhi de las bsod nams kyi phung po ches mang du bskyed do //	89.88482632449757
na Kalu punar suBUte boDisatvena puNya skanDaH parigrahItavyaH Aha	yang rab 'byor / byang chub sems dpas bsod nams kyi phung po yongs su gzung bar mi bya'o // tshe dang ldan pa rab 'byor gyis gsol pa / bcom ldan 'das /	86.5968592189924
puNya skanDaH Bagavan parigrahItavyaH BagavAn Aha	byang chub sems dpas bsod nams kyi phung po yongs su gzung bar mi bgyi lags sam / bcom ldan 'das kyis bka' stsal pa / rab 'byor /	80.7402993664906
parigrahItavyaH suBUte na udgrahItavyaH tena ucyate parigrahItavyaH foliaH  g  Cac  du	yongs su gzung mod kyi / log par mi gzung ste /	54.74761741240539
mm cz  par  tib	des na / yongs su gzung ba zhes bya'o //	57.55871915817261
api tu Kalu punar suBUte yaH kaScid evam vadet taTAgataH gacCati vA AgacCati vA	rab 'byor / gang la la zhig 'di skad du / de bzhin gshegs pa bzhud dam / byon tam /	79.26260426190547
tizWati vA nizIdati vA SayyAm vA kalpayati	bzhengs sam / bzhugs sam / mnal bar mdzad do // zhes de skad zer na /	75.3110217644431
na me sa BAzitasya arTam AjAnAti tat kasya hetoH	des na ngas bshad pa'i don mi shes so; ;de ci'i phyir zhe na / rab 'byor / de bzhin gshegs pa zhes bya ba ni / gar yang ma bzhud /	80.35464414660663
taTAgataH iti suBUte na kutaScid AgataH na kvacid gataH tena ucyate taTAgataH rhan samyaksaMbudDaH iti	gang nas kyang ma byon pa'i phyir te / des na / de bzhin gshegs pa dgra bcom pa yang dag par rdzogs pa'i sangs rgyas zhes bya'o //	79.07170458892374
yaH ca Kalu punar suBUte kula putraH vA kula duhitA vA yAvantaH tri sAhasra mahA sAhasre	yang rab 'byor / rigs kyi bu'am / rigs kyi bu mo gang gis stong gsum gyi stong chen po'i 'jig rten gyi khams na sa'i rdul rnams ji snyed yod pa de dag 'di lta ste /	92.62170318576777
lokaDAtO pRTivI rajAMsi tAvataH lokaDAtUn mazim kuryAt tat yaTA api nAma paramANu saMcayaH tat kim manyase suBUte bahu sa paramANu saMBavet Aha evam	dper na / rdul phra rab kyi tshogs bzhin du phye mar byas na / rab 'byor / 'di ci snyam du sems / rdul @234b phra rab kyi tshogs de mang ba yin nam / rab 'byor gyis gsol pa /	80.11467567750178
etat Bagavan bahu sa paramANu saMcayaH Bavet tat kasya hetoH saced Bagavan saMcayaH Bavizyan na BagavAn avakzyat paramANu saMcayaH i	bcom ldan 'das / de de ltar lags te /	10.0
tat kasya hetoH yaH sO paramANu saMcayaH	rdul phra rab kyi tshogs de mang ba lags so // de ci'i slad du zhe na; bcom ldan 'das / gal te tshogs shig mchis par gyur na / bcom ldan 'das kyis rdul phra rab kyi tshogs zhes bka' mi stsol ba'i slad du'o // de ci'i slad du zhe na /	67.17083625881439
BAzitaH asaMcayaH sa BagavatA BAzitaH tena ucyate paramANu saMcayaH iti	bcom ldan 'das kyis rdul phra rab kyi tshogs zhes gang gsungs pa de tshogs ma mchis par de bzhin gshegs pas gsungs pa'i slad du ste / des na /	75.95066074895742
yat ca taTAgataH BAzati tR sAhasra mahA sAhasraH lokaDAtuH iti aDAtuH sa taTAgatena	rdul phra rab kyi tshogs zhes bgyi'o; ;de bzhin gshegs pas stong gsum gyi stong chen po'i 'jig rten gyi khams zhes gang gsungs pa de /	88.72766267800496
BAzitaH tena ucyate tri sAhasra mahA sAhasraH lokaDAtuH iti	khams ma mchis par de bzhin gshegs pas gsungs te; des na / stong gsum gyi stong chen po'i 'jig rten gyi khams zhes bgyi'o // de ci'i slad du zhe na /	86.19577861248048
tat kasya hetoH saced Bagavan DAtuH aBavizyat saH eva Bagavan piNxa grAhaH Bavizyat yaH ca eva taTAgatena piNxa grAhaH foliaH  g  Cac  du mm cz  par  tib	bcom ldan 'das / gal te khams shig mchis par gyur na / de nyid ril por 'dzin par 'gyur ba'i slad du'o //	46.39089746082283
BAzitaH agrAhaH sa taTAgatena BAzitaH tena ucyate piNxa grAhaH iti	de bzhin gshegs pas ril por 'dzin par gang gsungs pa de / 'dzin pa ma mchis par de bzhin gshegs pas gsungs te / des na; ril por 'dzin pa zhes bgyi'o //	82.478953125395
BagavAn Aha	bcom ldan 'das kyis bka' stsal pa / rab 'byor / ril por 'dzin pa nyid ni / tha snyad de /	73.79382782839657
piNxa grAhaH ca eva avyavahAraH naBilApyaH suBUte sa DarmaHsa bAla pRTagjanEH	chos de ni / brjod du med pa yin na / @235a *// de yang byis pa so so'i skye bo rnams kyis bzung ngo // rab 'byor /	82.96481760832867
udgRhItaH tat kasya hetoH yaH kaScid suBUte evam vadet Atma dRzwiH taTAgatena BAzitA satva dRzwiH jIva dRzwiH pudgala dRzwiH api nusa samyak vadan vadet	gang la la zhig 'di skad du / de bzhin gshegs pas bdag tu lta bar gsungs shing / de bzhin gshegs pas sems can du lta ba dang / srog tu lta ba dang / gang zag tu lta bar gsungs so // zhes zer na / rab 'byor / de yang yang dag par smra bas smra ba yin nam / rab 'byor gyis gsol pa / bcom ldan 'das / de ni / ma lags so // bde bar gshegs pa / de ni / ma lags so // de ci'i slad du zhe na /	67.95305087213998
Aha  naH Bagavan tat kasya hetoH yA sA Bagavan Atma dRzwiH taTAgatena BAzitA adRzwiH sA taTAgatena BAzitA tena ucyate Atma dRzwiH	bcom ldan 'das / de bzhin gshegs pas bdag tu lta bar gang gsungs pa de / lta ba ma mchis par de bzhin gshegs pas gsungs pa'i slad du sta / des na /	77.50712795812396
BagavAn Aha	bdag tu lta ba zhes bgyi'o; ;bcom ldan 'das kyis bka' stsal pa / rab 'byor /	59.886593617891016
evam suBUte boDisatva yAna saMprasTitena sarva DarmAH jQAtavyAH aDimoktavyAH taTA ca ADimA uktavyA yaTA na Darma saMjQA api pratyupatizWet tat kasya hetoH Darma saMjQA	byang chub sems dpa'i theg pa la yang dag par zhugs pa rnams kyis 'di ltar chos thams cad shes par bya; blta bar bya / mos par bya ste / ci nas chos su 'du shes pa la yang mi gnas pa de ltar mos par bya'o // de ci'i phyir zhe na /	84.28904110219271
Darma saMjQA iti suBUte asaMjQA ezA taTAgatena BAzitA tena ucyate Darma saMjQA iti	rab 'byor / chos su 'du shes chos su 'du shes zhes bya ba ni / 'du shes med par de bzhin gshegs pas gsungs pa'i phyir te / des na / chos su 'du shes zhes bya'o //	87.8794045417916
yaH ca Kalu punar suBUte boDisatvaH mahAsatvaH aprameya asaMKyeyAt lokaDAtUn sapta ratna paripUrNAn	yang rab 'byor / byang chub @235b sems dpa' sems dpa' chen po gang gis 'jig rten gyi khams dpag tu med cing grangs med pa dag rin po che sna bdun gyis rab tu gang bar byas te sbyin pa byin pa bas / rigs kyi bu'am /	86.16248148556045
kRtvA dAnam dadyAt yaH ca kula putraH vA kula duhitA vA itas prajQApAramitAyAH antaSas catuzpadikAm api gATAm udgRhya DArayet deSay foliaH  g  Cac  du mm cz  par  tib	rigs kyi bu mo gang gis shes rab kyi pha rol tu phyin pa 'di las tha na tshig bzhi pa'i tshigs su bcad pa tsam blangs nas 'dzin tam / klog gam / kun chub par byed dam / gzhan dag la yang rgya cher yang dag par rab tu ston na /	73.11336605588374
eva tatas bahutaram puNyam prasaveta aprameyam asaMKyeyam	de nyid gzhi de las bsod nams mang du grangs med dpag tu med pa bskyed do // ji ltar yang dag par rab tu ston ce na /	88.2015372620892
kaWam ca saMprakASayet yaTA na prakASayet tena ucyate saMprakASaye iti	ji ltar yang dag par rab tu mi ston pa de bzhin du ste / des na / yang dag par rab tu ston pa zhes bya'o //	76.89503626210809
tArakA timiram dIpaH mAyA avaSyAya budbudaH supinam vidyut aBram ca evam drazwavya saMskRtam	skar ma rab rib mar me dang // sgyu ma zil ba chu bur dang // rmi lam glog dang sprin lta bu // 'dus byas de ltar blta bar bya //	84.24903961946521
idam avocat BagavAn Atta manA sTavira suBUtiH te ca Bikzu BikzuNI upAsa kopAsikAH sa deva mAnuza asura ganDarvaS ca lokaH BagavataH BAzitam aByanandan		84.24903961946521

