vat  foliaH  cz	@215a / /rgya gar skad du /a'arya badzra tstshe da ka n'a ma pra dzny'a pa ra mi ta ma h'a ya na s'u tra / bod skad du / 'phags pa shes rab kyi pha rol tu phyin pa rdo rje gcod pa zhes bya ba theg pa chen po'i mdo /	27.773322972754105
namaH SAkya munaye taTAgatAya arhate samyaksaMbudDAya	sangs rgyas dang byang chub sems dpa' thams cad la phyag 'tshal lo //	76.7431620110425
evam mayA Srutam ekasmin samaye BagavAn	'di skad bdag gis thos pa dus gcig na /	80.28694009780884
SrAvastyAm viharati sma jetavane anATapiNxadasya ArAme mahatA Bikzu saMGena sArDam arDa trayodaSaBiH Bikzu SatEH	bcom ldan 'das mnyan du yod pa na rgyal bu rgyal byed kyi tshal mgon med zas sbyin gyi kun dga' ra ba na dge slong stong nyis brgya lnga bcu'i dge slong gi dge 'dun chen po dang / byang chub sems dpa' sems dpa' chen po rab tu mang po dang thabs gcig tu bzhugs te /	86.48205534530811
aTa Kalu BagavAn pUrvAhNa kAla samaye nivAsya pAtra cIvaram AdAya SrAvastIm mahA nagarIm piNxAya prAviSat	de nas bcom ldan 'das snga dro'i dus kyi tshe sham thabs dang chos gos sku la gsol te lhung bzed @215b bsnams nas mnyan yod kyi grong khyer chen por bsod snyoms kyi phyir zhugs so //	95.60783731841822
aTa Kalu BagavAn SrAvastIm mahA nagarIm piNxAya caritvA paScAt Bakta piNxa pAta pratikrAntaH pAdO prakzAlya nyazIdat BagavAn prajQapte eva Asane paryaMkam ABujyaH Rjum kAyam praNiDAya pratimuKam smRtim upasTApya	de nas bcom ldan 'das mnyan yod kyi grong khyer chen por bsod snyoms kyi phyir gshegs nas bsod snyoms kyi zhal zas mjug tu gsol te zas kyi bya ba mdzad nas zas phyi ma'i bsod snyoms spangs pas / lhung bzed dang chos gos bzhag nas zhabs bsil te gdan bshams pa la skyil mo krung bcas nas sku drang por bsrang ste dran pa mngon du bzhag / nas bzhugs so //	93.20717701164604
aTa saMbahulAH BikzavaH yena BagavAn tena upasaMkkraman upasaMkkramya BagavataH pAdO SirasA aBivandya BagavaMtam tRH pradakziNIkRtvAnyazIdan vat  foliaH  cz  p	de nas dge slong mang po bcom ldan 'das ga la ba der dong ste lhags nas bcom ldan 'das kyi zhabs la mgo bos phyag 'tshal te bcom ldan 'das la lan gsum bskor ba byas nas phyogs gcig tu 'khod do //	82.84640164009501
tena Kalu punar samayena AyuzmAn suBUtiH tasyAm eva parizadi sannipatitaH BUt sannizaNNaH	yang de'i tshe tshe dang ldan pa rab 'byor 'khor de nyid du 'dus par gyur te 'dug go /	83.25493026737149
aTa Kalu AyuzmAn suBUtiH utTAya AsanAt eka aMsam uttarAsaMgam kRtvA dakziNam jAnu maNxalam pRTivyAm pratizWApya yena BagavAn tena aMjpraNAmya BagavaMtam etat avocat	de nas tshe dang ldan pa rab 'byor stan las langs te bla gos phrag pa gcig tu gzar nas pus mo g-yas pa'i lha nga sa la btsugs te bcom ldan 'das ga la ba de logs su thal mo sbyar ba btud de bcom ldan 'das la 'di skad ces gsol to // bcom ldan 'das /	93.3183968137249
AScaryam Bagavan yAvat eva taTAgatena arhatA samyaksaMbudDena boDisatvAH mahAsatvAH anuparigRhItAH parameNa anugraheNa	de bzhin gshegs pa dgra bcom pa yang dag par rdzogs pa'i sangs rgyas kyis byang chub sems dpa' sems dpa' chen po rnams la phan gdags pa'i dam pa ji snyed pas phan btags pa dang / de bzhin gshegs pa dgra bcom pa yang dag par rdzogs pa'i @216a *//	78.25692281757259
yAvat eva taTAgatena boDisatvAH parittAH paramayA parindanayA	sangs rgyas kyis byang chub sems dpa' sems dpa' chen po rnams yongs su gtad pa'i dam pa ji snyed pas yongs su gtad pa ni / bcom ldan 'das / ngo mtshar lags so // bde bar gshegs pa / ngo mtshar lags so //	71.28549187715966
kaTam Bagavan boDisatva yAna saMprasTitena sTAtavyam	bcom ldan 'das / byang chub sems dpa'i theg pa la yang dag par zhugs pas ji ltar gnas par bgyi /	90.1001611941309
kaTam pratipattavyam	ji ltar bsgrub par bgyi /	74.61289572715759
kaTam cittam pratigRhItavyam	ji ltar sems rab tu gzung bar bgyi /	79.73714102639093
evam ukte BagavAn AyuzmaMtam suBUtim etat avocat	de skad ces gsol pa dang / bcom ldan 'das kyis tshe dang ldan pa rab 'byor la 'di skad ces bka' stsal to; ;rab 'byor / legs so // legs so // rab 'byor / de de bzhin no // de de bzhin te /	74.12077667329226
sADu sADu suBUte evam etat suBUte anuparigRhItAH taTAgatena boDisatvAH parameNa anugraheNa	de bzhin gshegs pas byang chub sems dpa' sems dpa' chen po rnams la phan gdags pa'i dam pas phan btags so //	73.86334135332876
parittAH taTAgatena boDisatvAH para mayA anuparindanayA	de bzhin gshegs pas byang chub sems dpa' sems dpa' chen po rnams la yongs su gtad pa'i dam pas yongs su gtad do // rab 'byor /	73.310276718748
tena hi suBUte SRNu sADu ca suzWu ca manasikuru BAzizye yaTA boDisatva yAna saMprasTitena sTAtavyam yaTA pratipattavyam	de'i phyir nyon la legs par rab tu yid la zungs shig dang / byang chub sems dpa'i theg pa la yang dag par zhugs pas ji ltar gnas par bya ba dang / ji ltar bsgrub par bya ba dang / ji ltar sems rab tu gzung bar bya ba ngas khyod la bshad do // bcom ldan 'das /	86.48158424456047
yaTA cittam pratigRhItavyam	de bzhin no //	48.03535948480878
evam Bagavan iti AyuzmAn suBUtiH BagavataH pratyaSrOzIt vat m foliaH  cz  p BagavAn tAn etat avocat	zhes gsol nas tshe dang ldan pa rab 'byor bcom ldan 'das @216b kyi ltar nyan pa dang / bcom ldan 'das kyis 'di skad ces bka' stsal to // rab 'byor /	85.4102636820239
iha suBUte boDisatva yAna saMprasTitEH evam cittam utpAdayitavyam	'di la byang chub sems dpa'i theg pa la yang dag par zhugs pas 'di snyam du / bdag gis ji tsam sems can du bsdu bas bsdus pa sgo nga las skyes pa'am /	75.68653947334252
yAvaMtaH satvAH satva saMgraheNa saMgRhItaH aNxa jAH vA jarAyu jAH vA saMsveda jA vA upapAdukA	mngal nas skyes pa'am / drod gsher las skyes pa'am / brdzus te skyes pa'am / gzugs can nam /	73.66613038732677
vA rUpiNaH vA arUpiNaH vA saMjQinaH vA asaMjQinaH vA na eva saMjQinaH na asaMjQinaH yAvat	gzugs med pa'am / 'du shes can nam / 'du shes med pa'am / 'du shes med 'du shes med min nam /	77.69773017586479
satva DAtuH prajQapyamAnaH prajQapyate te mayA sarve anupaDi Seze nirvANa DAtO parinirvApayitavyAH	sems can gyi khams ji tsam sems can du gdags pas btags pa de dag thams cad phung po lhag ma med pa'i mya ngan las 'das pa'i dbyings su yongs su mya ngan las bzla'o //	89.31612976441124
evam aparimANAn ca satvAn parinirvApayitavyAH na ca kaScid satvaH parinirvApitaH Bavati	de ltar sems can tshad med pa yongs su mya ngan las bzlas kyang sems can gang yang yongs su mya ngan las bzlas par gyur pa med do // snyam du sems bskyed par bya'o //	83.65825754495408
tat kasmAt DetoH	de ci'i phyir zhe na / rab 'byor /	67.43730954562916
saced suBUte boDisatvasya satva saMjQA pravartate na sa boDisatvaH iti vaktavyaH	gal te byang chub sems dpa' sems can du 'du shes 'jug na / de byang chub sems dpa' zhes mi bya ba'i phyir ro //	88.31432476646698
tat kasya hetoH	de ci'i phyir zhe na / rab 'byor /	97.06946214507607
na sa suBUte boDisatvaH vaktavyaH yasya satva saMjQA pravarteta jIva saMjQA vA pudgala saMjQA vA pravarteta vat  foliaH  cz  p	gang sems can du 'du shes 'jug gam / srog tu 'du shes 'jug gam / gang zag tu 'du shes 'jug na / de byang chub sems dpa' zhes mi bya ba'i phyir ro //	70.32860235591023
api tu Kalu punar suBUte boDisatvena na vastu pratizWitena dAnam dAtavyam	yang rab 'byor / byang chub sems dpas dngos po la mi gnas par sbyin pa sbyin no //	81.2462306100502
na kvacid pratizWitena dAnam dAtavyam	chos gang la yang mi gnas par @217a *// sbyin pa sbyin no //	79.25332768758138
na rUpa pratizWitena dAnam dAtavyam na Sabda ganDa rasa sprazwavyezu na Darma pratizWitena dAnam dAtavyam	gzugs la'ang mi gnas par sbyin pa sbyin par bya'o // sgra dang / dri dang / ro dang / reg bya dang / chos la'ang mi gnas par sbyin pa sbyin no; ;rab 'byor /	83.43134010504937
evam hi suBUte boDisatvena dAnam dAtavyam yaTA na nimitta saMjQAyAm pratitizWet	ci nas mtshan mar 'du shes pa la'ang mi gnas pa de ltar byang chub sems dpas sbyin pa sbyin no //	82.85955127692584
tat kasya hetoH	de ci'i phyir zhe na / rab 'byor /	97.06946214507607
yaH suBUte boDisatvaH apratizWitaH dAnam dadAti tasya suBUte puNya skanDasya na sukaram pramANam udgrahItum	byang chub sems dpa' gang mi gnas par sbyin pa sbyin pa de'i bsod nams kyi phung po ni / rab 'byor / tshad gzung bar sla ba ma yin pa'i phyir ro //	86.33296068421224
tat kim manyase suBUte sukaram pUrvasyAm diSi AkASasya pramANam udgrahItum	rab 'byor / 'di ji snyam du sems / shar phyogs kyi nam mkha'i tshad gzung bar sla'am /	86.68012407723826
suBUtiH Aha	rab 'byor gyis gsol pa /	91.06404050191243
no hi idam Bagavan	bcom ldan 'das / de ni / ma lags so // bcom ldan 'das kyis bka' stsal pa /	88.22558214213397
evam dakziNa paScima uttarAsu aDas UrDvam vidikzuH avidikzu daSasu dikzu sukaram AkASasya pramANam udgrahItum	de bzhin du lho dang / nub dang / byang dang / steng dang / 'og gi phyogs dang / phyogs mtshams dang / phyogs bcu'i nam mkha'i tshad gzung bar sla'am /	83.53037405604698
suBUtiH Aha	rab 'byor gyis gsol pa / bcom ldan 'das /	87.55539935391124
na hi idam Bagavan	de ni / ma lags so //	88.81106301716396
BagavAn Aha	bcom ldan 'das kyis bka' stsal pa / rab 'byor /	92.50193409209557
evam etat suBUte evam etat suBUte yaH boDisatvaH pratizWitaH dAnam dadAti tasya puNya skanDasya na sukaram pramANam udgrahItum api tu Kalu punar suBUte evam boDisatvena dAna mayam puNya kRyA vastum dAnam dAtavyam vat  foliaH  cz	de bzhin du byang chub sems dpa' gang mi gnas pa'i sbyin pa sbyin pa de'i bsod nams kyi phung po yang tshad gzung bar sla ba ma yin no // rab 'byor /	39.75706924214645
tat kim manyase suBUte taTAgataH lakzaNa saMpadAH drazwavyaH	'di ji snyam du sems / mtshan phun sum tshogs pas de bzhin gshegs par blta'am / rab 'byor gyis gsol pa / bcom ldan 'das /	85.68512879325682
BagavAn Aha na lakzaNa saMpadA taTAgataH drazwavyaH	@217b de ni; ma lags te / mtshan phun sum tshogs pas de bzhin gshegs par mi blta'o //	83.03320407867432
tat kasya hetoH	de ci'i slad du zhe na /	97.06714129447937
yA sA taTAgatena lakzaNa saMpad BAsitA sA eva alakzaNa saMpad	de bzhin gshegs pas mtshan phun sum tshogs par gang gsungs pa de nyid mtshan phun sum tshogs pa ma mchis pa'i slad du'o //	76.7011674409529
evam ukte BagavAn AyuzmaMtam suBUtim etat avocat	de skad ces gsol pa dang / bcom ldan 'das kyis tshe dang ldan pa rab 'byor la 'di skad ces bka' stsal to // rab 'byor 'di ji snyam du sems /	79.59211297765644
yAvat suBUte lakzaNam tAvat mRzA	mtshan phun sum tshogs pa de tsam du rdzun no //	62.518435080846146
yAvat alakzaNam tAvat amRzA	ji tsam du mtshan phun sum tshogs pa med pa de tsam du mi rdzun te /	68.07762506428887
iti hi lakzaNa alakzaNataH taTAgataH drazwavyaH vat  foliaH  cz	de ltar de bzhin gshegs pa la mtshan dang mtshan med par blta'o //	60.62400377192656
evam ukte AyuzmAn suBUtiH BagavaMtam etat avocat	de skad ces bka' stsal pa dang / bcom ldan 'das la tshe dang ldan pa rab 'byor gyis 'di skad ces gsol to //	85.93049682258467
asti Bagavan kecid satvAH BavizyaMti anAgate Dvani paScimAyAm paMcASatyAm vartamAnAyAm ye imezu evaMrUpezu sUtra aMtapadezu BAzyaBUta saMjQAm utpAdayizyaMti	bcom ldan 'das / ma 'ongs pa'i dus lnga brgya tha ma la dam pa'i chos rab tu rnam par 'jig par 'gyur ba na sems can gang la la dag 'di lta bu'i mdo sde'i chig bshad pa 'di la yang dag par 'du shes bskyed par 'gyur ba lta mchis sam /	85.84861988558649
BagavAn Aha	bcom ldan 'das kyis bka' stsal pa / rab 'byor /	92.50193409209557
mA tvam suBUte evam vocat	khyod 'di skad du /	67.10586273042779
asti kecid satvAH BavizyaMti anAgate Dvani ye imezu evaMrUpezu sUtra aMtapadezu BAzyamANezu BUta saMjQAm utpAdayizyaMti	ma 'ongs pa'i dus lnga brgya tha ma la dam pa'i chos rab tu rnam par 'jig par 'gyur ba na sems can gang la la dag 'di lta bu'i mdo sde'i tshig bshad pa 'di la yang dag par 'du shes bskyed par 'gyur ba lta mchis sam zhes ma zer cig /	83.303923774455
api tu Kalu punar suBUte BavizyaMti anAgate Dvani boDisatvAH mahAsatvA paScimAyAm paMcASatyAm sat Darma vipralope vartamAne SIlavaprajQAvaMtaH BavizyaMti	yang rab 'byor / ma 'ongs pa'i dus lnga @218a *// brgya tha ma la dam pa'i chos rab tu rnam par 'jig par 'gyur ba na byang chub sems dpa' sems dpa' chen po tshul khrims dang ldan pa / yon tan dang ldan pa /	79.22059669665815
na Kalu punar suBUte boDisatvAH ekabudDa paryupAsitAH BavizyaMti	shes rab dang ldan pa dag 'byung ste / rab 'byor / byang chub sems dpa' sems dpa' chen po de dag kyang sangs rgyas gcig la bsnyen bkur byas pa ma yin /	83.17687643974516
na eka budDa avaropita kuSala mUlA BavizyaMti	sangs rgyas gcig la dge ba'i rtsa ba bskyed pa ma yin gyi / rab 'byor / sangs rgyas brgya stong mang po la bsnyen bkur byas shing /	77.67584257667846
api tu Kalu punar suBUte anekabudDa paryupAsitA BavizyaMti aneka budDa avaropita kuSala mUlA BavizyaMti	sangs rgyas brgya stong du ma la dge ba'i rtsa ba dag bskyed pa'i byang chub sems dpa' sems dpa' chen po dag 'byung ngo // rab 'byor /	79.79159042244109
ye imezu evaMrUpezu sUtra aMtapadezu BAzyamANezu ekacitta prasAda mAtram api pratilapsyaMte	gang dag 'di lta bu'i mdo sde'i tshig bshad pa 'di la sems dad pa gcig tsam rnyed par 'gyur ba de dag ni; rab 'byor / de bzhin gshegs pas mkhyen to // rab 'byor / de dag ni /	77.32181596652057
jQAtAH te suBUte taTAgatena dRzwAH te suBUte taTAgatena sarve te aprameyam puNya skaMDam prasavizyaMti pratigRhIzyaMti	de bzhin gshegs pas gzigs te / rab 'byor / sems can de dag thams cad ni / bsod nams kyi phung po dpag tu med pa bskyed cing rab tu sdud par 'gyur ro //	81.86631797014988
tat kasya hetoH	de ci'i phyir zhe na / rab 'byor / byang chub sems dpa' sems dpa' chen po de dag ni / bdag tu 'du shes 'jug par mi 'gyur zhing /	80.3069484153902
na hi tezAm suBUte boDisatvAnAm Atma saMjQA pravartsyate na satva saMjQA na jIva saMjQA na pudgala saMjQA pravartsyate	sems can du 'du shes pa ma yin / srog tu 'du shes pa ma yin te / gang zag tu'ang 'du shes 'jug par mi 'gyur ba'i phyir ro // rab 'byor /	81.2339898035104
na api tezAm suBUte boDisatvAnAm Darma saMjQA pravartsyate na aDarma saMjQA na api tezAm saMjQA na asaMjQA pravartsyate	byang chub @218b sems dpa' sems dpa' chen po de dag chos su 'du shes pa dang / chos med par yang 'du shes mi 'jug ste / de dag ni / 'du shes dang / 'du shes med par yang 'du shes 'jug par mi 'gyur ro //	87.97971422227522
tat kasya hetoH	de ci'i phyir zhe na / rab 'byor /	97.0694561846116
saced suBUte tezAm boDisatvAnAm Darma saMjQA pravartsyate saH eva tezAm Atma grAhaH Bavet	gal te byang chub sems dpa' sems dpa' chen po de dag chos su 'du shes 'jug na / de nyid de dag gi bdag tu 'dzin par 'gyur zhing /	84.90278698534067
satva grAhaH jIva grAhaH pudgala grAhaH Bavet	sems can du 'dzin pa dang / srog tu 'dzin pa dang / gang zag tu 'dzin par 'gyur ba'i phyir ro //	72.61367863444974
saced aDarma saMjQA pravarteta saH eva tezAm Atma grAhaH Bavet	gal te chos med par 'jug na'ang de nyid de dag gi bdag tu 'dzin par 'gyur zhing /	84.02771305585816
satva grAhaH jIva grAhaH pudgala grAhaH iti	sems can du 'dzin pa dang / srog tu 'dzin pa dang / gang zag tu 'dzin par 'gyur ba'i phyir ro //	76.08613300756126
tat kasya hetoH	de ci'i phyir zhe na / yang rab 'byor /	96.54872762239897
na Kalu punar suBUte Darma udgrahItavyaH na aDarmaH	byang chub sems dpas chos kyang log par gzung bar mi bya ste / chos ma yin pa yang mi gzung ba'i phyir ro //	82.43681832103013
tasmAt idam sanDAya taTAgatena BAzitam kola upamam Darma paryAyam AjAnadBiH DarmAH eva prahAtavyAH prAk eva aDarmAH vat  foliaH  cz	de bas na / de las dgongs te de bzhin gshegs pas chos kyi rnam grangs 'di gzings lta bur shes pa rnams kyis chos rnams kyang spang bar bya na / chos ma yin pa rnams lta ci smos zhes gsungs so //	82.0549141451861
punar aparam BagavAn AyuzmaMtam suBUtim etat avocat	gzhan yang bcom ldan 'das kyis tshe dang ldan pa rab 'byor la 'di skad ces bka' stsal to; ;rab 'byor /	86.89362240922814
tat kim manyase suBUte kAcid taTAgatena anuttarA samyaksaMboDiH aBisaMbudDA	'di ji snyam du sems / de bzhin gshegs pas gang bla na med pa yang dag par rdzogs pa'i byang chub mngon par rdzogs par sangs rgyas pa'i chos de gang yang yod @219a *//	79.06867586196512
kaScid vA DarmaH taTAgatena deSitaH suBUtiH Aha	dam; de bzhin gshegs pas chos gang yang bstan tam / de skad ces bka' stsal pa dang / bcom ldan 'das la tshe dang ldan pa rab 'byor gyis 'di skad ces gsol to // bcom ldan 'das /	68.09390093284787
yaTA aham Bagavan BagavataH BAzitasya arTam AjAnAmi na asti sa kaScid DarmaH yaH taTAgatena anuttarA samyaksaMboDiH aBisaMbudDA na asti sa kaScid DarmaH yaH taTAgatena deSitaH	bcom ldan 'das kyis gsungs pa'i don 'di bdag gis 'tshal ba ltar na / de bzhin gshegs pas gang bla na med pa yang dag par rdzogs pa'i byang chub mngon par rdzogs par sangs rgyas pa'i chos de gang yang ma mchis so // de bzhin gshegs pas gang bstan pa'i chos de gang yang ma mchis so //	93.92171061083458
tat kasya hetoH	de ci'i slad du zhe na /	97.06714129447937
yaH sO taTAgatena DarmaH deSitaH	de bzhin gshegs pas chos gang yang mngon par rdzogs par sangs rgyas pa'am bstan pa de ni /	70.2500688660797
agrAhyaH saH naBilapyaH	gzung du ma mchis / brjod du ma mchis te /	69.59466543651762
na sa DarmaH na aDarmaH	de ni / chos kyang ma lags / chos ma mchis pa yang ma lags pa'i slad du'o //	87.23638401533428
tat kasya hetoH	de ci'i slad du zhe na /	97.06714129447937
asaMskRta praBAvitAH hi Arya pudgalAH vat  foliaH  cz	'phags pa'i gang zag rnams ni / 'dus ma bgyis kyis rab tu phye ba'i slad du'o // bcom ldan 'das kyis bka' stsal pa / rab 'byor /	63.61731486335286
tat kim manyase suBUte yaH imAm tR sAhasra mahA sAhasrAm lokaDAtum sapta ratna pratipUrNam kRtvA dAnam dadyAt	'di ji snyam du sems / rigs kyi bu'am / rigs kyi bu mo gang la la zhig gis stong gsum gyi stong chen po'i 'jig rten gyi khams 'di rin po che sna bdun gyis rab tu gang bar byas te sbyin pa byin na /	90.12746108284826
tat kim manyase suBUte api nu sa kula putraH vA kula duhitA vA tatonidAnam bahu puNyam prasunuyAt	rigs kyi bu'am / rigs kyi bu mo de gzhi de las bsod nams kyi phung po mang du bskyed dam /	80.11973573745843
suBUtiH Aha	@219b rab 'byor gyis gsol pa / bcom ldan 'das /	81.49836830382652
bahu Bagavan bahu sugata	mang lags so // bde bar gshegs pa / mang lags te /	90.84667210578918
sa kula putraH vA kula duhitA vA tatonidAnam bahu puNyam prasunuyAt tat kasya hetoH	rigs kyi bu'am / rigs kyi bu mo de gzhi de las bsod nams kyi phung po mang du bskyed do; ;de ci'i slad du zhe na / bcom ldan 'das /	92.22736403844051
saH eva Bagavan askanDaH	bsod nams kyi phung po de nyid phung po ma mchis pa'i slad du ste / des na /	63.37187803419013
tasmAt taTAgataH BAzate puNya skanDaH askanDaH iti BagavAn Aha	de bzhin gshegs pas bsod nams kyi phung po bsod nams kyi phung po // zhes gsungs so // bcom ldan 'das kyis bka' stsal pa /	79.57495212259667
yaH ca Kalu punar suBUte kula putraH vA kula duhitA vA imAm tR sAhasrA mahA sAhasrAm lokaDAtum sapta ratna pratipUrNam kRtvA dAnam dady	rab 'byor / rigs kyi bu'am / rigs kyi bu mo gang gis stong gsum gyi stong chen po'i 'jig rten gyi khams 'di rin po che sna bdun gyis rab tu gang bar byas te sbyin pa byin pa bas /	90.06505809623454
yaH cetaH Darma paryAyat aMtaSaH catuzpadikAm api gATAm udgRhya pareByaH deSayet saMprakASayet ayam eva tatonidAnam bahutaram puNy aprameyam asaMKyeyam tat kasya hetoH	gang gis chos kyi rnam grangs 'di las tha na tshig bzhi pa'i tshigs su bcad pa gcig tsam bzung nas gzhan dag la yang 'chad cing yang dag par rab tu ston na / de gzhi de las bsod nams kyi phung po ches mang du grangs med dpag tu med pa bskyed do // de ci'i phyir zhe na /	91.22972965702438
atas nirjAtA hi suBUte taTAgatAnAm anuttarA samyaksaMboDiH	rab 'byor / de bzhin gshegs pa dgra bcom pa yang dag par rdzogs pa'i sangs rgyas rnams kyi bla na med pa yang dag par rdzogs pa'i byang chub ni / 'di las byung ste /	82.9419120625317
atas nirjAtAH ca budDAH BagavaMtaH	sangs rgyas bcom ldan 'das rnams kyang 'di las skyes pa'i phyir ro //	75.97194727563473
tat kasmAt DetoH	de ci'i phyir zhe na / rab 'byor /	67.43730954562916
budDa DarmAH budDa DannAH iti suBUte abudDa DarmAH ca eva te vat a foliaH  cz	sangs rgyas kyi chos rnams sangs rgyas kyi chos rnams zhes bya ba ni / sangs rgyas kyi chos de dag med par de bzhin gshegs @220a *// pas gsungs pa'i phyir te / des na / sangs rgyas kyi chos rnams zhes bya'o //	73.1311647510878
tat kim manyase suBUte	rab 'byor / 'di ji snyam du sems /	94.37741276797126
api nu srotApannasya evam Bavati mayA srotApatti Palam prAptam iti	rgyun du zhugs pa 'di snyam du / bdag gis rgyun du zhugs pa'i 'bras bu thob bo snyam du sems sam /	83.88190505660805
suBUtiH Aha	rab 'byor gyis gsol pa /	91.06404050191243
no hi idam Bagavan BagavAn Aha	bcom ldan 'das / de ni / ma lags so //	89.14868776421798
tat kasya hetoH	de ci'i slad du zhe na / bcom ldan 'das / de ni /	95.88827660618996
na hi sa Bagavan kiMcid ApannaH	ci la'ang zhugs pa ma mchis pa'i slad du ste /	79.9284070160078
tena ucyate srotApannaH iti	des na / rgyun du zhugs pa zhes bgyi'o // gzugs la'ang ma zhugs / sgra la ma lags / dri la ma lags /	63.01306125268109
na rUpam ApannaH na SabdAn na ganDAn na rasAn na sprazwavyAt na DarmAn ApannaH	ro la ma lags / reg bya la ma lags / chos la'ang ma zhugs te /	74.4531556891643
tena ucyate srotApannaH iti vat b foliaH  cz	des na / rgyun du zhugs pa zhes bgyi'o // bcom ldan 'das / gal te rgyun du zhugs pa de 'di snyam du / bdag gis rgyun du zhugs pa'i 'bras bu tho ba bo; ;snyam du sems par gyur na / de nyid de'i bdag tu 'dzin par 'gyur lags so // sems can du 'dzin pa dang / srog tu 'dzin pa dang / gang zag tu 'dzin par 'gyur lags so //	34.58665624678734
BagavAn Aha	bcom ldan 'das kyis bka' stsal pa / rab 'byor /	92.50193409209557
tat kim manyase suBUte api nu sakRdAgAminaH evam Bavet mayA sakRdAgAmi Palam prAptam iti	'di ji snyam du sems / lan gcig phyir 'ong ba 'di snyam du / bdag gis lan gcig phyir 'ong ba'i 'bras bu thob bo // snyam du sems sam /	91.46934736559915
suBUtiH Aha	rab 'byor gyis gsol pa /	91.06404050191243
no hi idam Bagavan BagavAn Aha	bcom ldan 'das / de ni / ma lags so //	89.14868776421798
tat kasya hetoH na sakRdAgAminaH evam Bavati mayA sakRdAgAmi Palam prAptam iti tat kasmAt DetoH	de ci'i slad du zhe na /	30.6709896826599
na hi sa kaScid DarmaH yaH sakRdAgAmi tvam ApannaH	gang lan gcig phyir 'ong ba nyid du zhugs pa'i chos de gang yang ma @220b mchis pa'i slad du ste /	90.13069973083367
tena ucyate sakRdAgAmi iti vat c foliaH  cz	des na / lan gcig phyir 'ong ba zhes bgyi'o //	59.28409091286038
BagavAn Aha	bcom ldan 'das kyis bka' stsal pa / rab 'byor /	92.50193409209557
tat kim manyase suBUte api nu anAgAminaH evam Bavati mayA anAgAmi Palam prAptam iti	'di ji snyam du sems / phyir mi 'ong ba 'di snyam du / bdag gis phyir mi 'ong ba'i 'bras bu thob bo // snyam du sems sam / rab 'byor gyis gsol pa / bcom ldan 'das de ni /	90.3198420173963
tat kasya hetoH	ma lags so // de ci'i slad du zhe na /	96.83792332599037
na sa kaScid DarmaH yaH na AgAmi iti samanupaSyati	gang phyir mi 'ong ba nyid du zhugs pa'i chos de gang yang ma mchis pa'i slad du ste /	87.63736032860547
tena ucyate anAgAmi iti vat d foliaH  cz	des na / phyir mi 'ong ba zhes bgyi'o //	55.6557080745697
BagavAn Aha	bcom ldan 'das kyis bka' stsal pa / rab 'byor /	92.50193409209557
tat kim manyase suBUte	'di ji snyam du sems /	81.02562046051025
api nu arhataH evam Bavati mayA arha tvam prAptam iti	dgra bcom pa 'di snyam du / bdag gis dgra bcom pa nyid thob bo // snyam du sems sam /	81.03720365371736
suBUtiH Aha	rab 'byor gyis gsol pa /	91.06404050191243
no hi idam Bagavan	bcom ldan 'das / de ni / ma lags so //	90.65804047333566
tat kasya hetoH	de ci'i slad du zhe na /	97.06714129447937
na hi Bagavan sa kaScid DarmaH yaH rhan nAmaH	gang dgra bcom pa zhes bgyi ba'i chos de gang yang ma mchis pa'i slad du'o //	90.7741744998621
saced Bagavan arhate evam Bavet mayA arha tvam prAptam iti	bcom ldan 'das / gal te dgra bcom pa 'di snyam du / bdag gis dgra bcom pa nyid thob bo //	85.02909982280966
saH eva tasya Atma grAhaH Bavet	snyam du sems par gyur na / de nyid de'i bdag tu 'dzin par 'gyur lags so //	81.63144314091929
satva grAhaH jIva grAhaH pudgala grAhaH Bavet vat e foliaH  cz	sems can du 'dzin pa dang / srog tu 'dzin pa dang / gang zag tu 'dzin par 'gyur lags so //	67.5489970365038
aham asmi Bagavan	bcom ldan 'das; bdag ni /	80.68753046989441
taTAgatena arhatA samyaksaMbudDenAraNa vihAriNAm agryaH nirdizwaH	de bzhin gshegs pa dgra bcom pa yang dag par rdzogs pa'i sangs rgyas kyis nyon mongs pa med par gnas pa rnams kyi mchog tu bstan te / bcom ldan 'das /	82.38696581344567
aham asmi Bagavan arhan vigata rAgaH	@221a *// bdag 'dod chags dang bral ba dgra bcom pa lags kyang / bcom ldan 'das /	84.6507815839976
na ca me Bagavan evam Bavati aham asmi arhan iti	bdag 'di snyam du / bdag ni / dgra bcom pa'o // snyam du mi sems lags so //	89.65290076165061
saced mama Bagavan evam Bavet mayA arha tvam prAptam iti	bcom ldan 'das / gal te bdag 'di snyam du / bdag gis dgra bcom pa nyid thob bo //	86.54229268487842
na me taTAgataH vyAkarizyati	snyam du sems par gyur na / de bzhin gshegs pas bdag la rigs kyi bu rab 'byor ni /	66.08953524937634
araNA vihArinAm agryaH iti suBUtiH	nyon mongs pa med par gnas pa rnams kyi mchog yin te /	80.99662500840647
kula putraH na kvacid viharati tena ucyate	ci la'ang mi gnas pas na / nyon mongs pa med par gnas pa /	74.59858126475893
araNAvihArI iti araNO= ihArI iti vat  foliaH  cz	nyon mongs pa med par gnas pa zhes lung mi ston lags so //	49.5920290520664
BagavAn Aha	bcom ldan 'das kyis bka' stsal pa / rab 'byor /	92.50193409209557
tat kim manyase suBUte	'di ji snyam du sems /	81.02562046051025
kaScid DarmaH taTAgatena dIpaMkarAt taTAgatAt arhataH samyaksaMbudDAt udgRhItaH	de bzhin gshegs pas de bzhin gshegs pa dgra bcom pa yang dag par rdzogs pa'i sangs rgyas mar me mdzad las gang blangs pa'i chos de gang yang yod dam /	81.12948720008978
suBUtiH Aha	rab 'byor gyis gsol pa /	91.06404050191243
no hi idam Bagavan	bcom ldan 'das / de ni / ma lags te /	90.20444110921912
BagavAn Aha na sa kaScid DarmaH taTAgatena dIpaMkarAt taTAgatAt arhataH samyaksaMbudDAt udgRhItaH vat  foliaH  cz  p	de bzhin gshegs pas de bzhin gshegs pa dgra bcom pa yang dag par rdzogs pa'i sangs rgyas mar me mdzad las gang blangs pa'i chos de gang yang ma mchis so //	78.02077804971567
BagavAn Aha	bcom ldan 'das kyis bka' stsal pa / rab 'byor /	92.50193409209557
yaH kaScid suBUte boDisatvaH evam vadet aham kzetra vyUhAt nizpAdayizyAmi iti sa vitaTam vadet	byang chub sems dpa' gang la la zhig 'di skad du / bdag gis zhing bkod pa rnams bsgrub par bya'o // zhes zer na / de ni / mi bden par smra ba'o //	81.13188607795786
tat kasya hetoH	de ci'i phyir zhe na / @221b rab 'byor /	96.61908531188965
kzetra vyUhAH kzetra vyUhAH iti suBUte avyUhAH hi ete taTAgatena BAzitAH	zhing bkod pa rnams zhing bkod pa rnams zhes bya ba ni / bkod pa de dag med par de bzhin gshegs pas gsungs pa'i phyir te /	86.95351274564433
tena ucyaMte kzetra vyUhAH iti vat  foliaH  cz  p	des na / zhing bkod pa rnams zhes bya'o //	52.68123801549276
tasmAt tarhi suBUte boDisatvena evam cittam utpAdayitavyam apratizWitam	rab 'byor; de lta bas na / byang chub sems dpa' sems dpa' chen pos 'di ltar mi gnas par sems bskyed par bya'o // ci la'ang mi gnas par sems bskyed par bya'o //	86.93985203830239
na rUpa pratizWitam cittam utpAdayitavyam	gzugs la'ang mi gnas par sems bskyed par bya'o //	90.1493137515321
na Sabda ganDa rasa sprazwavya Darma pratizWitam cittam utpAdayitavyam na kvacid pratizWitam cittam utpAdayitavyam	sgra dang / dri dang / ro dang / reg bya dang / chos la'ang mi gnas par sems bskyed par bya'o // rab 'byor /	78.21852907586282
tat yaTA api nAma suBUte puruzaH Bavet	'di lta ste / dper na / skyes bu zhig lus 'di lta bur gyur te /	88.82284714421749
yasya evaMrUpaH Atma BAvaH syAt tat yaTA api nAma sumeruH parvatarAjA	'di lta ste / ri'i rgyal po ri rab tsam du gyur na /	77.00208125000765
tat kim manyase suBUte mahAn saH Atma BAvaH Bavet	rab 'byor / 'di ji snyam du sems / lus de che ba yin nam /	84.34726659716587
suBUtiH Aha	rab 'byor gyis gsol pa / bcom ldan 'das; lus de che ba lags so //	81.52125571324275
mahAn Bagavak mahAn sugata	bde bar gshegs pa /	60.69835068050183
saH Atma BAvaH Bavet Bagavan	lus de che lags so //	54.33929459253947
tat kasya hetoH	de ci'i slad du zhe na /	97.06714129447937
aBAvaH sa taTAgatena BAzitaH	de bzhin gshegs pas de dngos po ma mchis par gsungs pa'i slad du ste; des na /	74.75624195239914
tena ucyate Atma BAvaH iti	lus zhes bgyi'o //	76.31627509329054
na hi sa BAvaH	de dngos po ma mchis par de bzhin gshegs pas gsungs te /	71.69201636314392
tena ucyate Atma BAvaH iti vat  foliaH  cz  p	des na / lus che zhes bgyi'o //	54.26080010783287
BagavAn Aha	bcom ldan 'das kyis bka' stsal pa /	94.66379267828805
tat kim manyase suBUte yAvaMtyaH gaMgA nadyAm vAlukAH tAvaMtyaH eva gaMgA nadyaH BaveyuH	rab 'byor; 'di ji snyam du sems / gangg'a'i klung gi bye ma ji snyed pa gangg'a'i klung yang de snyed kho nar gyur na /	76.2684105916859
api nu tAsu bahvyaH vAlukAH BaveyuH	de dag gi bye ma gang yin pa de dag mang ba yin nam /	70.0935220808353
suBUtiH Aha	rab 'byor gyis @222a *// gsol pa / bcom ldan 'das /	82.72878266315834
tAH eva tAvat Bagavan bahvyaH gaMgA nadyaH BaveyuH prAk eva yAH tAsu vAlukAH	gangg'a'i klung de dag nyid kyang mang lags na / de dag gi bye ma lta smos kyang mi 'tshal /	82.52940217753635
BagavAn Aha	bcom ldan 'das kyis bka' stsal pa / rab 'byor / khyod mos par bya / khyod kyis khong du chud par bya'o //	64.24207840771292
ArocayAmi te suBUte prativedayAmi te yAvaMtyaH tAsu gaMgA nadIzu vAlukAH BaveyuH tAvaMtyaH lokaDAtavaH kaScid eva strI vA puruzaH vA sapta ratna pratipUrNam kRtvA taTAgateByaH rhadByaH samyaksaMbudDeByaH dAnam dady	gangg'a'i klung de dag gi bye ma ji snyed pa de snyed kyi 'jig rten gyi khams kyi skyes pa'am / bud med gang la la zhig gis rin po che sna bdun gyis rab tu gang bar byas te de bzhin gshegs pa dgra bcom pa yang dag par rdzogs pa'i sangs rgyas rnams la sbyin pa byin na / / rab 'byor /	78.27212802969913
tat kim manyase suBUte	'di ji snyam du sems /	81.02562046051025
api nu sA strI vA puruzaH vA tatonidAnam bahu puNyam prasunuyAt	skyes pa'am bud med de / gzhi de las bsod nams mang du bskyed dam /	83.78433307266555
suBUtiH Aha	rab 'byor gyis gsol pa /	91.06404050191243
bahu Bagavan bahu sugata	bcom ldan 'das / mang lags so // bde bar gshegs pa /	89.90275911184457
sA strI vA purusaH vA tatonidAnam bahu puNyam prasunuyAt	mang lags te; skyes pa'am bud med de / gzhi de las bsod nams mang du bskyed do //	86.062481254901
BagavAn Aha	bcom ldan 'das kyis bka' stsal pa / rab 'byor /	92.50193409209557
yaH ca Kalu punar suBUte tAvaMtyaH lokaDAtavaH sapta ratna pratipUrNam kRtvA dAnam dadyAt	gang gis 'jig rten gyi khams de snyed rin po che sna bdun gyis rab tu gang bar byas te de bzhin gshegs pa dgra bcom pa yang dag par rdzogs pa'i sangs rgyas rnams la sbyin pa byin pa bas /	80.10293949140609
yaH cetaH Darma paryAyAt aMtaSaH catuzpadikAm api gATAm udgRhya pareByaH deSayet	gang gis chos kyi rnam grangs 'di las tha na tshig bzhi pa'i tshigs su bcad pa tsam bzung nas gzhan dag la yang bshad de yang dag par rab tu bstan na /	90.51193756484133
ayam tatas bahutaram puNyam prasunuyAt aprameyam asaMKyeyam vat  foliaH  cz  p	de nyid de'i gzhi de las bsod nams ches @222b mang du grangs med dpag tu med pa bskyed do // yang rab 'byor /	77.54319708844447
api tu Kalu suBUte yasmin pRTivI pradeSe itas Darma paryAyAt aMtaSaH catuzpadikAm api gATAm BAzyeta vA deSyeta vA sa pRTivI pradeSaBavet	sa phyogs gang na chos kyi rnam grangs 'di las tha na tshig bzhi pa'i tshigs su bcad pa tsam 'don tam / bton pa'i sa phyogs de /	75.1690902001412
sa deva mAnuza asurasya lokasya kaH punar vAdaH suBUte yaH imam Darma paryAyam DArayizyaMti parameNa te AScaryeNa samanvAgatA Bavizya	lha dang / mi dang / lha ma yin du bcas pa'i 'jig rten gyi mchod rten du gyur pa yin na / su zhig chos kyi rnam grangs 'di len pa dang / 'dzin pa dang / klog pa dang / kun chub par byed pa dang / tshul bzhin du yid la byed pa de / ngo mtshar rab dang ldan par gyur pa lta ci smos /	79.83855502035205
tasmin ca pRTivI pradeSe SAstA viharati anyatara anyataraH vA guru sTAnIyaH vat  foliaH  cz  p	sa phyogs de na ston pa yang bzhugs te / bla ma'i gnas gzhan dag kyang gnas so //	64.64525222176964
evam ukte AyuzmAn suBUtiH BagavaMtam etat avocat	de skad ces bka' stsal pa dang / bcom ldan 'das la tshe dang ldan pa rab 'byor gyis 'di skad ces gsol to //	85.93049682258467
kaH nAma ayam Bagavan Darma paryAyaH kaTam ca enam DArayAmi	bcom ldan 'das / chos kyi rnam grangs 'di'i ming ci lags / ji ltar gzung bar bgyi /	84.96204772996066
evam ukte BagavAn AyuzmaMtam suBUtim etat avocat	de skad ces gsol pa dang / bcom ldan 'das kyis tshe dang ldan pa rab 'byor la 'di skad ces bka' stsal to // rab 'byor /	86.14535430479633
prajQApAramitA nAma ayam suBUte Darma paryAyaH	chos kyi rnam grangs 'di shes rab kyi pha rol tu phyin pa zhes bya ste /	78.47203026678432
evam ca enam DAraya	'di de ltar zungs shig /	74.0379851659139
tat kasya hetoH	de ci'i phyir zhe na / rab 'byor /	97.06946214507607
yA eva suBUte prajQApAramitA taTAgatena BAzitA	de bzhin gshegs pas shes rab kyi pha rol tu phyin pa gang gsungs pa de nyid pha rol tu phyin pa med pa'i phyir te / des na /	86.18582737231064
sA eva apAramitA vat  foliaH  cz	shes rab kyi pha rol tu phyin pa zhes bya'o //	36.9009213551231
tat kim manyase suBUte api nu sa kaScid DarmaH taTAgatena BAzitaH	rab 'byor / 'di ji snyam du sems / de bzhin gshegs pas gang gsungs pa'i chos de gang @223a *// yang yod dam /	94.71691996206864
suBUtiH Aha no hi idam Bagavan	rab 'byor gyis gsol pa / bcom ldan 'das /	90.08264416020091
na sa kaScid Bagavam DarmaH yaH taTAgatena BAzitaH vat  foliaH  cz  g	de bzhin gshegs pas gang gsungs pa'i chos de dag gang yang ma mchis so // bcom ldan 'das kyis bka' stsal pa /	62.15491391903314
yAvataH suBUte tR sAhasra mahA sAhasryAm lokaDAtO pRTivI rajaH kaccit tat bahu Bavet	rab 'byor / 'di ji snyam du sems / stong gsum gyi stong chen po'i 'jig rten gyi khams na sa'i rdul phra rab ji snyed yod pa de mang ba yin nam /	91.29333527646953
suBUtiH Aha	rab 'byor gyis gsol pa / bcom ldan 'das /	87.55539935391124
bahu BagavanH tat pRTivI rajaH Bavet yat tat Bagavan	sa'i rdul de mang lags so // bde bar gshegs pa / mang lags so // de ci'i slad du zhe na / bcom ldan 'das / sa'i rdul gang lags pa de /	75.03092931357872
pRTivI rajaH taTAgatena BAzitaH arajaH sa taTAgatena BAzitaH	rdul ma mchis par de bzhin gshegs pas gsungs pa'i slad du ste /	68.7943909973863
tat ucyate pRTivI rajaH iti	des na / sa'i rdul zhes bgyi'o //	85.75293809717351
yA sA lokaDAtuH aDAtuH sA taTAgatena BAzitaH	'jig rten gyi khams gang lags pa de khams ma mchis par de bzhin gshegs pas gsungs te /	79.5187549480624
tat ucyate lokaDAtuH iti vat  foliaH  cz  g  p	des na / 'jig rten gyi khams zhes bgyi'o //	50.06927857288095
BagavAn Aha	bcom ldan 'das kyis bka' stsal pa / rab 'byor /	92.50193409209557
tat kim manyase suBUte dvAtRMSadBiH mahApuruza lakzaNEH taTAgataH rhan samyaksaMbudDaH drazwavyaH	'di ji snyam du sems / skyes bu chen po'i mtshan sum cu rtsa gnyis po de dag gis de bzhin gshegs pa dgra bcom pa yang dag par rdzogs pa'i sangs rgyas su blta'am /	93.11422555853476
suBUtiH Aha	rab 'byor gyis gsol pa /	91.06404050191243
no hi idam Bagavan	bcom ldan 'das / de ni / ma lags so //	90.65804047333566
tat kasya hetoH	de ci'i slad du zhe na /	97.06714129447937
yAni tAni Bagavan dvAtRMSat mahApuraza lakzaNAni taTAgatena BAzitAni alakzaNAni taTAgatena BAzitAni tasmAt ucyaMte dvAtRMSat mahA p vat  foliaH  cz  g  p	skyes bu chen po'i mtshan sum cu rtsa gnyis po gang dag de bzhin gshegs pas gsungs pa de dag mtshan ma mchis par de bzhin @223b gshegs pas gsungs pa'i slad du ste / des na / de bzhin gshegs pa'i mtshan sum cu rtsa gnyis zhes bgyi'o //	81.71733222852933
BagavAn Aha	bcom ldan 'das kyis bka' stsal pa / yang rab 'byor /	90.61637929769662
yaH ca Kalu punar suBUte strI vA puruzaH vA gaMgA nadI vAlukA upamAn Atma BAvAn parityajet	skyes pa'am bud med gang gis lus gangg'a'i klung gi bye ma snyed yongs su btang ba bas /	80.62309347625602
yaH cetaH Darma paryAyAt catuzpadikAm api gATAm udgRhya pareByaH deSayet	gang gis chos kyi rnam grangs 'di las tha na tshig bzhi pa'i tshigs su bcad pa tsam bzung ste gzhan dag la yang bstan na /	92.18355806424785
ayam tatonidAnam bahutaram puNyam prasunuyAt aprameyam asaMKyeyam vat  foliaH  cz  g  p	de gzhi de las bsod nams ches mang du grangs med dpag tu med pa bskyed do //	67.73774733052595
aTa Kalu AyuzmAn suBUtiH Darma pravegena aSrUNi prAmuMcad pravartayam saH SrUNi parimArjya BagavaMtam etat avocat	de nas tshe dang ldan pa rab 'byor chos kyi shugs kyis mchi ma phyung ste; des mchim phyis nas bcom ldan 'das la 'di skad ces gsol to // 'di ltar chos kyi rnam grangs 'di de bzhin gshegs pas gsungs pa ni /	84.65873255591862
AScaryam Bagavan	bcom ldan 'das / ngo mtshar lags so // bde bar gshegs pa /	81.91590185000979
parama AScaryam sugata	ngo mtshar lags so // bcom ldan 'das /	80.30928102292513
yAvat ayam Darma paryAyaH taTAgatena BAzitaH yatas me Bagavan jQAnam utpannam na mayA jAtu eva Darma paryAyaH Sruta pUrvaH	bdag gi ye shes skyes tshun chad bdag gis chos kyi rnam grangs 'di sngon nam yang ma thos so // bcom ldan 'das /	75.51433496633081
parameNa te Bagavan AScaryeNa samanvAgatA BavizyaMti yaH iha sUtre BAzyamANe BUta saMjQAm utpAdayizyaMti yA ca ezA Bagavan	mdo bshad pa 'di la gang dag yang dag par 'du shes bskyed par 'gyur ba'i sems can de dag ni / ngo mtshar rab dang ldan par 'gyur lags so // de ci'i slad du zhe na; bcom ldan 'das /	84.19150009796174
BUta saMjQA sA eva asaMjQA tasmAt taTAgataH BAzate BUta saMjQA BUta saMjQA iti vat  foliaH  cz  g  p	yang dag par 'du shes pa gang lags pa de nyid 'du shes ma mchis pa'i slad du ste / de bas na / yang dag par 'du shes yang dag par 'du shes zhes de @224a *// bzhin gshegs pas gsungs so //	74.3559114830376
na mama Bagavan AScaryam yat aham Darma paryAyam BAzyamANam avakalpayAmi aDimucyAmi	bcom ldan 'das / bdag chos kyi rnam grangs 'di bshad pa la rtog cing mos pa ni / bdag la mos pa ma lags kyi; bcom ldan 'das / slad ma'i tshe slad ma'i dus lnga brgya tha ma la sems can gang dag chos kyi rnam grangs 'di len pa dang /	73.04869630228555
ye te Bagavan imam Darma paryAyam udgRhIzyaMti paryavApsyaMti DArayizyaMti	'dzin pa dang / klog pa dang / kun chub par bgyid pa de dag ni / ngo mtshar rab dang ldan par 'gyur lags so // yang bcom ldan 'das /	83.17836412087036
te parama AScarya samanvAgatA BavizyaMti vat  foliaH  cz  g  p	de dag ni /	10.0
api tu Kalu punar Bagavat na tezAm Atma saMjQA pravartsyate	bdag tu 'du shes 'jug par mi 'gyur /	59.21513838238186
na satva saMjQA na jIva saMjQA na pudgala saMjQA pravartsyate	sems can du 'du shes pa dang / srog tu 'du shes pa dang / gang zag tu 'du shes 'jug par mi 'gyur lags so //	84.23555598893778
tat kasya hetoH yA asO Atma saMjQA sA eva asaMjQA	de ci'i slad du zhe na /	54.89916022618612
yA satva saMjQA jIva saMjQA pudgala saMjQA sA eva asaMjQA	bcom ldan 'das / bdag tu 'du shes pa dang / sems can du 'du shes pa dang / srog tu 'du shes pa dang / gang zag tu 'du shes pa gang lags pa de dag nyid 'du shes ma mchis pa'i slad du'o //	80.71171478864132
tat kasya hetoH	de ci'i slad du zhe na /	97.06714129447937
sarva saMjQA apagatA hi budDAH BagavaMtaH vat  foliaH  cz  g  p	sangs rgyas bcom ldan 'das rnams ni / 'du shes thams cad dang bral ba'i slad du'o //	60.20538117667131
evam ukte BagavAn AyuzmaMtam suBUtim etat avocat	de skad ces gsol pa dang / bcom ldan 'das kyis tshe dang ldan pa rab 'byor la 'di skad ces bka' stsal to //	88.2946196901689
evam etat suBUte evam etat suBUte parama AScarya samanvAgatAH te satvA BavizyaMti	rab 'byor; de de bzhin no // de de bzhin te /	63.95623047953421
yaH iha sUtre BAzyamANe SrutvA na uttrasizyaMti na saMtrasizyaMti na saMtrAsam ApatsyaMte	mdo 'di bshad pa 'di la gang dag mi skrag mi dang bzhing dngang bar mi 'gyur ba'i sems can de dag ni / ngo mtshar rab dang ldan par @224b 'gyur ro //	84.20922583910901
tat kasya hetoH	de ci'i phyir zhe na / rab 'byor /	97.06946214507607
parama pAramitA iyam suBUte taTAgatena BAzitA	pha rol tu phyin pa dam pa 'di ni / de bzhin gshegs pas gsungs te /	88.67978784702903
yAm ca taTAgataH parama pAramitAm BAzate tAm aparimANAH budDAH BagavaMtaH BAzaMte	pha rol tu phyin pa dam pa gang dag de bzhin gshegs pas gsungs pa de; sangs rgyas bcom ldan 'das dpag tu med pa rnams kyis kyang gsungs pa'i phyir te /	67.83496532360503
tena ucyate parama pAramitA iti vat  foliaH  cz  g  p	des na / pha rol tu phyin pa dam pa zhes bya'o // yang rab 'byor /	50.06183263290467
api tu Kalu punar suBUte yA taTAgatasya kzAMti pAramitA sA eva apAra mitA	de bzhin gshegs pa'i bzod pa'i pha rol tu phyin pa gang yin pa de nyid pha rol tu phyin pa med do //	76.33229874938844
tat kasya hetoH	de ci'i phyir zhe na / rab 'byor / gang gi tshe ka lingka'i rgyal pos nga'i yan lag dang / nying lag rnam par bcad par gyur pa de'i tshe nga la bdag tu 'du shes sam / sems can du 'du shes sam /	51.80264132574347
yadA me suBUte kaliMga rAjAH aMga pratyaMgAni acCet sIt na AsIt me tasmin samaye Atma saMjQA vA satva saMjQA vA jIva saMjQA vA pudgala same kAcid saMjQA na asaMjQA baBUva	srog tu 'du shes sam / gang zag tu 'du shes kyang ma byung zhing / nga la 'du shes ci yang med la / 'du shes med par gyur pa yang ma yin pa'i phyir ro //	62.41734965496719
tat kasya hetoH	de ci'i phyir zhe na / rab 'byor /	97.06946214507607
saced suBUte mama tasmin samaye Atma samjQA aBavizyat	gal te de'i tshe bdag tu 'du shes byung na /	71.15757484869523
vyApAda saMjQA api me Bavizyat tasmin samaye	de'i tshe gnod sems kyi 'du shes kyang 'byung la / sems can du 'du shes pa dang / srog tu 'du shes pa dang / gang zag tu 'du shes pa byung na /	64.03308070590424
aBijAnAmi aham suBUte atIte Dvani paMca jAti SatAni yat aham kzAMtivAdI riziH aBU tadA api me na Atma saMjQA baBUva	de'i tshe gnod sems kyi 'du shes kyang 'byung ba'i phyir ro // rab 'byor / ngas mngon par shes te; 'das pa'i dus na nga tshe rabs lnga brgyar bzod par smra ba zhes bya ba'i drang srong du gyur pa de na yang nga la bdag tu 'du shes ma byung /	80.39135930562807
na satva saMjQA na jIva saMjQA na pudgala saMjQA	sems can du 'du shes pa dang / srog tu 'du shes @225a *// pa dang / gang zag tu 'du shes pa ma byung ngo //	86.13268173812727
tasmAt tarhi suBUte boDisatvena mahAsatvena sarva saMjQA vivarjayitvA anuttarAyAm samyaksaMboDO cittam utpAdayitavyam	rab 'byor / de lta bas na / byang chub sems dpa' sems dpa' chen pos 'du shes thams cad rnam par spangs te bla na med pa yang dag par rdzogs pa'i byang chub tu sems bskyed par bya'o //	89.73946982941618
na rUpa pratizWitam cittam utpAdayitavyam	gzugs la mi gnas par sems bskyed par bya'o //	89.37376838260226
na Sabda ganDa rasa sprazwavya pratizWitam cittam utpAdayitavyam na Darma pratizWitam cittam utpAdayitavyam	sgra dang / dri dang / ro dang / reg bya dang / chos la'ang mi gnas par sems bskyed par bya'o //	77.50424997515421
na aDarma pratizWitam cittam utpAdayitavyam	chos med pa la'ang mi gnas par sems bskyed par bya'o //	87.59318416768855
na kvacid pratizWitam cittam utpAdayitavyam	ci la'ang mi gnas par sems bskyed par bya'o //	90.21341792396878
tat kasmAt DetoH	de ci'i phyir zhe na /	77.30072615363382
yat pratizWitam tat eva apratizWitam	gnas pa gang yin pa de nyid mi gnas pa'i phyir te / de bas na / de bzhin gshegs pas 'di skad du /	66.6526878638245
tasmAt eva taTAgataH BAzate rUpa apratizWitena dAnam dAtavyam vat  foliaH  cz  p	byang chub sems dpas mi gnas par sbyin pa sbyin par bya'o //	57.00049406828634
api tu Kalu punar suBUte boDisatvena evam dAna parityAgaH parityajyaH sarva satvAnAm arTAya	zhes gsungs so // yang rab 'byor / byang chub sems dpas 'di ltar sems can thams cad kyi don gyi phyir sbyin pa yongs su gtang bar bya'o //	87.27086184021373
yA eva ca satva saMjQA saH eva asaMjQA	sems can du 'du shes pa gang yin pa de nyid kyang 'du shes med pa ste /	88.84040119034789
yaH eva te sarva satvAH taTAgatena BAzitAH te eva asatvAH	de bzhin gshegs pas sems can thams cad ces gang gsungs pa de bdag nyid kyang med pa'o // de ci'i phyir zhe na / rab 'byor /	79.74716114514803
BUta vAdI suBUte taTAgataH satya vAdI taTA avAdI taTAgataH na vitaTO= AdI taTAgataH vat  foliaH  cz  p	de bzhin gshegs pa ni / yang dag par gsung pa / bden par gsung ba / de bzhin nyid du gsung ba ste / de bzhin gshegs pa ni / ma nor ba de bzhin nyid gsung ba'i phyir ro // @225b yang rab 'byor /	70.35622796184484
api tu Kalu punar suBUte yaH taTAgatena DarmaH BisaMbudDaH deSitaH vA na tatra satyam na mRzA	de bzhin gshegs pas chos gang mngon par rdzogs par sangs rgyas pa'am / bstan pa de la ni / bden pa yang med / rdzun pa yang med do //	86.74182916637805
tat yaTA api nAma suBUte puruzaH nDakAra pravizwaH	rab 'byor / 'di lta ste; dper na /	72.4329073008369
evam vastu patitaH boDisatvaH drazwavyaH yaH vastu patitam dAnam parityajati	mig dang ldan pa'i mi zhig mun par zhugs na ci yang mi mthong ba de bzhin du gang dngos por lhung bas sbyin pa yongs su gtong ba'i byang chub sems dpar blta'o; ;rab 'byor / 'di lta ste /	69.82039782060397
tat yaTA api nAma suBUte cakzuzmAn puruzaH viBAtAyAm rAtryAm sUrye Byudgate nAnAviDAni rUpANi paSyet evam boDisatvaH drazwavyaH yaH vastu apatitam dAnam parityajati vat  foliaH  cz  p	dper na / nam langs te nyi ma shar nas mig dang ldan pa'i mis gzugs rnam pa sna tshogs dag mthong ba de bzhin du gang dngos por ma lhung bas sbyin pa yongs su gtong ba'i byang chub sems dpar blta'o // yang rab 'byor / rigs kyi bu'am /	79.60460272195884
api tu Kalu punar suBUte ye kula putrAH vA kula duhitaraH vE imam Darma paryAyam udgrahIzyaMti DArayizyaMti vAcayizyaMti paryavApsyaMti	rigs kyi bu mo gang dag chos kyi rnam grangs 'di len pa dang / 'dzin pa dang / klog pa dang / kun chub par byed pa dang / gzhan dag la yang rgya cher yang dag par rab tu ston pa de dag ni /	82.86888357557457
jQAtAH te suBUte taTAgatena dRzwAH te suBUte taTAgatena budDAH te taTAgatena	de bzhin gshegs pas mkhyen / de dag ni / de bzhin gshegs pas gzigs te /	83.49534926691999
sarve te satvAH aprameyam puNya skanDam prasavizyaMti vat  foliaH  cz  p	sems can de dag thams cad ni / bsod nams kyi phung po dpag tu med pa bskyed par 'gyur ro // yang rab 'byor /	76.11093341216954
yaH ca Kalu punar suBUte strI vA puruzaH vA pUrvAhNa kAla samaye gaMgA nadI vAlukA upamAn Atma BAvAn parityajet maDyAhNa kAla samaye sa AyAhNa kAla samaye gaMgA nadI vAlukA upamAn Atma BAvAn parityajet	skyes pa'am / bud med gang zhig snga dro'i dus kyi tshe lus gangg'a'i klung gi bye ma snyed yongs su gtong la / phyed kyi dus dang / phyi dro'i dus kyi tshe yang lus gangg'a'i klung gi bye ma snyed yongs su gtong ste / rnam grangs 'di lta @226a *//	76.03194080141252
anena paryAyeNa kalpa kowIn ayuta Sata sahasrANi Atma BAvAn parityajet	bur bskal pa bye ba khrag khrig 'bum phrag du mar lus yongs su gtong ba bas /	86.30456551766343
yaH ca imam Darma paryAyam SrutvA	gang gis chos kyi rnam grangs 'di thos nas mi spong na /	89.32304627554757
na pratikzipet ayam eva tatonidAnam bahutaram puNya skanDam prasunuyAt aprameyam asaMKyeyam kaH punar vAdaH yaH iiKitvA udgRhNIyAt DArayet	de nyid gzhi de las bsod nams ches mang du grangs med dpag tu med pa bskyed na /	59.662787572649236
vAcayet paryavApnuyAt pareByaH ca vistareNa saMprakASayet vat  foliaH  cz  g  p	gang gis yi ger bris nas len pa dang / 'dzin pa dang / klog pa dang / kun chub par byed pa dang / gzhan dag la yang rgya cher yang dag par rab tu ston pa lta ci smos /	64.84158061999574
api tu suBUte aciMtyaH tulyaH yam Darma paryAyaH	yang rab 'byor / chos kyi rnam grangs 'di ni / bsam gyis mi khyab cing mtshungs pa med de /	79.68144459082305
ayam ca Darma paryAyaH taTAgatena BAzitaH agra yAna saMprasTitAnAm satvAnAm arTAya	chos kyi rnam grangs 'di ni; theg pa mchog la yang dag par zhugs pa'i sems can rnams kyi don dang /	85.90914579654027
SrezWa yAna saMprasTitAnAm satvAnAm arTAya	theg pa phul du phyin pa la yang dag par zhugs pa'i sems can rnams kyi don gyi phyir de bzhin gshegs pas gsungs so //	74.25864716260318
ye imam Darma paryAyam udgrahIzyaMti DArayizyaMti vAcayizyaMti paryavApsyaMti	gang dag chos kyi rnam grangs 'di len pa dang / 'dzin pa dang / klog pa dang / kun chub par byed pa dang / gzhan dag la yang rgya cher yang dag par rab tu ston pa de dag ni /	79.33486128833607
jQAtAH te suBUte taTAgatena dRzwAH te suBUte taTAgatena	de bzhin gshegs pas mkhyen / de dag ni / de bzhin gshegs pas gzigs te /	88.63051659409675
sarve te satvAH aprameyeNa puNya skanDena samanvAgatA BavizyaMti	sems can de dag thams cad ni / bsod nams kyi phung po dpag tu med pa dang ldan par 'gyur ro //	88.25763503950168
aciMtyena atulyena AmApyena aparimANena puNya skanDena samanvAgatA BavizyaMti	bsod nams kyi phung po bsam gyis mi khyab pa dang / mtshungs pa med pa dang / gzhal du med pa dang / tshad med pa dang ldan @226b par 'gyur te / sems can de dag thams cad nga'i byang chub phrag pa la thogs par 'gyur ro //	71.48018392686457
tat kasya hetoH	de ci'i phyir zhe na / rab 'byor /	97.06946214507607
na hi Sakyam suBUte ayam DarmaH hIna aDimuktikEH Srotum	dman pa la mos pa rnams kyis chos kyi rnam grangs 'di mnyan par mi nus te / bdag tu lta ba rnams kyis ma yin /	85.1113358341083
na Atma dRzwikEH na satva dRzwikEH na jIva dRzwikEH na pudgala dRzwikEH Sakyam Srotum udgrahItum vA DArayitum vA vAcayitum vA paryavAna idam sTAnam vidyate vat  foliaH  cz  g  p	sems can du lta ba rnams kyis ma yin / srog tu lta ba rnams kyis ma yin zhing / gang zag tu lta ba rnams kyis mnyan pa dang / blang ba dang / gzung ba dang / klog pa dang / kun chub par byed mi nus te / de ni / gnas med pa'i phyir ro //	70.26494014973171
api tu suBUte yatra pRTivI pradeSe idam sUtram prakASayizyati pUjanIyaH sa pRTivI pradeSaH Bavizyati	yang rab 'byor / sa phyogs gang na mdo sde 'di ston pa'i sa phyogs de /	68.97476601560182
sa deva mAnuza asurasya lokasya vandanIyaH pradakziNIkaraNIyaH ca sa pRTivI pradeSaH Bavizyati	lha dang / mi dang / lha ma yin du bcas pa'i 'jig rten gyis mchod par 'os par 'gyur ro // sa phyogs de phyag bya bar 'os pa dang / bskor ba bya bar 'os par yang 'gyur ro //	90.15688030502302
ca etya sa pRTivI pradeSaH Bavizyati vat  foliaH  cz  g  p	sa phyogs de ni /	37.276474349639
ye te suBUte kula putrAH vA kula duhitaraH vE imAn evaMrUpAm sUtrAMtAn udgrahIsyaMti DArayizyaMti paryavApsyaMti	mchod rten lta bur 'gyur ro // rab 'byor / rigs kyi bu'am rigs kyi bu mo gang dag 'di lta bu'i mdo sde'i tshig 'di dag len pa dang / 'dzin pa dang / klog pa dang / kun chub par byed pa de dag ni /	85.76505364607377
te pariBUtA BavizyaMti su pariBUtAH ca BavizyaMti	mnar bar 'gyur / shin tu mnar bar 'gyur ro // de ci'i phyir zhe na /	60.89425397747077
yAni tezAm satvAnAm pOrvajanmikAni karmANi kRtAni apAya saMvartanIyAni dRzwaH eva Darme pariBUta tayA pUrva janmikAni aSuBAni karmA	rab 'byor / sems can de dag gis tshe rabs snga ma'i mi dge ba'i las ngan song du skye bar 'gyur ba gang dag byas pa dag tshe 'di nyid la mnar bas / tshe rabs snga ma'i mi dge ba'i las de dag 'byang bar 'gyur te /	88.67013583153297
budDa boDim ca prApsyaMti vat  foliaH  cz  g  p	sangs rgyas kyi byang @227a *// chub kyang 'thob par 'gyur ba'i phyir ro // rab 'byor /	53.781276503132034
aBijAnAmi aham suBUte atIte Dvani asaMKyeye kalpe asaMKyeyatare dIpaMkarasya	ngas mngon par shes te / 'das pa'i dus bskal pa grangs med pa'i yang ches grangs med pa na / de bzhin gshegs pa dgra bcom pa yang dag par rdzogs pa'i sangs rgyas mar me mdzad kyi pha rol gyi yang ches pha rol na /	83.96721943724208
taTAgatasya arhataH samyaksaMbudDasya pareNa parataram caturaSIti budDa kowIn ayuta Sata sahasrANi aBUvan ye mayA ArADitA ArADayetvA na virADitA	sangs rgyas bye ba khrag khrig 'bum phrag brgyad cu rtsa bzhi dag byung ba ngas mnyes par byas te / mnyes par byas nas thugs ma phyung bar byas te / rab 'byor /	79.53915850881836
yat ca mayA suBUte budDAH BagavaMtaH ArAgitA ArAgayetvA na virAgi tA yat ca carime	sangs rgyas bcom ldan 'das de dag ngas mnyes par byas nas thugs byung bar ma byas pa gang yin pa dang /	75.40752401293386
kAle paScimi kAyam paMcASatyAm vartamAnAyAm imam sUtrAMtam udgrahIzyaMti DArayizyaMti	phyi ma'i dus lnga brgya tha mar gyur pa na /	55.20984135520764
vAcayizyaMti paryavApsyaMti	mdo sde 'di len pa dang / 'dzin pa dang / klog pa dang / kun chub par byed pa gang yin pa las /	67.1412268132386
asya suBUte puNya skanDasya aMtikAt eza pUrvakaH puNya skanDaH SatatamIm api kalAm na upEti sAhasRtamAm api	rab 'byor / bsod nams kyi phung po 'di la bsod nams kyi phung po snga mas brgya'i char yang mi phod /	77.44295532525288
Sata sAhasRtamAm api kowI Sata sAhasRta mAm api saMKyAm api kalAm api gaNanAm api upamAm api upaniSAm api na kzamate vat  foliaH  cz  g  p	stong gi cha dang / 'bum gyi cha dang / grangs dang / cha dang / bgrang ba dang / dpe dang / zla dang / rgyur yang mi bzod do //	61.31456404350855
saced suBUte tezAm kula putrANAm kula duhitLNAm vA puNya skanDam BAzet	rab 'byor / gal te de'i tshe rigs kyi bu'am rigs kyi bu mo dag bsod nams kyi phung po ji snyed rab tu 'dzin par 'gyur ba'i rigs kyi bu'am rigs kyi bu mo de dag gi bsod nams kyi phung po ngas brjod na / sems can rnams myo myo por 'gyur te / sems 'khrugs par 'gyur ro // yang rab 'byor / chos kyi rnam @227b grangs 'di bsam gyis mi khyab ste / 'di'i rnam par smin pa yang bsam gyis mi khyab pa nyid du rig par bya'o // de nas bcom ldan 'das la tshe dang ldan pa rab 'byor gyis 'di skad ces gsol to // bcom ldan 'das / byang chub sems dpa'i theg pa la yang dag par zhugs pas ji ltar gnas par bgyi / ji ltar bsgrub par bgyi / ji ltar sems rab tu gzungs bar bgyi / bcom ldan 'das kyis bka' stsal pa / rab 'byor / 'di la byang chub sems dpa'i theg pa la yang dag par zhugs pas 'di snyam du / bdag gis sems can thams cad phung po lhag ma med pa'i mya ngan las 'das pa'i dbyings su yongs su mya ngan las bzla'o // de ltar sems can rnams yongs su mya ngan las bzlas kyang sems can gang yang yongs su mya ngan las bzlas par gyur pa med do // snyam du sems bskyed par bya'o // de ci'i phyir zhe na / rab 'byor / gal te byang chub sems dpa' sems can du 'du shes 'jug na / byang chub sems dpa' zhes mi bya la / gang zag gi bar du 'du shes 'jug na yang de byang chub sems dpa' zhes mi bya ba'i phyir ro // de ci'i phyir zhe na / rab 'byor / gang byang chub sems dpa'i theg pa la yang dag par zhugs pa zhes bya ba'i chos de gang yang med pa'i phyir ro // rab 'byor / 'di ji snyam du sems / de bzhin @228a *// gshegs pas de bzhin gshegs pa mar me mdzad las gang bla na med pa yang dag par rdzogs pa'i byang chub mngon par rdzogs par sangs rgyas pa'i chos de gang yang yod dam / de skad ces bka' stsal pa dang / bcom ldan 'das la tshe dang ldan pa rab 'byor gyis 'di skad ces gsol to // bcom ldan 'das; de bzhin gshegs pas de bzhin gshegs pa mar me mdzad las gang bla na med pa yang dag par rdzogs pa'i byang chub mngon par rdzogs par sangs rgyas pa'i chos de yang ma mchis so // de skad ces gsol pa dang / bcom ldan 'das kyis tshe dang ldan pa rab 'byor la 'di skad ces bka' stsal to // rab 'byor / de de bzhin no // de de bzhin te / de bzhin gshegs pas de bzhin gshegs pa mar me mdzad las gang bla na med pa yang dag par rdzogs pa'i byang chub mngon par rdzogs par sangs rgyas pa'i chos de gang yang med do // rab 'byor / gal te de bzhin gshegs pas gang mngon par rdzogs par sangs rgyas pa'i chos de 'ga' zhig yod par gyur na / de bzhin gshegs pa mar me mdzad kyis nga la bram ze'i khye'u / khyod ma 'ongs pa'i dus na de bzhin gshegs pa dgra bcom pa yang dag par rdzogs pa'i sangs rgyas sh'akya thub pa @228b zhes bya bar 'gyur ro // zhes lung mi ston pa zhig na / rab 'byor / 'di ltar de bzhin gshegs pas gang bla na med pa yang dag par rdzogs pa'i byang chub mngon par rdzogs par sangs rgyas pa'i chos de gang yang med pas / de'i phyir de bzhin gshegs pa mar me mdzad kyis ngal bram ze'i khye'u / khyod ma 'ongs pa'i dus na de bzhin gshegs pa dgra bcom pa yang dag par rdzogs pa'i sangs rgyas sh'akya thub pa zhes bya bar 'gyur ro // zhes lung bstan to // de ci'i phyir zhe na / rab 'byor / de bzhin gshegs pa zhes bya ba ni / yang dag pa de bzhin nyid kyi tshig bla dvags yin pa'i phyir ro // rab 'byor / gang la la zhig 'di skad du / de bzhin gshegs pa dgra bcom pa yang dag par rdzogs pa'i sangs rgyas kyis bla na med pa yang dag par rdzogs pa'i byang chub mngon par rdzogs par sangs rgyas so // zhes zer na / de log par smra ba yin no // de ci'i phyir zhe na / rab 'byor / de bzhin gshegs pas gang bla na med pa yang dag par rdzogs pa'i byang chub mngon par rdzogs par sangs rgyas pa'i chos de gang yang med pa'i phyir ro // rab 'byor / de bzhin gshegs pas chos gang mngon par rdzogs par sangs rgyas pa de la bden pa yang med / rdzun pa yang med de / de bas na / de bzhin gshegs pas chos thams cad sangs rgyas @229a *// kyi chos so // zhes gsungs ngo // rab 'byor / chos thams cad ces bya ba ni / de dag thams cad chos med pa yin te / de bas na / chos thams cad sangs rgyas kyi chos zhes bya'o // rab 'byor / 'di lta ste / dper na / mi zhig lus dang ldan zhing lus chen por gyur pa bzhin no // tshe dang ldan pa rab 'byor gyis gsol pa; bcom ldan 'das / de bzhin gshegs pas mi zhig lus dang ldan zhing lus chen po zhes gang gsungs pa de / de bzhin gshegs pas lus ma mchis par gsungs te / des na / lus dang ldan zhing lus chen po zhes bgyi'o // bcom ldan 'das kyis bka' stsal pa / rab 'byor / de de bzhin te / byang chub sems dpa' gang 'di skad du / bdag gis sems can rnams yongs su mya ngan las bzla'o // zhes zer na / de byang chub sems dpa' zhes mi bya'o // de ci'i phyir zhe na / rab 'byor / gang byang chub sems dpa' zhes bya ba'i chos de gang yang yod dam / rab 'byor gyis gsol pa / bcom ldan 'das / de ni / ma mchis lags so // bcom ldan 'das kyis bka' stsal pa / rab 'byor / de bas na / de bzhin gshegs pas chos thams cad ni / sems can med pa / srog med pa / gang zag med pa'o // zhes gsung ngo // rab @229b 'byor; byang chub sems dpa' gang zhig 'di skad du / bdag gis zhing bkod pa rnams bsgrub bo // zhes zer na / de yang de bzhin du brjod par bya'o // de ci'i phyir zhe na / rab 'byor zhing bkod pa rnams zhing bkod pa rnams zhes bya ba de ni / de dag bkod pa med par de bzhin gshegs pas gsungs pa'i phyir te / des na zhing bkod pa rnams zhes bya'o // rab 'byor; byang chub sems dpa' gang zhig chos rnams ni / bdag med pa'o // chos rnams ni / bdag med pa'o // zhes mos pa de ni / de bzhin gshegs pa dgra bcom pa yang dag par rdzogs pa'i sangs rgyas kyis byang chub sems dpa' byang chub sems dpa'o // zhes brjod do // rab 'byor / 'di ji snyam du sems / de bzhin gshegs pa la sha'i spyan mnga'am / rab 'byor gyis gsol pa / bcom ldan 'das / de de lta lags te / de bzhin gshegs pa la sha'i spyan mnga'o // bcom ldan 'das kyis bka' stsal pa / rab 'byor / 'di ji snyam du sems / de bzhin gshegs pa la lha'i spyan mnga'am / rab 'byor gyis gsol pa / bcom ldan 'das / de de lta lags te / de bzhin gshegs pa la lha'i spyan mnga'o // bcom ldan 'das kyis bka' stsal pa / rab 'byor / 'di ji snyam du sems / de bzhin gshegs pa la shes rab kyi spyan mnga'am / rab 'byor / @230a *// gyis gsol pa / bcom ldan 'das / de de lta lags te / de bzhin gshegs pa la shes rab kyi spyan mnga'o // bcom ldan 'das kyis bka' stsal pa / rab 'byor / 'di ji snyam du sems / de bzhin gshegs pa la chos kyi spyan ma nga'am / rab 'byor gyis gsol pa / bcom ldan 'das / de de lta lags te / de bzhin gshegs pa la chos kyi spyan mnga'o // bcom ldan 'das kyis bka' stsal pa / rab 'byor / 'di ji snyam du sems / de bzhin gshegs pa la sangs rgyas kyi spyan mnga'am / rab 'byor gyis gsol pa / bcom ldan 'das / de de lta lags te / de bzhin gshegs pa la sangs rgyas kyi spyan mnga'o // bcom ldan 'das kyis bka' stsal pa / rab 'byor / 'di ji snyam du sems / gangg'a'i klung gi bye ma ji snyed pa gangg'a'i klung yang de snyed du gyur la / de dag gi bye ma ji snyed pa de snyed kyi 'jig rten gyi khams su gyur na / 'jig rten gyi khams de dag ci mang ba yin nam / rab 'byor gyis gsol pa / bcom ldan 'das / de de lta lags te / 'jig rten gyi khams de dag mang ba lags so // bcom ldan 'das kyis bka' stsal pa / rab 'byor / 'jig rten gyi khams de dag na sems can ji snyed yod pa de dag gi bsam pa tha @230b dad pa'i sems kyi rgyun ngas rab tu shes so // de ci'i phyir zhe na / rab 'byor / sems kyi rgyun zhes bya ba ni / de rgyun med par de bzhin gshegs pas gsungs pa'i phyir te / des na; sems kyi rgyun zhes bya'o // de ci'i phyir zhe na / rab 'byor / 'das pa'i sems kyang dmigs su med / ma 'ongs pa'i sems kyang dmigs su med / da ltar byung ba'i sems kyang dmigs su med pa'i phyir ro // rab 'byor / 'di ji snyam du sems / gang gis stong gsum gyi stong chen po'i 'jig rten gyi khams 'di rin po che sna bdun gyis yongs su gang bar byas te sbyin pa byin na / rigs kyi bu'am / rigs kyi bu mo de / gzhi de las bsod nams mang du bskyed dam / rab 'byor gyis gsol pa / bcom ldan 'das / mang lags so // bde bar gshegs pa / mang lags so // bcom ldan 'das kyis bka' stsal pa / rab 'byor / de de bzhin no // de de bzhin te /	10.0
yAvaMtaH te kula putrAH vA kula duhitaraH vA tasmin samaye puNya skanDam pratigRhNaMti	rigs kyi bu'am; rigs kyi bu mo de / gzhi de las bsod nams kyi phung po mang du bskyed do // rab 'byor / gal te bsod nams kyi phung po bsod nams kyi phung por gyur na / bsod nams kyi phung po bsod nams kyi phung po zhes de bzhin gshegs pas mi gsung ngo // rab 'byor / 'di ji snyam du sems / gzugs kyi sku yongs su grub pas de bzhin gshegs @231a *// par blta'am / rab 'byor gyis gsol pa / bcom ldan 'das / de ni / ma lags te / gzugs kyi sku yongs su grub pas de bzhin gshegs par mi blta'o // de ci'i slad du zhe na / bcom ldan 'das / gzugs kyi sku yongs su grub pa / gzugs kyi sku yongs su rdzogs pa zhes bgyi ba ni / de yongs su grub pa ma mchis par de bzhin gshegs pas gsungs pa'i slad du ste / des na / gzugs kyi sku yongs su grub pa zhes bgyi'o // bcom ldan 'das kyis bka' stsal pa; rab 'byor / 'di ji snyam du sems / mtshan phun sum tshogs pas / de bzhin gshegs par blta'am / rab 'byor gyis gsol pa / bcom ldan 'das / de ni; ma lags te / mtshan phun sum tshogs pas de bzhin gshegs par mi blta'o // de ci'i slad du zhe na / de bzhin gshegs pas mtshan phun sum tshogs par gang gsungs pa de / mtshan phun sum tshogs pa ma mchis par de bzhin gshegs pas gsungs pa'i slad du ste / des na / mtshan phun sum tshogs pa zhes bgyi'o // bcom ldan 'das kyis bka' stsal pa / rab 'byor / 'di ji snyam du sems / de bzhin gshegs pa 'di snyam du / ngas chos bstan to zhes dgongs so // snyam na / @231b rab 'byor / de ltar mi blta ste / de bzhin gshegs pas gang bstan pa'i chos de gang yang med do // rab 'byor / su zhig 'di skad du / de bzhin gshegs pas chos bstan to; ;zhes zer na / rab 'byor / de ni / med pa dang / log par zin pas nga la skur bar 'gyur ro // de ci'i phyir zhe na / rab 'byor / chos bstan pa zhes bya ba dmigs par 'gyur ba'i chos bstan pa chos bstan pa zhes bya ba de / gang yang med pa'i phyir ro // de nas bcom ldan 'das la tshe dang ldan pa rab 'byor gyis 'di skad gsol to // bcom ldan 'das / ma 'ongs pa'i dus na sems can gang dag 'di lta bu'i chos bstan pa 'di thos nas mngon par yid ches par 'gyur ba mchis sam / bcom ldan 'das kyis bka' stsal pa; rab 'byor / de dag ni / sems can yang ma yin / sems can med pa yang ma yin no // de ci'i phyir zhe na / rab 'byor / sems can rnams zhes bya ba ni / de bzhin gshegs pas de dag sems can med par gsungs pa'i phyir te / des na / sems can rnams zhes bya'o // rab 'byor / 'di ji snyam du sems / de bzhin gshegs pas gang bla na med pa yang dag par rdzogs pa'i byang chub mngon par rdzogs par sangs rgyas pa'i chos de gang yang yod dam / tshe dang ldan pa rab 'byor gyis gsol pa / @232a *// bcom ldan 'das / de bzhin gshegs pas gang bla na med pa yang dag par rdzogs pa'i byang chub mngon par rdzogs par sangs rgyas pa'i chos de gang yang ma mchis lags so // bcom ldan 'das kyis bka' stsal pa / rab 'byor / de de bzhin no // de de bzhin te / de chos cung zad kyang med cing mi dmigs te / des na / bla na med pa yang dag par rdzogs pa'i byang chub ces bya'o // yang rab 'byor / chos de ni / mnyam pa ste / de la mi mnyam pa gang yang med pas des na / bla na med pa yang dag par rdzogs pa'i byang chub ces bya'o // bla na med pa yang dag par rdzogs pa'i byang chub de ni / bdag med pa dang / sems can med pa dang / srog med pa dang / gang zag med par mnyam pa ste / dge ba'i chos thams cad kyis mngon par rdzogs par 'tshang rgya'o // rab 'byor / dge ba'i chos rnams dge ba'i chos rnams zhes bya ba ni / de dag de bzhin gshegs pas chos med pa nyid du gsungs te / des na dge ba'i chos rnams zhes bya'o // yang rab 'byor / rigs kyi bu'am / rigs kyi bu mo gang la la zhig gis stong gsum gyi stong chen po'i 'jig rten gyi khams na ri'i rgyal po ri rab gang dag ji snyed @232b yod pa de tsam gyi rin po che sna bdun gyi phung po mngon par bsdus te sbyin pa byin pa bas / gang gis shes rab kyi pha rol tu phyin pa 'di las tha na tshig bzhi pa'i tshigs su bcad pa tsam bzung nas gzhan dag la pa bas / yang bstan na / rab 'byor / bsod nams kyi phung po 'di la bsod nams kyi phung po snga ma des brgya'i char yang mi phod pa nas rgyu'i bar du yang nye bar mi bzod do // rab 'byor / 'di ji snyam du sems / de bzhin gshegs pa 'di snyam du / ngas sems can rnams dkrol lo zhes dgongs so // snyam na / rab 'byor / de de ltar mi blta'o // de ci'i phyir zhe na / rab 'byor / de bzhin gshegs pas gang bkrol ba'i sems can de dag gang yang med pa'i phyir ro // rab 'byor / gal te de bzhin gshegs pas sems can gang la la zhig bkrol bar gyur na / de nyid de bzhin gshegs pa'i bdag tu 'dzin par 'gyur / sems can du 'dzin pa dang / srog tu 'dzin pa dang / gang zag tu 'dzin par 'gyur ro // rab 'byor / bdag tu 'dzin ces bya ba ni / de 'dzin pa med par de bzhin gshegs pas gsungs na / de yang byis pa so so'i skye bo rnams kyis bzung ngo // rab 'byor / byis pa so so'i skye bo rnams zhes bya ba ni / de dag skye bo med pa nyid du de bzhin gshegs pas gsungs @233a *// te; des na / byis pa so so'i skye bo rnams zhes bya'o // rab 'byor / 'di ji snyam du sems / mtshan phun sum tshogs pas de bzhin gshegs par blta'am / rab 'byor gyis gsol pa / bcom ldan 'das / de ni / ma lags te / mtshan phun sum tshogs pas de bzhin gshegs par mi blta'o // bcom ldan 'das kyis bka' stsal pa / rab 'byor / de de bzhin te / mtshan phun sum tshogs pas de bzhin gshegs par mi blta'o // rab 'byor / gal te mtshan phun sum tshogs pas de bzhin gshegs par blta bar gyur na / 'khor los bsgyur ba'i rgyal po yang de bzhin gshegs par 'gyur te / de bas na / mtshan phun sum tshogs pas de bzhin gshegs par mi blta'o // de nas bcom ldan 'das la tshe dang ldan pa rab 'byor gyis 'di skad ces gsol to // bcom ldan 'das kyis gsungs pa'i don bdag gis 'tshal ba ltar na / mtshan phun sum tshogs pas de bzhin gshegs par mi blta'o // de nas bcom ldan 'das kyis de'i tshe tshigs su bcad pa 'di dag bka' stsal to // gang dag nga la gzugs su mthong // gang dag nga la sgrar shes pa // log par spong bas zhugs pa ste // skye bo de dag nga mi mthong // @233b sangs rgyas rnams ni chos nyid blta // 'dren pa rnams ni chos kyi sku // chos nyid shes par bya min pas // de ni rnam par shes mi nus // rab 'byor / 'di ji snyam du sems / mtshan phun sum tshogs pas de bzhin gshegs pa dgra bcom pa yang dag par rdzogs pa'i sangs rgyas so // snyam du 'dzin na / rab 'byor / khyod kyis de ltar mi blta ste / rab 'byor; mtshan phun sum tshogs pas de bzhin gshegs pa dgra bcom pa yang dag par rdzogs pa'i sangs rgyas kyis bla na med pa yang dag par rdzogs pa'i byang chub mngon par rdzogs par sangs rgyas pa med do // rab 'byor / 'di snyam du / byang chub sems dpa'i theg pa la yang dag par zhugs pa rnams kyis chos la la zhig rnam par bshig gam / chad par btags pa snyam du 'dzin na / rab 'byor / de ltar mi blta ste / byang chub sems dpa'i theg pa la yang dag par zhugs pa rnams kyis chos gang yang rnam par bshig pa'am / chad par btags pa med do // yang rab 'byor / rigs kyi bu'am / rigs kyi bu mo gang gis 'jig rten gyi khams gangg'a'i bye ma snyed dag rin po che sna bdun gyis rab tu gang bar byas te sbyin par byin pa bas / byang chub sems dpa' gang zhig chos rnams bdag med cing skye ba med pa la bzod pa bas / pa thob na / de nyid @234a *// gzhi de las bsod nams kyi phung po ches mang du bskyed do // yang rab 'byor / byang chub sems dpas bsod nams kyi phung po yongs su gzung bar mi bya'o // tshe dang ldan pa rab 'byor gyis gsol pa / bcom ldan 'das / byang chub sems dpas bsod nams kyi phung po yongs su gzung bar mi bgyi lags sam / bcom ldan 'das kyis bka' stsal pa / rab 'byor / yongs su gzung mod kyi / log par mi gzung ste / des na / yongs su gzung ba zhes bya'o // rab 'byor / gang la la zhig 'di skad du / de bzhin gshegs pa bzhud dam / byon tam / bzhengs sam /	10.0
unmAdam te satvAH prApnuyuH citta vikzepam vA gacCeyuH	bzhugs sam / mnal bar mdzad do // zhes de skad zer na / des na ngas bshad pa'i don mi shes so; ;de ci'i phyir zhe na / rab 'byor / de bzhin gshegs pa zhes bya ba ni / gar yang ma bzhud / gang nas kyang ma byon pa'i phyir te / des na / de bzhin gshegs pa dgra bcom pa yang dag par rdzogs pa'i sangs rgyas zhes bya'o // yang rab 'byor / rigs kyi bu'am / rigs kyi bu mo gang gis stong gsum gyi stong chen po'i 'jig rten gyi khams na sa'i rdul rnams ji snyed yod pa de dag 'di lta ste / dper na / rdul phra rab kyi tshogs bzhin du phye mar byas na / rab 'byor / 'di ci snyam du sems / rdul @234b phra rab kyi tshogs de mang ba yin nam / rab 'byor gyis gsol pa / bcom ldan 'das / de de ltar lags te / rdul phra rab kyi tshogs de mang ba lags so // de ci'i slad du zhe na; bcom ldan 'das / gal te tshogs shig mchis par gyur na / bcom ldan 'das kyis rdul phra rab kyi tshogs zhes bka' mi stsol ba'i slad du'o // de ci'i slad du zhe na / bcom ldan 'das kyis rdul phra rab kyi tshogs zhes gang gsungs pa de tshogs ma mchis par de bzhin gshegs pas gsungs pa'i slad du ste / des na / rdul phra rab kyi tshogs zhes bgyi'o; ;de bzhin gshegs pas stong gsum gyi stong chen po'i 'jig rten gyi khams zhes gang gsungs pa de / khams ma mchis par de bzhin gshegs pas gsungs te; des na / stong gsum gyi stong chen po'i 'jig rten gyi khams zhes bgyi'o // de ci'i slad du zhe na / bcom ldan 'das / gal te khams shig mchis par gyur na / de nyid ril por 'dzin par 'gyur ba'i slad du'o // de bzhin gshegs pas ril por 'dzin par gang gsungs pa de / 'dzin pa ma mchis par de bzhin gshegs pas gsungs te / des na; ril por 'dzin pa zhes bgyi'o // bcom ldan 'das kyis bka' stsal pa / rab 'byor / ril por 'dzin pa nyid ni / tha snyad de / chos de ni / brjod du med pa yin na / @235a *// de yang byis pa so so'i skye bo rnams kyis bzung ngo // rab 'byor / gang la la zhig 'di skad du / de bzhin gshegs pas bdag tu lta bar gsungs shing / de bzhin gshegs pas sems can du lta ba dang / srog tu lta ba dang / gang zag tu lta bar gsungs so // zhes zer na / rab 'byor / de yang yang dag par smra bas smra ba yin nam / rab 'byor gyis gsol pa / bcom ldan 'das / de ni / ma lags so // bde bar gshegs pa / de ni / ma lags so // de ci'i slad du zhe na / bcom ldan 'das / de bzhin gshegs pas bdag tu lta bar gang gsungs pa de / lta ba ma mchis par de bzhin gshegs pas gsungs pa'i slad du sta / des na / bdag tu lta ba zhes bgyi'o; ;bcom ldan 'das kyis bka' stsal pa / rab 'byor / byang chub sems dpa'i theg pa la yang dag par zhugs pa rnams kyis 'di ltar chos thams cad shes par bya; blta bar bya / mos par bya ste / ci nas chos su 'du shes pa la yang mi gnas pa de ltar mos par bya'o // de ci'i phyir zhe na / rab 'byor / chos su 'du shes chos su 'du shes zhes bya ba ni / 'du shes med par de bzhin gshegs pas gsungs pa'i phyir te / des na / chos su 'du shes zhes bya'o // yang rab 'byor / byang chub @235b sems dpa' sems dpa' chen po gang gis 'jig rten gyi khams dpag tu med cing grangs med pa dag rin po che sna bdun gyis rab tu gang bar byas te sbyin pa byin pa bas / rigs kyi bu'am / rigs kyi bu mo gang gis shes rab kyi pha rol tu phyin pa 'di las tha na tshig bzhi pa'i tshigs su bcad pa tsam blangs nas 'dzin tam / klog gam / kun chub par byed dam / gzhan dag la yang rgya cher yang dag par rab tu ston na / de nyid gzhi de las bsod nams mang du grangs med dpag tu med pa bskyed do // ji ltar yang dag par rab tu ston ce na / ji ltar yang dag par rab tu mi ston pa de bzhin du ste / des na / yang dag par rab tu ston pa zhes bya'o // skar ma rab rib mar me dang // sgyu ma zil ba chu bur dang // rmi lam glog dang sprin lta bu // 'dus byas de ltar blta bar bya //	10.0

