	@1b #// rgya gar skad du /manydzu shr'i dzny'a na satva sya pa ra m'artha n'a ma sam g'i ti / bod skad du / 'jam dpal ye shes sems dpa'i don dam pa'i mtshan yang dag par brjod pa / 'jam (*// rgyad rgyal sdud mdzad chos rgyal zla ba bzang // ) (*// rigs brgya'i khyab pa dag drug pa rdo rje 'chang //) (*// lha yi rigs ldan pad ma dkar po'i zhabs //) @2a #//dpal gzhon nur gyur pa la phyag 'tshal lo //	10.0
advaya paramArTA nAma saMgi iti om namaH SrI mahA maQjunATAya aTa vajraDaraH SrImAn durdAnta damakaH paraH	de nas dpal ldan rdo rje 'chang // gdul dka' 'dul ba rnams kyi mchog /	67.6972447523649
triloka vijayI vIraH guhya rAj kuliSa ISvaraH	dpa' bo 'jig rten gsum las rgyal // rdo rje dbang phyug gsang ba'i rgyal //	81.52972459793091
vibudDa puNxarIkAkzaH protPulla kamala AnanaH	rnam rgyas padma dkar po'i spyan; ;padma rab tu rgyas pa'i zhal // rang gi lag gi rdo rje mchog /	69.46382060839017
prollAlayan vajra varam sva kareNa muhur muhur	yang dang yang du gsor byed pa // khro gnyer ldan pa'i rlabs la sogs //	74.39058923411214
BRkuwI taraFga pramuKEH anantEH vajrapANiBiH durdAnta damakEH vIrEH vIra bIBatsa rUpiBiH	lag na rdo rje mtha' yas pa // (*// rgyal ba gnyis pa 'jam mgon blo bzang grags //) (*// mkhas btsun bzang grub 7rgyal mchog thub bstan mtshon kha [?] ) @2b dpa' bo gdul dka' 'dul ba po // dpa' bo 'jigs rung gzugs can dang // rdo rje rtse mo rab 'phro ba //	58.19640772943468
ullAlayadBiH sva karEH prasPurat vajra kowiBiH	rang gi lag gis gsor byed pa //	64.67752805832893
prajQA upAya mahA karuNAH jagat arTa karEH paraH	shes rab thabs dang snying rje che // 'gro don byed pa rnams kyi mchog / dga' mgu rangs pa'i bsams pa can //	81.83465716688274
hRzwa tuzwa ASayEH muditEH kroDa vigraha rUpiBiH	khro bo'i lus kyi gzugs ldan pa // sangs rgyas 'phrin las byed pa'i mgon //	57.89084917931419
budDa kRtya karEH nATEH sArdDam praNata vigrahEH	lus btud rnams kyis lhan cig tu //	72.465865724227
praNamya nATam saMbudDam Bagavantam taTAgatam	mgon po bcom ldan de bzhin gshegs // rdzogs sangs rgyas la phyag 'tshal te //	69.15214853321781
kRta aQjali puwaH BUtvA idam Aha sTitaH grataH	thal mo sbyar ba byas gyur nas // spyan sngar 'dug ste 'di skad gsol //	86.09129094767415
mad hitAya mama arTAya anukampAya me viBo	khyab bdag bdag la sman pa dang // bdag don bdag la thugs brtse'i phyir //	79.97869229992412
mAyA jAlA aBisaMboDim yaTA lABI BavAmi aham	sgyu 'phrul dra bas mngon rdzogs pa'i // byang chub ji ltar bdag thob mdzod // nyon mongs pas ni sems dkrugs shing //	78.31193039025058
ajQAna paFka magnAnAm kleSa vyAkula cetasAm	mi shes 'dam du bying ba yi //	67.78036753336588
hitAya sarva sattvAnAm anuttara Pala Aptaye	@3a #// sems can kun la sman pa dang // bla med 'bras bu thob pa'i phyir //	85.96891682806198
prakASayatu saMbudDaH BagavAm SAstA jagadguruH	bcom ldan ston pa rdzogs sangs rgyas // 'gro ba'i bla mas bshad du gsol //	84.85632739724564
mahA samaya tattva jQaH indraya ASaya vid paraH	dam tshig chen po de nyid mkhyen // dbang po bsam pa rig pa mchog / bcom ldan 'das kyi ye shes sku //	84.59837909581498
Bagavat jQAna kAyasya mahA uzNIzasya gIzpata ih	gtsug tor chen po tshig gi bdag //	61.13694054940167
maQjuSrI jQAna sattvasya jQAna mUrteH svayamBuvaH	'jam dpal ye shes sems dpa' yi // ye shes sku ste rang byung ba //	83.38484841034158
gamBIra arTAm udAra arTam mahArTAm asamAm SivAm Adi maDya anta kalyANIm nAma saMgItim uttamAm	don zab don ni rgya che zhing // don chen mtshungs med rab zhi ba // thog ma bar dang mthar dge ba // mtshan yang dag par brjod pa mchog /	70.17958801274813
yAtItEH BAzitAH budDEH BAzizyante hi anAgatAH	'das pa'i sangs rgyas rnams kyis gsungs //	73.81945313726152
pratyutpannAH ca saMbudDAH yAm BAzante punar punar	ma 'ongs rnams kyang gsung 'gyur la // da ltar byung ba'i rdzogs sangs rgyas // gang yang yang yang gsung ba gang //	81.48977715084064
mAyA jAle mahAtantre yA ca asmin saMpragIyate	rgyud chen sgyu 'phrul dra pa 'dir //	64.78052582611909
mahA vajraDarEH hRzwEH ameyEH mantra DAriBiH	rdo rje 'chang chen gsang sngags 'chang // dpag med rnams @3b kyis dgyes pa yis // gang yang yang dag rab gsungs pa //	76.41240398356202
aham ca enAm DArayizyAmi A niryANAm dRXa ASayaH	bdag kyang 'di ni gzung bar bgyi // bsam pa brtan pos nges 'byung bar //	84.79032127289044
yaTA BavAmi aham nATa sarva saMbudDa guhya DRk prakASayizye sattvAnAm yaTASaya viSezataH	mgon po rdzogs sangs rgyas kun gyi // gsang 'dzin ji ltar bdag 'gyur bgyi //	70.32903682231478
aSeza kleSa nASAya aSeza ajQAna hAnaye	nyon mongs ma lus bsal ba dang // mi shes ma lus spang ba'i phyir // sems can rnams kyi bsam pa yi // khyad par ji bzhin rab bshad 'tshal //	76.13037654722753
evam aDyezya guhya indraH vajrapANiH taTAgatam	gsang dbang lag na rdo rje yis // de bzhin gshegs la de skad du // gsol btab pa thal mo sbyar byas te //	85.88582310583934
kRta aQjali puwaH BUtvA prahva kAyaH sTitaH grataH iti aDyezaNa jQAna gATAH zoxaSa	lus btud nas ni spyan sngar 'dug /	54.41581162037819
aTa SAkya muniH BagavAn saMbudDaH dvipada uttamaH	de nas bcom ldan sh'akya thub // rdzogs pa'i sangs rgyas rkang gnyis mchog /	91.76776493312606
nirNamayya AyatAm sPItam sva jihvAm sva muKAt SuBAm	nyid kyi zhal nas ljags bzang dge // ring zhing yangs pa brkyang mdzad de // 'jig rten gsum po snang byed cing // bdud bzhi'i dgra rnams 'dul byed pa //	63.56841549948275
smitam saMdarSya lokAnAm apAya traya SoDanam triloka ABAsa karaNam catur mAra ari SAsanam	'jig rten rnams kyi ngan song gsum // sbyong bar byed pa'i 'dzum bstan nas //	75.0371478903657
trilokam ApUrayantyA brAhmyA maDurayA girA	tshangs pa'i gsung ni snyan pa yis // 'jig rten gsum po kun bkang ste //	73.12067686270859
pratyaBAzata guhya indram vajrapANim mahA balam	lag na rdo rje stobs po che // gsang dbang la ni slar gsungs pa //	85.10507323982873
sADu vajraDara SrIman sADu te vajrapANaye	legs so dpal ldan rdo rje 'chang // lag na rdo rje khyod legs so //	90.39622137273561
yaH tam jagat hita arTAya mahA karuNayA anvitaH mahArTAm nAma saMgItim pavitrAm aGa nASinIm	'gro la phan pa'i don du khyod; ;snying rje che dang ldan gyur te //	64.83011264728643
maQjuSrI jQAna kAyasya mattaH Srotum samudyataH	'jam dpal ye shes sku yi mtshan // yang dag brjod pa don che ba // dag par byed cing sdig sel ba //	78.72798335695492
tat sADu deSayAmi ezaH aham te guhyaka aDipa	nga las nyan par brtson pa ni // @4a *// gsang ba'i bdag po khyod legs so // de phyir 'di ni ngas bshad bya //	83.83013364429034
SRNu tvam ekAgra manAH tat sADu Bagavan iti iti prativacana jQAna gATAH zax	khyod ni rtse gcig yid kyis nyon // bcom ldan de ni legs zhes gsol //	69.83780716828082
aTa SAkya muniH BagavAn sakalam mantra kulam mahat	da nas bcom ldan sh'akya thub // gsang sngags mtha' dag rigs chen po //	80.72320186695488
mantra vidyADara kulam vyavalokya kula trayam	gsang sngags rig pa 'chang ba'i rigs // rigs gsum la ni rnam par gzigs //	84.5074921527704
loka loka uttara kulam lokAloka kulam mahat	'jig rten 'jig rten 'das pa'i rigs //	71.11957310341501
mahAmudrA Akulam ca agryam mahA uzNIza kulam mahat iti zaz kula avalokana jQAna gATe dve	'jig rten snang byed rigs chen dang // phyag rgya chen po'i rigs mchog dang // gtsug tor chen po'i rigs chen no //	81.69664081704107
imAm zaz mantra rAjAnAm saMyuktAm advaya udayAm	gsang sngags rgyal po drug ldan zhign // gnyis su med par 'byung ba dang // skye ba med pa'i chos can 'di //	70.56015652468824
anutpAda DarmiNIm gATAm BAzate sma girAm pateH	tshig gi bdag pos tshigs bcad gsungs // aa a'a / ai a'i / au a'u / ae aee / ao aoo /	68.79198745799532
a A i I u U e E aH O am aH sTitaH hRdi jQAna mUrtiH aham budDaH budDAnAm tri aDva vartinAm	aam aa:sthi to hri di / dzny'a na m'urti ra ham buddho buddha n'am/	58.10383717019001
om vajra tIkzNa duHKa= Ceda prajQA jQAna mUrtaye	trya dhva ba rtti nam aom badzra tikshna du:kha tstshe de:pra dzny'a dzny'a na m'urtta ye / dzny'a na k'a ya /	84.64283744599082
jQAna kAya vAgiSvarArA pacanAya te namaH iti mAyA jAlA aBisaMboDi krama gATAH tisraH	w'a g'i shva ra aa ra pa tsa na ya te na ma://	57.46540452312775
tat yaTA BagavAn budDaH saMbudDaH kArasamBavaH	'di ltar sangs rgyas bcom ldan 'das // rdzogs pa'i sangs rgyas aa yig byung //	86.0232819073323
akAraH sarva varNa agryaH mahArTaH parama akzaraH	aa yig yig 'bru kun gyi mchog / don chen 'gyur med dam pa yin //	78.98957235860995
mahA prANaH hi anutpAdaH vAc udAhAra varjitaH	srog chen po ste skye ba med; ;tshig tu brjod pa spangs pa ste //	81.36122406841592
sarva aBilApa hetu agryaH sarva vAc su praBAsvaraH	brjod pa kun gyi rgyu yi mchog / tshig kun rab tu gsal bar byed //	87.55354442419234
mahA maha mahA rAgaH sarva sattva ratiMkaraH	mchod pa chen po 'dod chags che // sems can thams cad @4b dga' bar byed //	85.26018076946322
mahA maha mahA dvezaH sarva kleSa mahA ripuH	mchod pa chen po zhe sdang che // nyon mongs kun gyi ngag che ba //	85.49767115582941
mahA maha mahAmohaH mUXaDI moha sUdanaH	mchod pa chen po gti mug che // gti mug blo ste gti mug sel //	82.0982031467324
mahA maha mahA kroDaH mahA kroDa ripuH mahAn	mchod pa chen po khro ba che // khro ba chen po dgra che ba //	85.1312993942819
mahA maha mahA loBaH sarva loBa nizUdanaH	mchod pa chen po chags pa che // chags pa thams cad sel bar byed //	79.26825473035585
mahAkAmaH mahA sOKyaH mahAmodaH mahAratiH	'dod pa chen po ba de ba che //	79.06907703799587
mahArUpaH mahA kAyaH mahA varNaH mahA vapuH	dga' ba chen po mgu ba che // gzugs che lus kyang che ba ste // kha dog che zhing lus bod che //	81.00507188275962
mahAnAmA mahodAraH mahA vipula maNxalaH	ming yang che zhing rgya che ba // dkyil 'khor chen po yangs pa yin // shes rab chen po mtshon 'chad ba //	82.70249345637036
mahA prajQA AyuDa DaraH mahA kleSa aFkuSaH graNIH	nyon mongs lcags kyu che ba'i mchog /	79.8672344426851
mahA yaSA mahA kIrtiH mahAjyotiH mahA dyutiH	grags chen snyan grags chen po ste // snang ba chen po gsal ba che // mkhas pa sgyu 'phrul chen po 'chang //	73.2069997016807
mahAmAyA DaraH vidvAn mahAmAyA arTa sADakaH	sgyu 'phrul chen po don sgrub pa //	66.78997956003462
mahAmAyA rati H atas mahAmAyA indrajAlikaH	sgyu 'phrul chen po dg' bas dga'// sgyu 'phrul chen po mig 'phrul can //	64.8467475051799
mahA dAna patiH SrezWaH mahA SIla DaraH graNIH	sbyin bdag chen po gtso bo ste // tshul khrims chen po 'chang ba'i mchog /	90.05499683083939
mahA kzAnti DaraH DIraH mahA vIrya parAkramaH	bzad chen 'chang ba brtan pa ste // brtson 'grus chen po pha rol gnon //	90.78777584096358
mahA DyAna samADi sTaH mahA prajQA SarIra dHRS	bsam gtan chen po ting 'dzin gnas // shes rab chen po lus 'chang ba //	85.22369512504203
mahA balaH mahA upAyaH praNiDiH jQana sAgaraH	stobs po che la thabs che ba // smon lam ye shes rgya mtsho ste // byams chen rang bzhin dpag tu med //	82.77375594201632
mahA mEtrI mayaH meyaH mahA kAruNikaH graDIH	snying rje chen po blo yi mchog /	77.92354122797647
mahA prajQaH mahA DImAn mahA upAyaH mahA AkRtiH	shes rab chen po blo chen ldan // thabs chen byed pa chen po ste //	89.59233737265943
mahARdDi bala upetaH mahA vegaH mahA javaH	rdzu 'phrul chen po stobs dang ldan // shugs chen mgyogs pa chen po ste //	90.58946189050823
mahardDikaH maheSa AKyaH mahA bala parAkramaH	rdzu 'phrul chen po cher grags pa // stobs chen @5a *// pha rol gnon pa po //	84.83658628498783
mahA Bava adrI saMBettA mahA vajraDaraH GanaH	srid pa'i ri bo chen po 'joms // mkhregs shing rdo rje chen po 'chang //	85.25231632253096
mahA krUraH mahA rOdraH mahA Baya BayaMkaraH	drag po chen po drag shul che // 'jigs chen 'jigs par byed pa po; ;mgon po rigs mchog chen po ste //	79.32453874524806
mahAvidyA uttamaH nATaH mahA mantra uttamaH guruH	bla ma gsang sngags che ba mchog /	79.28311864067527
mahAyAna nayA ArUXaH mahAyAnanaya uttamaH iti vajra DAtu maNxala jQAna gATAH caturdaSa	theg pa chen po'i tshul la gnas // theg pa chen po'i tshul gyi mchog // sangs rgyas rnam par snad mdzad che /	74.9946570279404
mahAvErocanaH budDaH mahAmOnI mahA muniH	thub pa chen po thub chen ldan /	70.4510567188263
mahA mantra naya udBUtaH mahA mantra naya AtmakaH	gsang sngags tshul chen las byung ba // gsang sngags tshul chen bdag nyid can //	86.72587437253935
daSa pAramitA praptaH daSa pAramitA ASrayaH	pha rol phyin bcu thob pa ste // pha rol pyin pa bcu la gnas //	76.65455365985831
daSa pAramitA SudDiH daSa pAramitA anayaH	pha rol phyin bcu dag pa ste // pha rol phyin pa bcu yi tshul //	86.92285378593259
daSa BUm ISvaraH nATaH daSa BUmi pratizWitaH	sa bcu'i dbang phyug mgon po ste // sa cu la ni rab tu gnas //	81.10088695875028
daSa jQAna viSudDa AtmA daSa jQAna viSudDa DRk	shes bcu rnam dag bdag nyid can //	72.00797989789177
daSa AkAraH daSArTa arTaH muni indraH daSa balaH viBuH	shes bcu rnam dag 'chang ba po; ;rnam pa bcu po don bcu'i don // thub dbang stobs bcu khyab pa'i bdag /	85.0464846560868
aSeza viSva arTa karaH daSa AkAra vaSI mahAn	kun gyi don ni ma lus byed // rnam bcu dbang ldan che ba po //	87.11433996549466
anAdiH nizprapaQca AtmA SudDa AtmA taTatA AtmakaH	thog ma med pa spros med bdag // de bzhin nyid dag dag pa'i bdag / yang dag smra zhing chig gzhan med //	82.07967102091827
BUta vAdI yaTAvAdI taTA AkArI ananya vAc	ji skad smras pa de bzhin byed //	59.48331368330753
advayaH dvaya vAdI ca BUtakowi vyavasTitaH	gnyis su med pa gnyis med smra // yang dag mtha' la rnam par gnas //	77.93024006386256
nErAtmya siMha nirNAdI kutIrTya mRga BIkaraH	bdag med seng+ge'i sgra dang ldan // mu stegs ri dvags ngan 'jigs byed //	83.2352670933673
sarvatragaH moGa gatiH taTAgata manojavaH	kun tu 'gro pa don yod bgrod // de bzhin gshegs pa'i yid ltar mgyogs //	81.6747338619124
jinaH jita ariH vijayaH cakravartI mahA balaH	rgyal ba dgra rgyal rnam par rgyal // @5b 'khor los bsgyur ba stobs po che //	85.02976493870487
gaNamuKyaH gaNa AcAryaH gaNeSaH gaNapatiH vaSI	tshogs kyi slob dpon tshogs kyi gtso // tshogs rje tshogs bdag dbang dang ldan //	80.8863886023241
mahA anuBAvaH DOreyaH nanyaneyaH mahAnayaH	mthu chen gces par 'dzin pa ste // tshul chen gzhan gyi 'dren pa min //	75.08634629009985
vAgISaH vAkpatiH vAgmI vAcaspatiH ananta gIH	tshig rje tshig bdag smra mkhas pa //	64.50239760166889
satya vAc satya vAdI ca catur satya upadeSakaH	tshig la dbang ba tshig mtha' yas // tshig bden bden par smra ba dang // bden pa bzhi ni ston pa po //	83.00340614428072
avEvartikaH hi anAgAmI KaxgaH pratyekanAyakaH	phyir mi ldog pa phyir mi 'ong // bse ru so sor 'dren pa ste; ;nges 'byung sna tshogs nges 'byung ba //	76.71848431649752
nAnA niryANa niryAtaH mahABUta eka kAraNaH	'byung ba chen po rgyu gcig pu //	65.48971488259056
arhan kzINa AsravaH BikzuH vIta rAgaH jita indriyaH	dge slong dgra bcom zag pa zad // 'dod chags bral ba dbang po thul //	80.96119784563922
kzema prAptaH Baya prAptaH SItIBUtaH hi anAvilaH	bde ba rnyed pa 'jigs med thob // bsil bar gyur pa gos pa med //	76.17629360674572
vidyA caraNa saMpannaH sugataH loka vid paraH	rig pa dang ni rkang par ldan // bder gshegs 'jig rten rig pa mchog /	83.7237266483883
nirmamaH nirahaMkAraH satya dvaya naya sTitaH	bdag gir mi 'dzin ngar mi 'dzin // bden pa gnyis kyi tshul la gnas // 'khro ba'i pha rol mthar gnas pa //	74.95827411989524
saMsAra pAra kowi sTaH kRtakRtyaH sTala sTitaH	bya ba byas pa skam sar gnas // ye shes 'ba' zhig nges 'byung ba //	79.65674853764835
kEvalya jQAna nizWyUtaH prajQA SastraH vidAraNaH	shes rab mtshon chas rnam 'joms pa //	72.07495130719366
sadDarmaH DarmarAj BAsvAn lokAloka karaH paraH	dam chos chos rgyal gsal bar ldan // 'jig rten snang bar byed pa'i mchog /	84.08591948213028
DarmeSvaraH DarmarAjaH SreyaH mArga upadeSakaH	chos kyi dbang phyug chos kyi rgyal // legs pa'i lam ni ston pa po //	84.05757886801155
sidDArTaH sidDa saMkalpaH sarva saMkalpa varjita h	don grub grub pa'i kun rtog ni // kun tu rtog pa thams cad spangs //	85.15309041396539
nirvikalpaH kzayaH DAtuH DarmaDAtuH paraH vyayaH	rnam par mi rtog dbyings mi zad; ;chos dbyings dam pa zad mi shes //	80.33158079692821
puNyavAn puNya saMBAraH jQAnam jQAna Akaram mahat jQAnavAn sat asat jQAnI saMBAra dvaya saMBRtaH	bsod nams ldan pa bsod nams tshogs // ye shes ye shes 'byung gnas che // ye shes ldan pa yod med shes // tshogs gnyis tshogs dang yang @6a *// dag ldan // rtag pa kun rgyal rnal 'byor can //	87.73414824833999
SASvataH viSvarAj yogI DyAnam DyeyaH DiyAm patiH	bsam gtan bsam byas blo yi bdag /	68.22878499464555
pratyAtma vedyaH hi acalaH parama AdyaH trikAyaDRk	so so rang rig mi g-yo ba // mchog gi dang po sku gsum 'chang //	82.9155162862852
paQcakAya AtmakaH budDaH paQca jQAna AtmakaH viBuH	sangs rgyas sku lnga'i bdag nyid can // khyab bdag ye shes lnga yi bdag / sangs rgyas lnga bdag cod pan can //	81.21932928877756
paQca budDa Atma mukuwaH paQca cakzuH asaFgaDRk	spyan lnga chags pa med pa 'chang //	69.78795054223802
janakaH sarva budDAnAm budDa putraH paraH varaH	sangs rgyas thams cad skyed pa po // sangs rgyas sras po dam pa mchog /	87.16411837408332
prajQA aBava udBavaH yoniH Darma yoniH Bava anta kRt	shes rab srid 'byung skye gnas te // chos kyi skye gnas srid mthar byed //	84.76550613242163
Gana ekasAraH vajra AtmA sadyojAtaH jagatpatiH	gcig pu sre mkhregs rdo rje'i bdag / 'phral du bskyed pa 'gro ba'i bdag /	82.84768890140313
gagana udBavaH svayamBUH prajQA jQAna analaH mahAn	nam mkha' las byung rang byung ba // shes rab ye shes me bo cha //	84.09281530203047
vErocanaH mahA dIptiH jQAna jyotiH virocanaH	'od chen rnam par snang bar byed //	62.79114624432155
jagat pradIpaH jQAna ulkaH mahA tejAH praBAsvaraH	ye shes snang ba lam me ba // 'gro ba'i mar me ye shes sgron // gzi brjid chen po 'od gsal ba; ;rig pa'i rgyal mchog sngags dbang po //	77.5184687974673
vidyA rAjaH gramantreSaH mantrarAjaH mahArTa kRt	gsang sngags rgyal po don chen byed //	74.69684288376256
mahA uzNIzaH dBUta uzNIzaH viSva darSI viyat patiH	gtsug tor chen po rmad byung gtsug / nam mkha'i bdag po sna tshogs ston //	69.19297136741753
sarva budDa Atma BAva agryaH jagat Ananda locanaH	sangs rgyas kun bdag dngos po mchog / 'gro ba dga' ba'i mig dang ldan // sna tshogs gzugs can skyed pa po //	88.10453198452089
viSvarUpI viDAtA ca pUjyaH mAnyaH mahARziH	mchod 'os rjed 'os drang srong che //	73.73451128521481
kula traya DaraH mantrI mahA samaya mantraDRk	rigs gsum 'chang ba gsang sngags ldan // dam tshig chen po gsang sngags 'jin // gtso bo dkon mchog gsum 'dzin pa //	87.53643014676486
ratnatraya DaraH SrezWaH tri yAna uttama deSakaH	theg pa mchog gsum ston pa po // don yod zhags pa rnam par rgyal /	81.80458243606634
amoGa pASaH vijayI vajrapASaH mahA grahaH	'dzin pa chen po rdo rje zhags /	80.42955493927002
vajrAFkuSaH mahA pASaH vajraBErava BIkaraH iti suci SudDa Darma DAtu jQAna gATAH pAda Una paQcaviMSatiH	rdo rje lcags kyu @6b zhags pa che // rdo rje 'jigs byed 'jigs par byed //	65.26090255795047
kroDa rAj zaNmuKaH BImaH zaz netraH zaxBUjaH balI	khro bo'i rgyal po gdong drug 'jigs // mig drug lag drug stobs dang ldan /	86.03588803962222
daMzwra karAlaH kaFkAlaH halAhalaH SatAnanaH	keng rus mche ba gtsigs pa po // ha la ha la gdong brgya pa //	72.45640148511747
yamAntakaH viGna rAjaH vajravegaH BayaMkaraH	gshin rje mthar byed bgegs kyi rgyal // rdo rje shugs can 'jigs byed pa // rdo rje grags pa rdo rje snying //	71.58124186957706
viGuzwa vajraH hRd vajraH mAyA vAjraH mahodaraH	sgyu 'phrul rdo rje gsus po che // rdo rje skye gnas rdo rje'i dbang //	67.33042248556403
kuliSa ISaH vajra yoniH vajramaNxaH naBa upamaH	rdo rje snying po mkha' 'dra ba; ;mi g-yo ral pa gcig bsgyings pa //	80.98077398085142
acala eka jawA AwopaH gaja carma pawa Ardra DRk	glang chen pags pa rlon pa 'chang //	76.28260376718309
hAhAkAraH mahA GoraH hi ihIkAraH BayAnakaH	drag chen h'a h'a zhes sgrog pa // hi hi zhes sgrog 'jigs par byed //	80.20495649115819
awwahAsaH mahAhAsaH vajrahAsaH mahA ravaH	gad mo chen po gad rgyangs can // rdo rje gad mo cher sgrog pa //	69.47397616505873
vajra sattvaH mahAsattvaH vajra rAjaH mahAsuKaH	rdo rje sems dpa' sems dpa' che // rdo rje rgyal po bde ba che // rdo rje gtum po dga' ba che //	81.19325360765491
vajracaNxaH mahAmodaH vajra hUMkAra hUMkRtiH	rdo rje h'um mdzad h'um gi gzugs //	71.45912190846035
vajra bANa AyuDa DaraH vajra KaxgaH nikRntanaH	rdo rje mda' yi mtshon 'chang ba // rdo rje ral gris gcod mdzad pa //	78.69267804060371
viSva vajraDaraH vajrI eka vajrI raNaQjahaH	rdo rje kun 'chang rdo rje can // rdo rje gcig pu g-yul sel ba // rdo rje 'bar ba gtsigs pa'i mig //	78.84224773252
vajra jvAlA karAla akzaH vajra jvAlA SiroruhaH	mgo skyes rdo rje 'bar ba ste //	76.75303912162781
vajra AveSaH mahA veSaH Sata akzaH vajra locanaH	rdo rje 'bebs pa 'bebs pa che // mig brgya pa ste rdo rje'i mig /	84.22000787183961
vajra roma aFkura tanuH vajra roma eka vigrahaH	rdo rje'i spu ni myu gu lus // rdo rje'i spu ni lus gcig pu // rdo rje rtse mo sen mos brtsams //	86.15478150872698
vajra kowi naKa AramBaH vajra sAra Gana= CaviH	rdo rje snying po pags pa mkhregs //	78.11086524857416
vajra mAlA DaraH SrImAn vajra ABaraNa BUzitaH	rdo rje phreng thogs dpal dang ldan // rdo rje'i rgyan gyis brgyan pa ste // gad rgyangs h'a h'a ngas par sgrog /	84.9502643079581
hAhA awwahAsaH nirGozaH vajra GozaH zaz akzaraH	yi ge drug pa rdo rje'i sgra //	64.5842405211541
maQjuGozaH mahA nAdaH trElokya eka ravaH mahAn	'jam pa'i dbyangs ni sgra che ba // 'jig rten gsum gcig sgra chen po //	83.7533404796108
AkASa DAtu paryanta GozaH GozavatAm varaH iti AdarSa jQAna gATAH pAdena sArDam daSa	nam mkha'i khams kyi mthar thug @7a *// sgra; ;sgra dang ldan pa rnams kyi mchog /	72.72502975059194
taTatA BUta nErAtmya BUtakowiH anakzaraH	yang dag med de de bzhin nyid // yang dag mtha' ste yi ge med //	76.3795717084602
SUnyatO= Adi vRzaBaH gamBIra udAra garjanaH	stong nyid smra ba'i khyu mchog ste // zab cing rgya che'i sgra sgrog pa //	81.97631161871139
Darma SaFKyaH mahA SabdaH Darma gaNxI mahA raNaH	chos kyi dung ste sgra chen pe // chos kyi gand'i sgra bo che //	83.76174163340282
apratizWata nirvANaH daSa diS Darma dunduBiH	rab tu mi gnas mya ngan 'das // phyogs bcur chos kyi rnga bo che //	75.87243893613336
arUpaH rUpavAn agryaH nAna rUpaH manaH mayaH	gzugs med gzugs ldan dam pa ste // sna tshogs gzugs can yid rang bzhin //	78.07524531144591
sarva rUpa avaBAsa SrIH aSeza pratibimba DRk	gzugs rnams thams cad snang ba'i dpal // gzugs brnyan ma lus 'chang ba po // snang ba med cing che bar grags //	84.18094832830205
apraDRzyaH maheSa AKyaH trEDAtuka maheSvaraH	khams gsum dbang phyug chen po ste; ;'phags lam shin tu mtho la gnas //	84.4653991739674
samucCrita Arya mArga sTaH DarmaketuH mahA udayaH	chos kyi tog ni cher 'byung ba //	69.58416452552333
trElokya eka kumAra aFgaH sTaviraH vRdDaH prajApatiH	'jig rten gsum po gcig gzhon lus // gnas brtan rgan po skye rgu'i bdag /	77.43604812579083
dvAtriMSat lakzaNa DaraH kAntaH trElokya sundaraH	sum cu rtsa gnyis mtshan 'chang ba // sdug gu 'jig rten gsum na mdzes //	82.67474713064813
loka jQAna guNa AcAryaH loka AcAryaH viSAradaH	slob dpon 'jig rten yon tan shes // 'jig rten slob dpon 'jigs pa med //	84.36797761607015
nATaH trAtA triloka AptaH SaraNam tAyi anuttaraH	mgon skyob 'jig rten gsum khyab pa // skyabs dang skyob pa bla na med //	81.06334083915446
gagana ABoga saMBogaH sarvajQa jQAna sAgaraH	nam mkha' khyab pa longs spyod pa // thams cad mkhyen pa ye shes mtsho //	85.45449702996703
avidyA aNxa koSa saMBettA Bava paQjara dAraNaH	ma rig sgo nga'i sbubs 'byed pa // srid pa'i dra ba 'joms pa po //	81.1721990462907
Samita aSeza saMkleSaH saMsAra arNava pAragaH	nyon mongs ma lus zhi byed pa // 'khor ba'i rgya mtsho pha rol son //	79.48111571699181
jQAna aBizeka mukuwaH samyaksaMbudDa BUzaNaH	ye shes dbang bskur cod pan can // yang dag rdzogs pa'i sangs rgyas rgyan //	89.43037633406706
tri duHKa duHKa SamanaH tryantaH nantaH tri mukti gaH	sdug bsngal gsum gyi sdug bsngal @7b zhi; ;gsum mtha' mtha' yas grol gsum pa //	80.27031388982172
sarva AvaraNa nirmuktaH AkASa sama tAm gataH	sgrib pa thams cad nges par grol // mkha' ltar mnyam pa nyid la gnas // nyon mongs dri ma kun las 'das //	81.89741780539968
sarva kleSam ala atitas tri aDvAna Dva gatim gataH	dus gsum dus med rtog par gnas //	60.54240784500584
sarva sattva mahA nAgaH guNa SeKara SeKaraH	sems can kun gyi klu chen po // yon tan thod can rnams kyi thod //	78.65425714856819
sarva upADi vinirmuktaH vyoma vartmani susTitaH	lhag ma kun las rnam grol ba // nam mkha'i lam la rab gnas pa //	80.06453742292948
mahA cintAmaNi DaraH sarva ratna uttamaH viBuH	yid bzhin nor bu chen po 'chang // khyab bdag rin chen kun gyi mchog /	87.16484555190665
mahAkalpataruH sPItaH mahABadra Gawa uttamaH	dpag bsam shing chen rgyas pa ste // bum pa bzang po che ba'i mchog /	84.94757064935057
sarva sattva arTa kRt kartA hita ezI sattva vatsalaH	byed pa sems can kun don byed // phan thogs sems can mnyes gshin pa //	89.2714133294753
SuBa aSuBa jQaH kAla jQaH samaya jQaH samayI viBuH	bzang ngan shes pa dus shes pa // khyab bdag dam shes dam tshig ldan // dus shes sems can dbang po shes //	72.99739864474523
sattva indriya jQaH vela jQaH vimukti traya kovidaH	rnam grol gsum la mkhas pa po //	67.14028215408325
guNI guNa jQaH Darma jQaH praSastaH maFgala udayaH	yon tan ldan zhing yon tan shes // chos shes rab zhi bkra shis 'byung // bkra shis kun gyi bkra shis pa //	77.75082734233129
sarva maFgala mAFgalyaH kIrtiH lakzmIH yaSaH SuBaH	grags pa dpal mo snyan pa dge //	74.11432838439941
mahA utsavaH mahA ASvAsaH mahAnandaH mahAratiH	dbugs 'byin chen po dga' ston che // dga' ba chen po rol pa che //	78.45368484226543
satkAraH satkRtiH BUtiH pramodaH SrIH yaSaspatiH	bkur sti rim gro phun sum tshogs // rab tu dga' ba grags bdag dpal //	79.59102842865205
vareNyaH vara daH SrezWaH SaraNyaH SaraNa uttamaH	mchog ldan mchog spyin gtso bo ste // skyabs kyi dam pa skyabs su 'os //	73.02353324629449
mahA BayAriH pravaraH niHSeza Baya nASanaH	rab mchog 'jigs pa chen po'i dgra; ;'jigs pa ma lus sel ba po //	76.5673950561368
SiKI SiKaNxI jawilaH jawI mONxI kirIwimAn	gtsug phud phud bu ral pa can // ral ba mgo reg cod pa na ldan //	74.34579756856215
paQcAnanaH paQcaSiKaH paQcacIraka SeKaraH	gdong lnga gtsug phud lnga dang ldan // zur phud lnga dang ldan pa'i thod // mgo zlum @8a *// brtul zhugs chen po 'chang //	75.21653017151827
mahAvrata DaraH mOQjI brahmacArI vrata uttamaH	tshangs par spyod pa brtul zhugs mchog /	70.528972864151
mahA tapAH tapaH nizWaH snAtakaH gOtamaH graNIH	dka' thub mthar phyin dka' thub che // khrus ldan goo'u ta ma mchog /	85.60116399909774
brahma vid brAhmaNaH brahmA brahma nirvANam AptavAn	bram ze / tshangs pa tshangs pa rig / tshangs pa mya ngan 'das pa thob //	87.42037454281817
muktiH mokzaH vimokza aFgaH vimuktiH SAnta tA SivaH	grol ba thar pa rnam grol lus // rnam grol zhi ba zhi ba nyid //	85.8176108384232
nirvANam nirvRtiH SAntiH SreyaH niryANam anta gaH	mya ngan 'das zhi mya ngan 'das //	71.83999458481284
suKa duHKa anta kRt nizWA vErAgyam upADi kzayaH	legs par nges 'byung mthar byed ba; ;bde ba sdug bsngal mthar byed gnas // 'dod chags bral ba brtags pa zad //	85.58780584147247
ajayaH nu pamaH vyaktaH nirABAsaH niraQjanaH	thub pa med pa dpe med pa // gsal min mi snang gos pa med //	68.60436122904645
nizkalaH sarva gaH vyApI sUkzmaH bIjam anASravaH	cha med kun 'gro khyab pa po // phra mo sa bon zag pa med //	75.96204897957331
arajaH virajaH vimalaH vAnta dozaH nirAmayaH	rdul med rdul bral dri ma med // nyes pa spangs pa skyon med pa // shin tu rab sad rnam sad bdag /	69.6375978709615
suprabudDaH vibudDa AtmA sarvajQAH sarva vid paraH	thams cad ye shes kun rig mchog /	73.14914188240513
vijQAna Darma tA atItaH jQAn ama dvaya rUpaDRk	rnam par shes pa'i chos nyid 'das // ye shes gnyis mang tshul 'chang ba //	80.77094755830215
nirvikalpaH nirABogaH tri aDva saMbudDa kArya kRt	rnam par rtog med lhun gyis grub // dus gsum sangs rgyas las byed pa //	81.7703183085575
anAdi niDanaH budDaH AdibudDaH niranvayaH	sangs rgyas thog ma tha ma med // dang po'i sangs rgyas rigs med pa //	83.45765481856698
jQAna eka cakzuH amalaH jQAna mUrtiH taTAgataH	ye shes mig gcig dri ma med // ye shes lus can de bzhin gshegs //	82.98617496382657
vAgISvaraH mahA vAdI vAdi rAj vA Adi puFgavaH	tshig gi dbang phyug smra ba che // smra ba'i skyes mchog smra ba'i rgyal // smra ba'i dam pa mchog gi gnas //	80.19401022969298
vadatAm varaH varizWaH vAdi siMhaH parAjitaH	smra ba'i seng+ge thub pa med //	70.2261552810669
samantadarSI pramodyaH tejaH mAlI sudarSanaH	kun tu lta ba mchog tu dga'//	63.6429388851955
SrIvatsaH supraBaH dIptiH BAs BAsura kara dyutiH	gzi brjid phreng ldan blta na sdug / 'od bzang 'bar ba dpal gyi be'u // snang ba gsal bar byed @8b pa'i 'od //	85.4586164167092
mahA aBizaj varaH SrezTaH Salya hartA niruttaraH	sman pa che mchog gtso bo ste // zug rdu 'byin pa bla na med // sman rnams ma lus ljon pa'i shing //	82.26728124480613
aSezaBEzajya taruH kleSa vyADiH mahA ripuH	nyon mongs nad kyi dgra che ba //	70.64388944885948
trElokya tilakaH kAntaH SrImAn nakzatra maNxalaH	sdug gu 'jig rten gsum gyi mchog / dpal ldan rgyu skar dkyil 'khor tsan //	78.35482977383678
daSa diS vyoma paryyantaH Darma Dvaja mahA ucCrayaH	phyogs bcu nam mkha'i mthar thug pa // chos kyi rgyal mtshan chen po sgreng // 'gro ba'i gdugs gcig yangs pa ste //	85.76340170516862
jagat Satra eka vipulaH mEtrI karuNa maNxalaH	byams dang snying rje'i dkyil 'khor can //	78.2768017223903
padma nRtya ISvaraH SrImAn ratna= CatraH mahA viBuH	dpal ldan padma gar dbang phyug / khyab bdag chen po rin chen gdugs //	84.4432934973127
sarva budDa mahA rAjaH sarva budDa Atma BAva DRk	sangs rgyas kun gyi rgyal po che // sangs rgyas kun bdag dngos po 'dzin //	92.1126546716029
sarva budDa mahA yogaH sarva budDa eka SAsanaH	sangs rgyas kun gyi rnal 'byor che // sangs rgyas kun gyi bstan pa gcig /	94.54544614551324
vajra ratna aBizeka SrIH sarva ratna aDipa ISvaraH	rdo rje rin chen dbang bskur dpal // rin chen kun bdag dbang phyug ste //	93.7733160888009
sarva loka ISvara patiH sarva vajraDara aDipaH	'jig rten dbang phyug kun gyi bdag / rdo rje kun 'chang mnga' bdag ste //	93.64366363284844
sarva budDa mahA cittaH sarva budDa manaH gatiH	sangs rgyas kun gyi thugs che ba // sangs rgyas kun gyi thugs la gnas //	86.7541512670921
sarva budDa mahA kAyaH sarva budDa sarasvatI	sangs rgyas kun gyi sku che ba // sangs rgyas kun gyi mtsho dang ldan //	89.08722713592456
vajra sUryaH mahA lokaH vajra indu vimala praBaH	rdo rje nyi ma snang ba che // rdo rje zla ba dri med 'od //	85.70765277939326
virAga Adi mahA rAgaH viSva varNa ujjvala praBaH	chags bral dang po chags pa che // kha dog sna tshogs 'bar ba'i 'od //	82.91613591981523
saMbudDa vajra paryaFkaH budDa saMgIti Darma DRk	rdo rje skyil krung rdzogs sangs rgyas // sangs rgyas brjod pa'i chos 'dzin pa //	89.11192910360256
budDa padmodBavaH SrImAn sarvajQa jQAna koza DRk	dpal ldan sangs rgyas padma skyes // kun mkhyen ye shes mdzod 'jin pa // rgyal po sgyu 'phrul sna tshogs 'chang //	88.49659593161572
viSva mAyA DaraH rAjA budDa vidyADaraH mahAn	che ba sangs rgyas rig ba 'chang //	70.59263726643154
vajra tIkznaH mahA KaxgaH viSudDaH parama akzaraH	rdo rje rnon bo ral gri che // rnam par dag pa 'gyur med mchog /	76.72351701307467
duHKa= Ceda mahAyAna vajra Darma mahA AyuDaH	@9a *// theg pa chen po sdug bsngal gcod // mtshon cha chen po rdo rje chos // rdo rje zab mo dzin dzika /	79.78041405808352
jinajik vajra gAmBIryaH vajra budDiH yaTA arTa vid	rdo rje blo gros don bzhin rig /	74.2127833366394
sarva pAramitA pUrI sarva BUmi viBUzaNaH	pha rol phyin pa kun rdzogs pa // sa rnams thams cad rnam par brgyan //	77.35068690399564
viSudDa Darma nErAtmyaH samyak jQAna indu hRd praBaH	rnam par dag pa bdag med chos // yang dag ye shes zla snying 'od //	86.88634757279559
mAyA jAla mahA udyogaH sarva tantra aDipaH paraH	sgyu 'phrul dra ba rnal 'byor che // rgyud kun gyi ni bdag po mchog /	83.24453685341096
aSeza vajra paryaFkaH niHSeza jQAna kAya DRk	ma lus rdo rje skyil klung ste // ye shes sku rnams ma lus 'chang //	84.17412686665463
samantaBadraH sumatiH kzitigarBaH jagat DRtiH	kun tu bzang po blo gros bzang //	74.23097955096851
sarva budDa mahA garBaH viSva nirmANa cakra DRk	sa yi snying po 'gro ba 'dzin // sangs rgyas kun gyi snying po che // sna tshogs sprul pa'i 'khor lo 'chang //	84.57468185236725
sarva BAva svaBAva agryaH sarva BAva svaBAva vat Hrc	dngos po kun gyi rang bzhin mchog / dngos po kun gyi rang bzhin 'dzin //	84.86077818827557
anutpAda DarmA viSva arTaH sarva Darma svaBAva dHrk	skye med chos te sna tshogs don // chos kun ngo bo nyid 'chang ba //	79.42075407521536
eka kzaNa mahA prajQaH sarva Darma avaboDa DRk	skad cig gcig la shes rab che // chos kun khong du chud / pa 'chang //	83.90729674285514
sarva Darma aBisamayaH BUta anta muniH agraDIH	chos kun mngon par rtogs pa ste // thub pa blo mchog yang dag mtha'/ mi g-yo rab tu dang ba'i bdag //	82.77192505950146
stimitaH su prasanna AtmA samyaksaMbudDa boDi DRk	rdzogs pa'i sangs rgyas byang chub 'chang //	76.63028942454945
pratyakzaH sarva budDAnAm jQAna arciH su praBAsvaraH iti pratyavekzaNa jQAna gATAH dvAcatvAriMSat	sangs rgyas kun gyi mngon gsum pa // ye shes me lce 'od rab gsal //	68.32180712345006
izwa arTa sADakaH paraH sarva apAya viSoDakaH	'dod pa'i don sgrub dam pa ste // ngan song thams cad rnam sbyong ba //	86.40148852920956
sarva sattva uttamaH nATaH sarva sattva pramocakaH	mgon po sems can kun gyi mchog // sems can thams cad rab gol bde //	83.99909465510777
kleSa saMgrAma SUra ekaH ajQAna ripu darpa hA	nyon mongs g-yul du gcig dpa' ba // mi shes dgra ye dregs pa 'joms //	85.75340189367333
DIH SRFgAra DaraH SrImAn vIra bIBatsa rUpaDRk	blo ni sgeg 'chang dpal dang ldan // dpa' bo mi sdug gzugs 'chang ba //	76.544990287785
bAhu duNxa SatAkzepaH pada nikzepanaRttanaH	lag pa'i dbyug @9b pa brgya bskyod cing //	61.84214119684128
SrImat Sata Buja ABoga gagana ABoga narttanaH	rkang pa bskyod pas gar byed pa // dpal ldan lag pa brgyas gang la // nam mkha' khyab par gar byed pa //	73.48952023727205
eka pAda tala AkrAnta mahI maNxa tale sTitaH	rkang pa gcig gis mthil gnon pa //	66.69527787320753
brahmANxa SiKara AkrAnta pAdAFguzWa naKe sTitaH	sa yi snying po mthil la gnas tshangs pa'i sgo nga'i rtse mo gnon // rkang mtheb sen mo la gnas pa //	79.08058639409379
eka arTaH dvaya Darma arTaH parama arTaH vinaSvaraH	don gcig gnyis med chos kyi don // dam pa'i don te 'jigs pa med //	84.43042220690305
nAnA vijQapti rUpa arTaH citta vijQAna saMtatiH	rnam rig sna tshogs rang bzhin don // sems dang rnam shes rgyud dang ldan //	87.90664942536479
aSeza BAva arTa ratiH SUnyatA ratiH agraDIH	dngos po ma lus don dga' ba // stong pa nyid dga' mchog gi blo /	80.96418913935817
Bava rAga Adi atItaH ca Bava traya mahAratiH	srid pa'i 'dod chags la sogs 'das // srid pa gsum po dga' ba che //	89.50981476773737
SudDaH SuBra aBra DavalaH Sarad candra aMSu supraBaH	dag pa sprin dkar bzhin du dkar // 'od bzang ston ka'i zla ba'i 'od // nyi ma 'char ka'i dkyil ltar mdzes //	81.02709447623369
bAla arka maNxala= CAyaH mahArAga naKa praBaH	'dod chags chen po sen mo'i 'od // zur phud bzang po mthon kha mchog /	83.84734610979466
indranIla agra sat cIraH mahAnIlakaca agraDRk	skra mchog mthon kha chen po 'chang //	65.97004759939094
mahA maNi mayUKa SrIH budDa nirvANa BUzaNaH loka DAtu SatA kampI RdDi pAda mahA kramaH	nor bu chen po 'od chags dpal // sangs rgyas sprul pa'i rgyan dang ldan // 'jig rten khams brgya kun bskyor pa // rdzu 'phrul rkang pa stobs chen ldan //	89.07219331985785
mahA smRti DaraH tattvaH catur smRti samADi rAj	de nyid dran pa chen po 'chang // dran pa bzhi po ting 'dzin rgyal //	82.37769712592879
boDi aFga kusuma AmodaH taTAgata guNa udaDiH	byang chub yan lag me tog dga'// de bzhin gshegs pa yon tan mtsho //	79.04809165318417
azwAFga mArga naya vid samyaksaMbudDa mArga vid	lam gyi yan lag brgyad tshul rig / yang dag sangs rgyas lam rig pa // sems can kun la shas cher chags //	80.90323116880543
sarva sattva mahA saFgaH niHsaFgaH gagana upamaH	nam mkha' lta bur chags pa med //	62.05714126066728
sarva sattva manaH jAtaH sarva sattva manojavaH	sems can kun gyi yid las skyes // sems can kun gyi yid ltar mgyogs //	85.86015810157576
sarva sattva indriya arTa jQaH sarva sattva manoharaH	sems can kun gyi dbang don shes // sems @10a *// can kun gyi yid 'phrog pa //	89.8749239489185
paQca skanDa arTa tattva jQaH paQca skanDa viSudDa DRk	phung po lnga don de nyid shes // rnam dag phung po lnga 'chang ba // thams cad nges 'byung mtha' la gnas //	80.33204972565056
sarva niryANa kowi sTaH sarva niryANa kovidaH	thams cad nges par 'byung ba mkha' thams cad nges 'byung lam la gnas //	71.5012571678204
sarva niryANa mArga sTaH sarva niryANa deSakaH	thams cad nges 'byung ston pa po //	76.81930320603507
dvAdaSa aFga Bava utKAtaH dvAdaSa AkAra SudDa DRk	yan lag bcu gnyis srid rtsa bton // dag pa rnam pa bcu gnyis 'chang // dben bzhi'i tshul gyi rnam pa can /	78.31174524638018
catur satya naya AkAraH azwa jQAna avaboDaDRk	shes pa brgyad po rtogs pa 'chang //	64.12487602233887
dvAdaSa AkAra satya arTaH zoxaSa AkAra tattva vid	bden don rnam pa bcu gnyis ldan // de nyid rnam pa bcu drug rig /	86.16156933410221
viMSati AkAra saMboDiH vibudDaH sarva vid paraH	rnam pa nyi shus byang chub pa // rnam par sangs rgyas kun rig mchog /	84.02259272225034
ameya budDa nirmANa kAya kowi viBAvakaH	dpag med sangs rgyas sprul pa yi // sku yi mtha' ni rnam sgom pa //	79.36444858606328
sarva kzaNa aBisamayaH sarva cit takzaNa arTa vid	skad cig thams cad mngon par rtogs // sems kyi skad cig don kun rig /	88.26224067027393
nAnA yAnanayA upAya jagat arTa viBAvakaH	theg pa sna tshogs thabs tshul gyi // 'gro ba'i don gyi rnam dbye can //	81.5516963167507
yAna tritaya niryAtaH eka yAna Pale sTiTaH	theg pa gsum gyi nges 'byung ni // theg pa gcig gi 'bras bur gnas //	80.13468804855799
kleSa DAtu viSudDa AtmA karma DAtu kzayaMkaraH	nyon mongs khams rnams rnam dag bdag /	75.04225261587845
oGa udaDi samuttIrNaH yoga kAntAra niHsRtaH	las kyi khams rnams zad byed pa; ;chu bo rgya mtsho kun las rgal // sbyor ba'i dgon pa las byung ba //	75.554591358476
kleSa upakleSa saMkleSa su prahINa savAsanaH	nyon mongs nye nyon kun nyon mongs // bag chags bcas pa rab spangs pa //	84.36593130233692
prajQA upAya mahA karuNA amoGa jagat arTa kRt	snying rje chen po shes rab thabs // don yod 'gro ba'i don mdzad pa // 'du shes thams cad rab spangs don //	87.21404192313602
sarva saMjQA prahINa arTaH vijQAna arTaH niroDa kRt	rnam shes don ni 'gog pa 'chang //	64.77797961235046
sarva sattva manaH vizayaH sarva sattva manogatiH	sems can kun gyi yid kyi yul // sems can kun gyi yid gnas pa // sems can kun @10b gyi yid na gnas //	85.28322086396246
sarva sattva m anontasTaH tad citta sama tAm gataH	de dag sems dang mnyam nyid son //	72.34864421451793
sarva sattva manohlAdI sarva sattva manaH ratiH	sems can kun yid tshim par byed // sems can kun gyi yid dga' ba // grub mtha' 'khrul pa ldan pa min //	83.85063569211997
sidDAntaH viBrama apetaH sarva BrAnti vivarjitaH	'khrul pa thams cad rnam par spangs //	72.07441136711522
niHsaMdigDa matiH tri arTaH sarva arTaH triguNa AtmakaH	don gsum the tshom med pa'i blo // kun don yon tan gsum gyi bdag //	85.68602069810487
paQca skanDa arTaH tri kAlaH sarva kzaNa viBAvakaH	dus gsum phung po lnga yi don // skad cig thams cad rnam sgom pa //	87.6154455443137
eka kzaNa aBisaMbudDaH sarva budDa svaBAva DRk	skad cig gcig mngon rdzogs sangs rgyas // sangs rgyas kun gyi rang bzhin 'chang //	89.74026044301527
anaFga kAyaH kAya agryaH kAya kowi viBAvakaH	lus med skus te sku yi mchog / sku ni bye ba rnam par 'gyed // gzugs rnams ma lus kun tu ston //	82.53809309719374
aSeza rUpa sandarSI ratnaketuH mahA maNiH iti samatA ajQAna taTAH caturviMSatiH	snor bu chen po rin chen tog /	59.17159763230935
sarva saMbudDa bodDavyaH budDa boDiH anuttaraH	sangs rgyas kun gyis rtogs bya ba // sangs rgyas byang chub bla na med //	91.6634840845849
anakzaraH mantra yoniH mahA mantra kula trayaH	gsang sngags skye gnas yi ge med // gsang sngags chen po rigs gsum pa //	83.18669806387294
sarva mantra arTa janakaH mahA binduH anakzaraH	gsang sngags don kun skyed pa po // thig le chen po yi ge med //	79.33709253576822
paQcAkzaraH mahA SUnyaH bindu SUnyaH zaz akzaraH	stong pa chen po yi ge lnga // thig le stong pa yi ge drug /	76.05049035149104
sarva AkAraH nirAkAraH zoxaSa arDa arDa binduDRk	rnam pa thams cad rnam pa med // bcu drug phyed phyed thig le can // cha med cha ldan las 'das pa //	83.00500793319114
akalaH kalana atItaH caturTa DyAna kowi DRk	bsam gtan bzhi pa'i rtse mo 'chang //	74.38555000923776
sarva DyAna kalA aBijQAH samADi kula gotra vid	bsam gtan yan lag kun shes shing // ting 'dzin rig dang rgyud rig pa //	85.23017072367513
samADi kAyaH kAya agryaH sarva saMBoga kAya rAj	ting 'dzin sku ste sku yi mchog / longs spyod rdzogs sku kun gyi rgyal //	90.74266421396892
nirmANa kAyaH kAyAn gryaH budDa nirmANa vaMSaDRk	sprul pa'i sku ste sku yi mchog / sangs rgyas sprul pa'i rgyud 'chang ba //	78.48576194672447
daSa diS viSva nirmANaH yaTAvat jagat arTa kRt	phyogs bcur sprul pa sna tshogs 'gyed // ji bzhin 'gro ba'i don byed pa //	72.13263712586807
deva atidevaH deva indraH sura indraH dAnava aDipaH amara indraH suraguruH pramaTaH pramaTa ISvaraH	lha yi dbang po lha yi lha // lha min dbang po sbyin byed bdag / @11a *// lha yi bla ma 'chi med dbang // rab 'joms rab 'joms dbang phyug po //	88.15594042168851
uttIrNa Bava kAntAraH ekaH SAstA jagadguruH	srid pa'i dgon pa las rgal ba // ston pa gcig pu 'gro ba'i bla //	82.17885179763356
praKyAta daSa diS lokaH Darma dAna patiH mahAn	'jig rten phyogs bcur rab grags pa // chos kyi sbyin bdag che ba po //	88.86143216079337
mEtrI sannaha sannadDaH karuNA varma varmitaH	byams pa'i go cha chas pa ste // snying rje yi ni ya lad bgos //	80.82242039138214
prajQA Kaxga DanuH bANaH kleSa ajQAna raNaMjahaH	shes rab ral gri mda' gzhu thogs // nyon mongs mi shes g-yul ngo sel; ;dpa' bo bdud dgra bdud 'dul ba //	76.54452189006201
mArAriH mAra jit vIraH catur mAra Baya anta kRt	bdud bzhi'i 'jigs pa mthar byed pa // bdud dpung thams cad pham par byed //	83.6774209155674
sarva mAracam UjetA saMbudDaH lokanAyakaH	rdzogs pa'i sangs rgyas 'jig rten 'dren // mchod 'os bstod 'os phyag gi gnas // rtag tu rim gro bya ba'i 'os //	71.69348763617195
vandyaH pUjyaH BivAdyaH ca mAnanIyaH ca nityaSas	bkur 'os rjed par bya ba'i mchog /	59.38852321400362
arcanIyatamaH mAnyaH namasyaH paramaH guruH	phyag byar 'os pa bla ma'i mchog /	78.42831363397487
trElokya eka krama gatiH vyoma paryyanta vikramaH	'jig rten gsum po gom gcig bgrod // nam mkha' mtha' med rnam par gnon //	77.15848626829766
trEvidyaH SrotriyaH pUtaH zaxaBijQaH zaz anusmRtiH	gsum rig gtsang ma dag pa ste // mngon shes drug ldan rjes dran drug /	69.83401560171491
boDisattvaH mahAsattvaH loka atItaH mahardDikaH	byang chub sems dpa' sems dpa' che // rdzu 'phrul chen po 'jig rten 'das; ;shes rab pha rol phyin pa'i mtha'//	75.28907689860138
prajQApAramitA nizWaH prajQA tattva tvam AgataH	shes rab kyi ni de nyid thob // bdag rig gzhan rig thams cad pa //	68.2575462126986
Atma vid para vid sarvaH sa vIryaH hi agra pudgalaH	kun la phan pa gang zag mchog / 'jig rten dpe las 'das pa ste //	72.77072630168004
sarva upamAm atikrAntaH jQeyaH jQAna aDipaH paraH	shes dang shes bya'i bdag po mchog /	68.77233653598361
Darma dAna patiH SrezWaH catur mudrA arTa deSakaH	gtso po chos kyi sbyin pa'i bdag / phyag rgya bzhi po'i don ston pa // 'gro ba'i bsnyen bkur gnas kyi mchog /	81.93312530665935
paryupAsyatamaH jagatAm niryANa traya yAyinAm	nges 'byung gsum po bgrod rnams @11b kyi; ;don gyi dam pa rnam dag dpal //	76.09166598320898
parama arTa viSudDa SrIH trElokya suBagaH mahAn	'jig rten gsum gyi skal bzang che //	75.4487824704912
sarva sampad karaH SrImAn maQjuSrIH SrImatAm varaH iti kRtya anuzWAna jQAna gATAH paQcadaSaH	dpal ldan 'byor pa kun byed pa // 'jam dpal dpal dang ldan pa'i mchog /	72.88031988430026
namaH te vara da vajrAgrya BUtakowe namaH stu te	mchog sbyin rdo rje mchog khyod 'dud // yang dag mthar gyur khyod la 'dud //	85.26393103885039
namaH te SUnyatA AgarBa budDa boDe namoH tu te	stong nyid snying po khyod la 'dud // sangs rgyas byang chub khyod la 'dud //	82.18185561471472
budDa rAga namaH te stu budDa kAma namaH namaH	sangs rgyas chags pa khyod la 'dud // sangs rgyas 'dod la phyag 'tshal 'dud // sangs rgyas dgyes pa khyod la 'dud //	83.62506370755892
budDa prIte namaH tuByam budDamoda namaH namaH	sangs rgyas rol la phyag 'tshal 'dud // sangs rgyas 'dzum pa khyod la 'dud //	80.87346213632117
budDasmita namaH tuByam budDa hAsa namaH namaH	sangs rgyas snang la phyag 'tshal 'dud //	77.37552621887951
budDa vAca namaH tuByam budDa BAva namaH namaH	sangs rgyas gsung ba khyod la 'dud // sangs rgyas thugs la phyag 'tshal 'dud // dngos med las byung khyod la 'dud //	85.16265492650729
aBavodBava namaH tuByam namaH te budDa saMBava	sangs rgyas 'byung ba khyod la 'dud //	77.84435637373673
gagana udBava namaH tuByam namaH te jQAna saMBava	nam mkha' las byung khyod la 'dud // ye shes las byung khyod la 'dud //	84.02256325789833
mAyA jAla namaH tuByam namaH te budDa nAwaka	sgyu 'phrul dra ba khyod la 'dud // sangs rgyas gar mdzad khyod la 'dud //	82.77416640331332
namaH te sarva sarveByaH jQAnakAya namaH stu te	thams cad thams cad khyod la 'dud // ye shes sku nyid khyod la 'dud //	76.13443654663693
iyam asO vajrapANeH vajraDara BagavataH jQAna mUrteH sarva taTAgata jQAna kAyasya maQjuSrI jQAna sattvasya AveNikapariSudDA nAma saMgitiH ta	lag na rdo rje rdo rje 'chang / 'di ni / bcom ldan 'das kyi ye shes kyi sku dang / de bzhin gshegs pa thams cad kyi ye shes kyi sku dang / 'jam dpal ye shes sems dpa'i ma 'dres pa yongs su dag pa'i mtshan yang dag par brjod pa'o //	91.44676584930988
kAya vAc manaH guhya pariSudDyE	khyod kyi bla na med pa'i dga' ba dang rab tu dang ba dang mgu ba chen po yang dag par bskyed pa'i don dang / sku dang gsung dang thugs kyi gsang ba yongs su dag pa'i phyir dang / yongs su ma @12a *//	67.4940754008949
aparipUrNa pariSudDa BUmi parimita apuNya jQAna saMBAra paripUri pariSudDyE anaDigata anuttara arTasya aDigamAya aprAptasya prAptyE	rdzogs pa dang yongs su ma dag pa'i sa dang pha rol tu phyin pa dang bsod nams dang ye shes kyi tshogs yongs su rdzogs pa dang yongs su dag pa'i phyir dang / bla na med ba'i don lhag par ma rtogs pa lhag par rtogs pa'i phyir dang / ma thob pa thob pa'i phyir dang / ji srid de bzhin gshegs pa thams cad kyi dam pa'i chos kyi tshul yang dag par gzung ba'i don du yang bdag gis bstan pa dang / yang dag par rab tu bshad pa dang / rnam par bkrol ba dang / rnam par phye ba dang / rab tu gsal bar byas pa dang / byin gyis brlabs pa'o // lag na rdo rje rdo rje 'chang / 'di ni /	33.45800404538005
yAvat sarva taTAgata sarva DarmanetrI saMDAraNa arTam ca mayA deSitA	ngas khyod kyi rgyud la sngags kyi chos nyid thams cad kyi byin gyi rlabs kyis byin gyis brlabs pa'o // 'di ni / 'khor lo dang po'i rjes su bsngags pa bcu gcig go // gzhan yang lag na rdo rje rdo rje 'chang / mtshan yang dag par brjod pa 'di ni / shin tu yongs su dag pa /	63.78953527723055
saMprakASitA	yongs su byang ba / thams cad mkhyen pa'i ye shes dang / sku dang gsung dang thugs kyi gsang bar gyur ba'o // de bzhin gshegs pa thams cad kyi sangs rgyas kyi byang chub pa'o // yang dag par rdzogs pa'i sangs rgyas rnams kyi mngon par rtogs pa'o // de bzhin gshegs pa thams cad kyi bla na med pa'o // bde bar gshegs pa thams cad kyi chos kyi dbyings rtogs pa'o // rgyal ba rnams kyi bdud kyi @12b stobs thams cad pham par byed pa'o // stobs bcu dang ldan pa thams cad kyi stobs bcu'i stobs su gyur pa'o // thams cad mkhyen pa'i ye shes rnams kyi thams cad mkhyen pa'o // chos thams cad kyi lung ngo // sangs rgyas thams cad kyi yang dag par kun chub pa'o // byang chub sems dpa' sems dpa' chen po thams cad kyi dri ma med pa shin tu yongs su dag pa / bsod nams dang ye shes kyi tshogs yongs su rdzogs pa'o // nyan thos dang rang sangs rgyas thams cad kyi rab tu skye ba'o // lha dang mi thams cad kyi phun sum tshogs pa'i zhing ngo // theg pa chen po'i rab tu gnas pa'o // byang chub sems dpa'i spyod pa'i 'byung khungs so // 'phags pa'i lam yang dag pa'i mthar thug pa'o // rnam par grol ba rnams kyi brtag pa'o // nges par 'byung ba'i lam gyi skyed pa'o // de bzhin gshegs pa'i gdung gi rgyun mi 'chad pa'o // byang chub sems dpa' chen po'i rigs dang rgyud rab tu 'phel ba'o // phas kyi rgol ba thams cad kyi tshar gcod pa'o // mu stegs pa thams cad kyi rnam par 'joms pa'o // bdud bzhi'i stobs dang dpung dang sde rnams kyi pham par byed pa'o // sems can thams cad kyi yang dag par / sdang pa'o // nges par 'byung bas bgrod pa thams cad kyi 'phags pa'i lam yongs su smin pa'o // tshangs pa'i gnas bzhi la gnas pa rnams kyi ting nge 'dzin no // sems rtse gcig ba @13a *// rnams kyi bsam gtan no // lus dang ngag dang yid mngon par sbyor ba rnams kyi rnal 'byor ro // yang dag par sbyor pa thams cad kun tu sbyor ba dang bral ba'o // nyon mongs pa dang nye ba'i nyon mongs pa thams cad kyi spong ba'o // sgrib pa thams cad kyi nye bar zhi ba'o // 'ching ba thams cad kyi rnam par grol ba'o // lhag ma thams cad kyi thar pa'o // sems nye bar 'phro ba thams cad kyi zhi ba'o // 'byor pa thams cad kyi 'byung gnas so // rgud pa thams cad kyi rab tu 'joms pa'o // ngan song gi sgo thams cad kyi 'gebs pa'o // rnam par grol ba'i grong khyer gyi lam dam pa'o // 'khor ba'i 'khor lo'i rab tu mi 'jug pa'o // chos kyi 'khor lo'i rab tu bskor ba'o // de bzhin gshegs pa'i bstan pa'i gdugs dang rgyal mtshan dang ba dan rab tu sgreng ba'o // dam ba'i chos ston pa'i lhag par gnas pa'o // byang chub sems dpa'i sngags kyi sgo'i spyod pa rnams kyi myur du grub pa'o // shes rab kyi pha rol tu phyin pa rnams la mngon par sbyor ba rnams kyi sgom par lhag par rtogs pa'o // gnyis su med pa so sor rtog par sgom pa mngon par sbyor ba rnams kyi stong pa nyid so sor rtogs pa'o // pha rol tu phyin pa dang tshogs thams cad kyi skyed pa'o // yongs su dag pa'i sa dang pha rol tu phyin pa thams cad kyi yongs su rdzogs pa'o // yang dag pa'i 'phags @13b pa'i bden pa bzhi po rnams kyi so sor rtog pa'o // dran pa nye par gzhag pa bzhi po rnams kyi chos thams cad gcig pa'i sems so sor rtogs pa'o // mtshan yang dag par brjod pa 'di ni / ji srid sangs rgyas kyi yon tan thams cad kyi yongs su rdzogs pa'i bar ro // 'di ni / 'khor lo gnyis pa'i rjes su bsngags pa lnga bcu rtsa gnyis so // gzhan yang lag na rdo rje rdo rje 'chang / mtshan yang dag par brjod pa 'di ni / sems can thams cad kyi lus dang ngag dang yid kyis kun tu spyad pa'i sdig pa ma lus pa rab tu zhi bar byed pa'o // sems can thams cad kyi ngan song thams cad rnam par sbyong ba'o // ngan 'gro thams cad zlog pa'o // las kyi sgrib pa thams cad yang dag par gcod pa'o // mi khom pa brgyad du skye bar 'gyur ba thams cad mi skye bar byed pa'o // 'jigs pa chen po brgyad nye bar zhi bar byed pa'o // rmi lam ngan pa thams cad nges par sel ba'o // mtshan ma ngan pa thams cad rnam par sel bar byed pa'o // ltas ngan pa dang bgegs thams cad nye bar zhi bar byed pa'o // bdud kyi dgra'i las thams cad thag ring du byed pa'o // dge ba'i rtsa ba dang bsod nams thams cad nye bar 'phel bar byed pa'o // tshul bzhin ma yin pa'i yid la byed pa thams cad mi skye bar byed pa'o // rgyags ba dang nga rgyal dang dregs pa dang ngar 'dzin pa thams cad nges par 'joms par byed pa'o // sdug bsngal dang yid mi @14a *// bde ba thams cad mi skye bar byed pa'o // de bzhin gshegs pa thams cad kyi snying por gyur pa'o // byang chub sems dpa' thams cad kyi gsang bar gyur pa'o // nyan thos dang rang sangs rgyas thams cad kyi gsang chen du gyur pa'o // phyag rgya dang sngags thams cad du gyur pa'o // chos thams cad brjod du med par smra ba rnams kyi dran pa dang shes bzhin yang dag par skyed pa'o // bla na med pa'i shes rab dang yid gzhung par byed pa'o // nad med pa dang stobs dang dbang phyug phun sum tshogs par byed pa'o // dpal dang dge ba dang zhi ba dang legs pa rab tu 'phel bar byed pa'o // grags pa dang snyan pa dang tshigs su bcad pa dang bstod pa rab tu gsal bar byed pa'o // nad dang 'jigs pa chen po thams cad nye bar zhi bar byed pa'o // shin tu dag pa rnams kyi shin tu dag pa'o // shin tu gtsang ba rnams kyi shin tu gtsang ba'o // shin tu 'byor ldan rnams kyi shin tu 'byor ldan no; ;shin tu bkra shis pa rnams kyi shin tu bkra shis pa'o // skyabs 'dod pa rnams kyi skyabs so // gnas 'dod pa rnams kyi gnas so // skyob pa 'dod pa rnams kyi skyob pa'o // dpung gnyen med pa rnams kyi dpung gnyen no // gling 'dod pa rnams kyi gling du gyur pa'o // rten 'dod pa rnams kyi bla na med pa'i rten du gyur pa'o // srid pa'i rgya mtsho'i nga rol tu 'gro @14b ba rnams kyi grur gyur pa'o // nad thams cad nges par 'joms pa'i phyir sman pa'i rgyal po chen por gyur pa'o // blang bar bya ba dang dor bar bya ba'i dngos po rnam par dbye ba'i phyir shes rab tu gyur pa'o // lta ba ngan pa'i mun pa'i smag rum thams cad bsal ba'i phyir ye shes kyi snang bar pa'o // gyur pa'o // sems can thams cad kyi bsam pa dang 'dod pa ji lta ba bzhin du yongs su rdzogs pa'i phyir yid bzhin gyi nor bur pa'o // gyur pa'o //	10.0
vivRtA	gyur pa'o // 'jam dpal gyi ye shes kyi sku rab tu thob pa'i phyir thams cad mkhyen pa'i ye shes su gyur pa'o // spyan lnga rab tu thob pa'i phyir yongs su dag pa'i ye shes gzigs par gyur pa'o // zang zing dang mi 'jigs pa dang chos kyi sbyin pa rab tu gtong pa nyid kyis pha rol tu phyin pa drug yongs su rdzogs par gyur pa'o // bsod nams dang ye shes kyi tshogs dang ting nge 'dzin yongs su rdzogs pa nyid kyis sa bcu rab tu thob par gyur pa'o // gnyis kyi chos dang bral ba'i phyir gnyis su med pa'i chos nyid do; ;lhag par sgro 'dogs pa dang bral ba nyid kyi phyir de bzhin nyid kyi rang bzhin dang gzhan ma yin pa'i chos nyid do // de bzhin gshegs pa thams cad kyi ye shes kyi sku yongs su dag pa'i rang bzhin nyid kyis yang dag pa'i rang bzhin nyid do // lta ba ngan pa'i tshang tshing ma lus pa nges par sel ba nyid kyis rnam pa thams cad chen po stong pa nyid kyi rang bzhin nyid do // mtshan yang dag @15a *// par brjod pa 'di ni / 'di ltar gnyis su med pa'i chos nyid kyi don dang ming yang dag par 'dzin pa rab tu gsal bar byed pa nyid kyi sa chos thams cad brjod du med par gyur pa'o // 'di ni / 'khor lo gsum pa'i rjes su bsngags pa lnga bcu rtsa gnyis so // gzhan yang lag na rdo rje rdo rje 'chang / rigs kyi bu'am rigs kyi bu mo gang la la sngags kyi sgo'i spyod pa spyod pas bcom ldan 'das ye shes sems dpa'i ye shes kyi sku / de bzhin gshegs pa thams cad kyi ye shes kyi sku gnyis su med pa don dam pa'i mtshan yang dag par brjod pa gtsug gi nor bu zhes bya ba 'di mtha' dag yongs su rdzogs pa ma tshang ba med pa / dum bu ma yin pa / tshigs su bcad pa dang / tshig dang / yi ge 'di rnams nyid kyi nyi ma so sor dus gsum du 'dzin par byed pa dang / rjod par byed pa dang / kun chub par byed pa dang / tshul bzhin yid la byed pa dang / gzhan rnams la yang dus ji lta bar rgyas par ji lta ba bzhin rab tu gsal bar byed pa dang / mtshan gyi don gzhan dang gzhan re re zhing yang 'jam dpal ye shes kyi sku mngon du byas te yid rtse gcig pas sgom par byed pa dang /	10.0
viBajita uttAni kRtA	dang / lhag par mos pa dang / de kho na yid la byed pa dag gis kun nas sgo'i gnas pas gnas pa dang / chos thams cad so sor rtogs pa dang / mchog tu gyur pa dang rnyog pa med pa @15b dang shes rab kyis rjes su 'bigs pa dang / dad pas yang dag par bgrod pa de la ni / dus gsum du dus med par sangs rgyas dang byang chub sems dpa' thams cad yang dag par 'dus te yang dag par gshegs shing yang dag par byon nas chos thams cad kyi sgo rnams nye bar ston par 'gyur ro // bdag nyid sgom pa nye bar ston par byed do //	15.77339224668769
aDizWatA cayam mayA vajrapANe vajraDara tava santAne citte sarva mantra DarmatA aDizWAnena iti	sangs rgyas dang byang chub sems dpa' thams cad kyi byin gyi rlabs kyis kyang lus dang ngag dang yid kyi rgyud la yang dag par byin gyis rlob par byed do // sangs rgyas dang byang chub sems dpa' thams cad kyi rjes su 'dzin pas kyang 'dzin par byed do // byed do // chos thams cad la mi 'jigs pa'i spobs pa yang nye bar sgrub par byed do // byed do // byed do // dgra bcom pa dang nyan thos dang rang sangs rgyas thams cad kyang 'phags pa'i chos la sdug pa'i bsam pa nyid kyis bdag gi dngos po yang nye bar ston byed do // byed do // byed do // par byed do // gdul dka' ba 'dul ba po rnams kyang khro bo'i rgyal po chen po dang / rdo rje 'chang chen po la sogs pa 'gro ba yongs su skyob par gyur pa gzugs sna tshogs pa'i sprul pa'i sku rnams kyis mdangs dang stobs dang gzi brjid zil gyis mi gnon pa nyid dang / sngags dang / phyag rgya dang / mngon par rdzogs pa dang / dkyil 'khor rnams nye bar ston par byed do // sngags dang rig pa'i rgyal po ma lus pa dang / bgegs dang log 'dren dang bdud dang dgra phyir rgol ba dang gzhan gyis mi thub pa @16a *// chen po thams cad kyang mtshan mo dang nyin mor bcas par skad cig so sor spyod pa thams cad dang / lam rnams su srung ba dang skyob pa dang sbed par byed do // tshangs pa dang dbang po dang nye dbang dang drag po dang sred med kyi bu dang kun 'gyed gzhon nu dang dbang phyug chen po dang smin drug gi bu dang nag po chen po dang dga' byed dbang phyug dang gshin rje dang chu lha dang lus ngan dang 'phrog ma dang phyogs bcu'i 'jig rten skyong ba gang yin pa de dag thams cad kyang rtag par rgyun du mtshan mo dang nyin mor bcas pa 'gro ba dang gnas pa dang nyal ba dang 'dug pa dang gnyid log pa dang gnyid sad pa dang mnyam par bzhag pa dang mnyam par ma bzhag pa dang gcig pur gnas pa dang skye bo mang po'i nang du song ba dang / ji srid grong dang grong khyer dang grong rdal dang ljongs dang yul 'khor dang rgyal po'i pho brang na gnas pa dang / dbang po'i phur pa dang sgo khang dang lam srang dang bzhi mdo dang sum mdo dang grong khyer gyi bar dang tshong khang gi nang du gnas pa dang / ji srid khang stong dang ri dang dgon pa dang chu klung dang dur khrod dang nags tshang tshing du nye bar son pa dang / 'bags pa dang ma 'bags pa dang myos pa dang rab tu myos pa na rtag tu thams cad kyi rnam pa thams cad du mchog tu srung ba dang / skyob pa dang / sbed par byed par 'gyur ro // nyin mo dang mtshan mo mchog tu be di @16b legs su byed par 'gyur ro // gzhan yang gang dag lha dang klu dang gnod sbyin dang dri za dang lha ma yin dang nam mkha' lding dang mi 'am ci dang lto 'phye chen po dang mi dang mi ma yin pa rnams dang / gzhan yang gang dag gza' dang rgyu skar dang ma mo dang tshogs kyi bdag po rnams dang / gang yang ma mo bdun po rnams dang / gang yang gnod sbyin mo dang srin mo dang sha za mo rnams te / de rnams thams cad lhan cig mthun par sde dang bcas pa 'khor dang bcas pa rnams kyis spyod lam dang lam rnams su yang mchog tu bsrung ba dang / bskyab pa dang / sba bar byed par 'gyur ro // gzhan yang de'i lus la mdangs dang stobs rab tu 'jug par byed do // nad med pa dang stobs dang tshe 'phel ba yang nye bar sgrub par byed do // 'di ni / 'khor lo bzhi pa'i rjes su bsngags pa bcu dgu pa'o // gzhan yang lag na rdo rje rdo rje 'chang / mtshan yang dag par brjod pa gtsug gi nor bu zhes bya ba 'di ni / nyi ma so sor ma nyams par yang dag par blangs te mgrin par gnas pa lan gsum du kha ton du byed pa dang / glegs bam tu chud pa klog par byed pa dang / rab tu 'don par byed pa dang / bcom ldan 'das 'jam dpal ye shes sems dpa'i gzugs la dmigs te de'i gzugs kyi rjes su sems par byed pa dang / yang de'i gzugs kyi rjes su bsam gtan byed pa de nyid sprul pa'i gzugs kyi skus yun mi ring ba nyid las gdul bya'i dbang nye bar bzung nas @17a *// mthong bar 'gyur ro // sangs rgyas dang byang chub sems dpa' thams cad sna tshogs pa'i sprul ba'i gzugs kyi sku dang lhan cig gnas pa nam mkha'i mthil na bzhugs pa rnams kyang mthong bar 'gyur ro // sems dpa' chen po de'i skye ba ji ltar gyur kyang ngan 'gro dang ngan song du ltung ba'i 'jigs pa 'byung bar mi 'gyur ro // rigs ngan du skye bar mi 'gyur ro // yul mtha' 'khob kyi skye bor skye bar mi 'gyur ro // dbang po dman par mi 'gyur ro // dbang po ma tshang bar mi 'gyur ro // log par lta ba'i rigs su skye bar mi 'gyur ro // sangs rgyas mi bzhugs pa'i sangs rgyas kyi zhing rnams su skye bar mi 'gyur ro // sangs rgyas 'byung ba dang des bstan pa'i chos spong ba dang lkog tu gyur par mi 'gyur ro // lha tshe ring po rnams su skye bar mi 'gyur ro // mu ge dang nad dang mtshon gyi bskal pa rnams la skye bar mi 'gyur ro // snyigs ma lnga'i dus rnams la skye bar mi 'gyur ro // rgyal po dang chom rkun dang dgra'i 'jigs pa 'byung bar mi 'gyur ro // rgud pa dang dbul ba'i 'jigs pa thams cad 'byung bar mi 'gyur ro // mi bsngags pa dang skur pa 'debs pa dang smod pa dang mi snyan pa dang grags pa ngan pa'i 'jigs pa 'byung bar mi 'gyur ro // skye ba bzang bo dang rigs dang rus phun sum tshogs pa 'byung bar 'gyur ro // kun nas mdzes par gyur pa dang gzugs @17b dang kha dog yang dag par ldan par 'gyur ro // 'jig rten pa rnams kyi sdug pa dang yid la 'bab pa dang 'grogs na mchog tu bde ba dang mthong na dga' bar 'gyur ro // 'jig rten pa rnams kyi mdzes pa dang skal ba bzang po dang ldan pa dang tshig gzung bar bya bar 'gyur ro // gang dang gang du skye bar 'gyur ba de dang der skye ba dan par 'gyur bar 'gyur ro // ro // longs spyod che ba dang 'khor mang ba dang longs spyod mi zad pa dang 'khor mi zad par 'gyur ro // sems can thams cad kyi mchog tu gyur pa'i smon lam dang ye shes dang yang dag par ldan par 'gyur ro // rang bzhin gyis kyang pha rol tu phyin pa drug gi yon tan dang yang dag par ldan par 'gyur ro // tshangs pa'i gnas bzhi la gnas par 'gyur ro // dran pa dang shes bzhin dang thabs dang stobs dang smon lam dang ye shes dang yang dag par ldan par 'gyur ro // bstan bcos thams cad la 'jigs pa med pa dang smra mkhas par yang 'gyur ro par 'gyur ro // // tshig gsal ba dang blun po ma yin pa dang blo gsal bar 'gyur ro par 'gyur ro // // // mkhas pa dang le lo med pa dang chog shes pa dang don che ba dang sred pa med bar 'gyur ro // sems can thams cad kyi mchog tu yid brtan par bya ba dang slob dpon dang bla mar bkur bar bya bar 'gyur ro // de'i sngon ma thos pa'i bzo dang rtsis drang shes pa dang bstan bcos thams cad kyang don dang gzhung las rab tu gsal ba yang dag par rtogs @18a *// par 'gyur ro // shin tu yongs su dag pa'i tshul khrims dang 'tsho ba dang kun tu spyod pa spyod pa dang ldan par 'gyur ro // legs par rab tu 'byung ba dang legs par bsnyen par rdzogs par 'gyur ro // thams cad mkhyen pa nyid byang chub kyi sems rab tu brjed pa med par 'gyur ro // nyan thos dang dgra bcom pa dang rang sangs rgyas kyi nges pa dang bgrod pa la gnas par nam yang mi 'gyur ro //	10.0
iti praTama cakrasya iyam anuSaMsAH ekAdaSa padAni	'di ni / 'khor lo lnga pa'i rjes su bsngags pa lnga bcu rtsa gcig go // lag na rdo rje rdo rje 'chang / de ltar yon tan dpag tu med pa dang yang dag par ldan par 'gyur ro // rnam pa de lta bu'i yon tan dpag tu med pa gzhan rnams dang yang dag par ldan par 'gyur ro // lag na rdo rje rdo rje 'chang / don dam pa'i mtshan yang dag par brjod pa 'di yang dag par 'dzin pa'i skyes bu gang zag ni / ring po mi thogs par bsod nams dang ye shes kyi tshogs legs par bsags te shin tu myur bar sangs rgyas kyi yon tan rnams yang dag par bsgrubs nas bla na med pa yang dag par rdzogs pa'i byang chub mngon par rdzogs par 'tshang rgya bar / 'gyur ro // bskal pa mang por yongs su mya ngan las mi 'da' ba'i chos kyis sems can thams cad kyi bla na med pa'i chos ston pa po dang phyogs bcur chos kyi rnga bo che lhag par gnas pa'i chos kyi rgyal por 'gyur ro // 'di ni / 'khor @18b lo drug pa'i bsngags pa dpag tu med pa'o //// aom sarba dharm'a bh'a wa sva bh'a ba bi shuddha badzra tsakshu: aa a'a: aam aa: pra kri ti pa ri shuddha: sarba dharma: ya du ta / sarba ta th'a ga ta dzny'a na k'a ya manydzu shr'i pa ri shuddhi t'a / mu pa d'a ye ti / aa a'a: sarba ta th'a ga ta hri da ya / ha ra ha ra / aom h'um hr'i: bha ga wan / dzny'a na murtti w'a g'i shva ra ma h'a p'a tsa / sarba dharm'a ga ga n'a ma la su pa ri shuddha / dharm'a dh'a tu dzny'a na garbha aa:/	10.0
aTa vajraDaraH SrImAn hRzwa tuzwaH kRtAQjaliH	de nas dpal ldan rdo rje 'chang // dga' zhing mgu nas thal mo sbyar // mgon po bcom ldan de bzhin gshegs //	85.39787647590092
praNamya nATam saMbudDam Bagavantam taTAgatam	rdzogs sangs rgyas la phyag 'tshal nas //	70.69496633948349
anyEH ca bahuBiH nATEH guhya indrEH vajrapANiBiH	rnam mang mgon po gzhan rnams dang // gsang dbang lag na rdo rje de //	74.09201396775835
sa sArdDam kroDa rAjAnEH provAca uccEs idam vacaH	khro bo'i rgyal por bcas rnams kyis // gsang bstod nas ni tshig 'di gsol //	76.34755398384756
anumodAmahe nATa sADu sADu suBAzitam	mgon po bdag cag rjes yi rang // legs so legs so legs par gsungs // bdag cag yang dag rdzogs pa yi //	82.37009822678564
kRtaH smAkam mahAn arTaH samyaksaMboDi prApakaH	byang chub thob pa'i don chen mdzad //	71.98555615073757
jagataH ca api AnATasya vimukti Pala kAFkziNaH	'gro ba mgon med rnams dang ni // rnam gol 'bras bu 'tshal ba yi //	79.37267280064884
SreyaH mArgaH viSudDaH yam mAyA jAlanayA uditaH	rnam dag legs pa'i lam 'di ni // sgyu 'phrul dra ba'i tshul bstan pa //	80.36617287466315
gamBIra udAra vEpulyaH mahArTaH jagat arTa kRt	zab cing yangs la rgya che ba // don chen 'gro ba'i don byed pa //	82.57578114239055
budDAnAm vizayaH hi eza samyaksaMbudDa BAzitaH iti upasaMhAra gATAH paQca	sangs rgyas rnams kyi yul 'di ni // rdzogs pa'i sangs rgyas kun gyis bshad /	74.06206902793929
ArTa mAyA jAla zoxaSa sAhAsrikAn mahA yoga tantra antar pAti samADi jAla pawalAt BagavatA SrI SAkya muninA BAzitA BagavataH maQjuSrI jQAna sattnAma saMgItiH parisamAptA	rnal 'byor chen po'i rgyud sgyu 'phrul dra ba stong phrag bcu drug pa'i ti [?] le'u [?] las [?] byung [?] ba / 'jam dpal ye shes sems dpa'i don dam pa'i mtshan yang dag par brjod pa bcom byung [?] ba / @19a *// ldan 'das de bzhin gshegs pa sh'akya thub pas gsungs pa rdzogs so ////	88.44310622964767
paNxita ratna kAji vajra AcAryasya bOdDa stotra saMgraha udDRta saMgraha kartA sampAdakaH ca janArdana SAstrI pANxeyaH I siF liKyata jaya karta	thun mong dang thun mong ma yin pa'i gsung rab thams cad la dbang 'byor pa'i bdag nyid chen po bla ma dam pa chos kyi rgyal po'i bka' drin gyis nye bar bskyangs pa sgra sgyur gyi lo ts'a ba blo gros brtan pas / bsam gtan gling gi dben gnas su bsgyur zhing dag par byas pa'o / sngon gyi sgra sgyur chen po de dag gis // rgyud 'di bsgyur cing kun la grags lags mod // 'on kyang sgra don gtsug lag ji bzhin du //	88.44310622964767

