	@46b # // rgya gar skad du /shri shya le kha / bod skad du / slob ma la springs pa'i spring yig /	10.0
om namaH ratnatrayAya	dkon mchog gsum la phyag 'tshal lo // gang gis mdzad pa shin tu dka' spyad sngon byung ba //	64.67895871020255
pUrva avadAna caritezu su duzkarezu gItezu yasya sura kiMnara sundarIBiH	mi'am ci dang lha mo rnams kyis rab bsnyad na //	64.61940501281984
adya api candra kiraNEH iva saMkucanti mAra aFganA vadana paFkaja kAnanAni	bdud kyi bu mo bzhin ras padma'i nags tshal dag / da ltar zla ba'i zer gyis phog pa bzhin du zum // bkra shis yid 'ong shin tu rmad byung sku mnga' ba //	79.0258716981963
sOBAgya hRdya vapuzaH parama adButasya yasya alpa puNya jana durlaBa darSanasya	bsod nams chung ngu'i skye bos mthong ba rnyed dka' ba // 'jig rten mngon par 'dod pa'i re ba bsgrub pa gang //	78.32940322456778
saMpAdita aBimata loka manoraTasya cintAmaNeH iva para arTa rasa eka vRttiH	yid bzhin nor bu lta bur gzhan don ro gcig spyod //	72.90696285768394
yaH sarvadA para suKa ekarasaH baBUva duHKena duHKam agamat paramam parezAm	gang zhig rtag tu pha rol bde bas bde 'gyur zhing // gzhan dag sdug bsngal gyur pas mchog tu 'o brgyal ba // thugs rje chen pos yon tan shin tu bskrun pa gang //	82.78078977930362
atyarTam Ahita mahA karuNA guNasya yasya Atma duHKa suKam antaritam tat eva vicCi x mAvayasi yasya SiraH para arTa x x x sannayana paFkaja tAm avApa	de nyid rang gi bde sdug spangs te bzhugs pa yin // gang zhig gzhan gyi don du dbu rnams gcod byed kyang // padma lta bur dgyes pa'i spyan 'byed gzigs mdzad cing // nyid kyi don du gdugs dkar gcig gis khebs pa lta'i //	84.87347514090175
sva arTam puna x x x x x sita AtapatrA pRTvI baBUva niSitA iva kRpANa DArA loka upakAra nirata prakawa udayena SulkaH x x x x x x guNa ujjvalena	sa yang ral gri so bdar rnon po lta bur dgongs // zla ba yar gyi ngo ltar yon tan gsal ba rdzogs //	50.64547594031244
doza anDakAra BidureNa manorameNa yena uditena SaSinA iva jagat prakASam cUxA viBUzaNam iva uttama ratna kalpa mUXam SiroBiH uruBiH PaNinAm x x x	nyes pa'i mun pa sel mdzad gcig du yid du 'ong ; /'jig rten phan la brtson ba rab tu gsal ba byung // de shar zla ba bzhin du 'gro ba bsil bar mdzad //	68.63432785912072
yat SAsanam SuBam aKaNxa viSudDa vRttam pAtAla mUrDani laya timiram pramArzwi	bstan pa rin chen mchog ltar bzang la 'phan med pa // rnam bar dag chul gang yin klu mgo gdengs ka can // chen po rnams kyis gtsug gi rgyan bzhin gus mnos @47a * // nas ; / sa yi steng na gnas pa'i rab rib sel bar mjad //	72.92821320657343
Darma ambuvAhaH iva yaH ByuditaH hitAya Darma amRtam jalam iva ekarasam vavarza tApApa x x x x x x x x x x x x yat aneka rasa x x x x x x x x x x x x x x	chos kyi sprin de phan pa mdzad pa'i don du g-yos // chos kyi bdud rtsi mya ngan 'das pa mchog gi rgyu // ro gcig gdung ba sel ba char chu bzhin du bab // de ni snod la brten nas ro rnams du mar gyur //	61.55770057520138
vistIrNa nimna vimala prakawa ASrayezu pAtrezu sarva parimarda sahezu yezu tad saMsTitam Bavati sarva jana upakAram x x x x x x x x x x x x x x	snod yangs zab la dri ma med cing gsal ba yi // bsam pa dang ldan khur kun bzod pa gang dag la // skye bo kun gyis nye bar spyad bya de gnas pa // mtsho chen mi yi gzugs can de la phyag 'tshal lo // gang zhig skye nang rga shi sel ba'i bdud rtsi de //	78.29455940883146
tat jAgaram maraNa janma jarA apahAri ye na Apnuvanti na pibanti na DArayanti	thob bar mi byed mi sbyod 'dzin par mi byed pa //	64.11459356863101
te mA AhitAH bahula moha mahA madena x x x x x x x x x Dama Adriyante	de dag nyes mang gti mug thibs pos bslad pa ste // yun ring nad kyis thebs pa sman chen mi bsten bzhin // 'gro ba kun gyi mig gcig dri ma med pa gang //	70.73957969632552
cakzuH yat ekam amalam jagataH Kilasya sADAraNam triBuvanasya yat eka dIpaH	de nis rnams gsum po'i spyi mthun sgron ma ste //	52.140855717614976
tad SAsanam samaDigamya yat utsRjanti mohasya tat vilasitam parama adButasya	bstan pa legs par rnyed nas gang zhig 'dor ba de ; / gti mug shin tu rmad byung dag gis gtses par zad // byang chub khang bzangs bgrod lam them skas lta bu yi //	71.72988875117615
SikzA x x x viditezu iva boDi sODa sopAna padDati padezu padam daDAnAH tuFgAm prayAnti pada vIm anivartamAnAH BUmim nijAm avataranti vivartamAnAH	bslab gzhi bcas pa rnams la rkang tshugs rton pa rnams // rjes su sgrub pas go 'phang che mthor phyin 'gyur te // ldog par byed pa rang gi sa ni gnyug mar ltung ; / skye ba'i rgya mtsho shin tu rgal dka' rgal 'dod pa //	86.56328305976393
janmArNavam parama dustaram uttitIrzuH SIla plavam kaH iha hasta gatam jahAti	su zhig tshul khrims gzings gyur lag tu 'ong ba spang //	67.11853009655603
kAntAra maDya patitaH kaTam Arya sArTAt BrazwaH na Socati ciram su paTa anaBijQaH	'phags pa'i ded dpon dang bral lam rgyus mi shes pa // 'brog dgon 'khyams na ci ste yun rings gdungs mi byed //	77.68774099232668
saMsAra BUDara darI jaWara prapAtAt utTAtum udyata parAH parama anDakArAt	'khor ba'i ri sul khrod kyi g-yang sar lhung gyur pa // mun nag thibs po'i nang nas ldang bar brtson pa gang // yon tan smyug ma'i phreng ba bar ma dor 'dor ba //	83.27553511373476
muQcanti ye jina guNa Avalim antarAle vegena te vizama pAtam aDas patanti	de dag shugs drag nyam nga'i ltung bar 'og tu ltung //	74.4070450664668
ekAkinaH pi manasA niyamam prakalpya ye karmaNA samuditena samunnayanti	gang dag gcig pu'ang yid kyis nges par rab brtags ste // yang dag lam dang lhan cig 'grogs par byed pa de // sa steng dkyil na gtso bor gyur pa dam pa ste //	75.77609494571426
te sADavaH Buvana maNxala mOli BUtAH tEH eva yAnti guru tAm guravaH su SizyEH labDvA guNa oGa jananIm jananIm iva AryAm atyanta Sudda hRdayAm anuvartamAnAH	slob ma mchog des bla mar bkur ba nyid du 'gyur // ngo tsha yon tan tshogs skyed ma gcig ya rabs mo // mchog tu g-yo med byams pa lta bu'i rjes 'brang ba // bden dang gzhung la dga' ba'i gzi @47b brjid ldan pa rnams //	80.7834822505005
tejasvinaH suKam asUn api saMtyajanti satya sTiti vyasaninaH na punar pratijQAm	srog ni bde blag gtong bar byed kyi dam bcas min // re zhig skye bo kun gyis dpyas dang sdig pa yis //	69.22155486025842
tizWantu tAvat iha sarva jana apavAdAH sarvAH ca pApa gatayaH nirayAH ca GorAH	'gro ba kun la dmyal ba mi bzod phar zhog gi / rang bzhin rnal ma bor nas smod pa sdug bsngal ba //	78.03305940921274
sadyas jahAti sahajAm prakRtim yat eza duHKam tatas kim aparam Buvi sat janasya	mkhas la sa steng de las sdug bsngal gzhan ci yod //	68.49845332144957
yaH prapya nAvam iva Darma mayIm viSAlAm BUyas jahAti padavIm muniBiH praklRptAm	gang zhig thub pa rnams kyis srol btod chos kyi lam // rgya chen gru dang 'dra ba rnyed nas slar 'dor ba //	82.65517362087024
saMsAra sAgara vivartana nartanezu cetaH spRhA taralitAH niyamena tasya	'khor ba'i rgya mtsho'i klong 'khyil gar mkhan 'dra rnams la // dga' bas nges par de yi sems bslus 'gyur ba snyam //	83.98359366476599
saMsAra cakram aniSam parivartamAnam Aruhya yaH suKam avEti vivartamAnaH	gang zhig 'khor ba'i 'khor lo rtag tu 'khor gyur pa'i // nang du zhugs nas bsti ba tsam la bder sems pa //	79.57557920060488
saH vaSyam eva tari vaSam masaH krameNa sarvAH samAH ca visamAH ca gatIH prayAti	de ni nges par dbang med rim gyis brgya phrag tu // 'gro ba mnyam dang mi mnyam kun du 'khyam par 'gyur //	72.23535321313432
ati ugra ganDam aSuci prakara uparudDam atyanta saMkawam upoXa Gana anDakAram	shin tu mi bzad dri nga mi gtsang gtser bas bgags // rab tu dog pa mun nag thibs por 'dug pa'i mi //	81.81686909817863
AviSya garBa nilayam nirayam yaTA eva duHKam mahat sa sahate paripiNxa tA aFgaH	mngal gnas dmyal ba lta bu'i nang du de zhugs nas // lus yongs bskum la sdug bsngal chen po brnag dgos so //	85.17155780705565
kAla kramena sa tatas dRXa tEla yantra nizpIxyamAnaH iva yAti Buvam kaTaMcid	de ni rim gyis til mar btsir spyad sra ba yis // btsir ba ltar byas de nas ci zhig ltar de btsa' //	80.37753796082463
sadyas taTA api yat ayam na jahAti jIvam duHKa upaBoga gati durlaBi tat tat eva	'on kyang mod la de srog mi 'dor gang yin pa // sdug bsngal nye bar spyad pa'i rnam par mtho btsams mod //	84.7625283341157
tatra sTitam tam aSucO parivartamAnam Ardra ulba vezwita tanum bahala ugra ganDam pUrva smRti vraNam iva ulbaNa doza pAkam Binnam jahAti GRNayA iva nipIxyamAnaH	mi gtsang de nang gnas bcas 'phel ba'i lus de ni //	17.393241268480164
sarva upacAra vivaSam SiTila Akula aFgam utsRjya bAlyam upajAta kaNEH aBAvaH	mngal gnas rlam pas dkris shing dri ngi ma bzang ldang // gzir bas gnod pa bdo ste rma rmen zhig pa ltar // gyur pa de yi skyon gyis sngon gyi dran pa spong // byis lus nye bar spyod pa kun la mi 'bongs pa // mi brten 'khor ba spangs te mkhrang pa'i dngos gyur nas // dar la babs pa'i ri dbang btsan bo'i ri sul du //	65.80382804747403
tuFgezu yOvana giri indradarI tawezu mohAyate vizaya dRzwi viza Alayezu	sbrul gdug gnas gyur mu la bag rkyang spyod par byed //	68.5367065355952
sa tata upi patati acetanaH patitaH na eva jahAti vikriyAm	bsam brlag de ni de nas kyang lhung la ; / lhung bzhin mi gtsigs spyod pa mi 'dor ba //	83.49738190883994
ajara amaram Atma vigraham lalitam manyate evam bAliSaH	byis pa bdag lus sdug pa rga ba dang // 'chi ba med ba nyid du sems pa lta // rmongs pa de ni thub dbang gis bstan pa'i //	71.12360832468867
sa vihAya muni indra sevitam su paTam yAti apaTena mohitaH	lam bzang rnam par spangs nas lam min par //	67.7621096456235
raBasena parAm vicUrNayan gaja vat jAta madaH niraFkuSaH	glang po myos pa lcags kyu med pas gzhan// @48a * // bab dgu phye mar rlog pa bzhin du 'gro //	78.45623220350659
aTa tasya balAt anicCataH Sirasi nyasta padA sunirdayam	de nas de ni mi 'dod bzhin du mgor // brtse med rga bas rdog pa nan mnan nas // skra dkar lcags kyu bdar ba rnon po yis //	67.31435892359615
niSitam palita aFkuSam jarA kariNaH hastipakI iva yacCati	glang chen rdzi bos glang chen bzhin du 'debs //	72.10527677245166
sa taTA api vijihya cezwitaH kuSalena api BayAt iva ujJitaH	'on kyang de ni spyod la skyor 'byin pas // dge ba'am 'jigs pa bzhin du spang bar 'gyur //	74.99608998378132
sukRtAni karoti mohitaH Sara vatsvAtma vaDAya puzpitaH aTa tam prahasan= iva antakaH palita oGEH darSanEH iva ulbaNEH	rmongs pa bya ba min byed bdag skyes pa // smyug ma 'bru chags lta bur brlag par zad // de nas de ni 'chi bdag dga' ba'i spun // gzhil ba'i bcos thabs med pas bzung nas ni //	81.27016712078895
Sirasi grasitum pravartate nirupAya praSamaH jarA rujaH	rgas pa'i ngo bo 'chi bdag 'ongs nas ni // rgod pa bzhin du sbyi nas 'dzin par byed / de nas de ni ltu tshigs rnams 'bye zhing //	71.70632265700523
vidalanti tatas sya sanvayaH matiH utkrAmati hIyate gatiH	blo yang bslad 'gyur 'gro ba nyams par 'gyur // lus kyang dengs nas shig shig par 'gyur la //	78.59337925351873
kzayam eti vapuH pariSlazam niyatam varDate eva jIvita ASA	nges par sdig pa 'phel ba kho nar 'gyur //	80.56492401304699
kramaSas ca nimIlita indriyaH hata SaktiH vizayezu lAlasaH	dbang po rnams kyang rim gyis zhum nas ni ; / yul la chags kyang nus pa nyams par 'gyur // gnas skabs gang du 'di 'gro gyur ba de //	72.84650415157657
upagacCati yAmayam daSAm narake sA yadi BImaH eva saH	gal te dmyal na yod na de nyid 'jigs //	71.98533012928107
kaTam evam idam mayA kRtam kaTam evam na kRtam hatA gatiH	bdag gis ji ltar de bzhin 'di ma byas // ci ste de ltar de byas 'gro ba nyams // bdag gis ci ste 'di ltar 'chi bdag ni //	74.00792260311411
kaTam evam ayam mayA AstakaH Sirasi nyasta padaH na lakzitaH	mgo bor rdog pas gnon pa 'phrigs ma gyur // mya ngan rdo rje de lta de lta bur //	67.3931210624359
iti x x x cittam ADiBiH kukRtEH Soka mayEH upadrutaH	sems la gnod pa rnams kyis de gtses nas // nye du'i skye bo dud mo'i mchi rgyun can // sdug bsngal snying ni rdo rje lta bus bltas //	72.56571636435734
vyaDitena sa vAzpa vAriNA karuNam banDu janena vIkzitaH	gnad kyi gshis su 'jebs par gzir nas ni //	75.24271356491815
vinipIxita marma banDanaH timiram Gorataram viSan= iva vijahAti nijam kaxevaram dayitam yatna pareNa rakzitam	shin tu mi bzad mun rum 'jug par 'gyur // 'bad pa lhur blangs srung ba byas pa'i lus // yid 'ong 'dris pa rnam par 'dor bar 'gyur //	79.16099231739229
sa virOti gRhIta mUrDajaH yama dUtEH dRXa pASa saMyataH	gshin rje'i zhags pas dam du btags pa ste // co do 'bal zhing cho des 'debs byed kyang //	77.26134022051964
na SRNoti janaH sya BAzitam sva kRta Akranda rava Adi va AkulaH	de yis glengs pa nye du'i skye bo yis // rang gi dus sgra ldir ba bzhin mi thos // bgrod dka' chu dang pha bang thag thug 'dom pa'i bar //	79.27664960244446
prastAra SEla sarit antara durgamezu mArgezu tIkzNatara kaNwaka saMkawezu	tsher ma rnon pos 'dzings pa nyam nga'i lam dag du // dus kyi zhag sa pas ske nas btags te gshin rje'i mi //	77.84714869900904
GorEH kRtAnta puruzEH yama daNxa GAtam AkRzyate gala nizevita kAla pASaH	gtum po rnams kyis dbyug pas bda' zhing khrid par 'gyur // mi bzad skam pas rgyang @48b nas chu klung dri med pa //	82.20493556430016
dUrAt nirIkzya vimalam salilam pipAsuH aByeti gAXa tRzitaH yat ayam tat eva	mthong nas btung bar 'dod de song na de nyid kyang //	67.522087318758
keSa oGa SEvala vimiSrita pUti pUya paFkA paFkitam kzatajavam jalatA prayAti	skra shad nya lcibs tshogs dang rnag sungs 'dres pa dang // 'dam rdzab khrag dang byi sas gang ba'i chur 'gyur ro //	75.64639511716216
velA anila Akulita SIkara SIta sAnum AnIla candana tarum malayam prayAti	dus rlabs rlung langs chu 'thor ri rtse bsil 'gyur zhing //	67.55862536574527
saH pyasya caNxa vana dO= aSiKa avalIXa SIrNa ulmuka prakara dantura tAm prayAti	tsan dan ljon pa sngon 'khrungs ma la yar song nas ; / de yang 'di la nags sreg me lce rnos 'khrigs shing // mgal dum 'gyel ba mang pos rad rod can du 'gyur //	81.12436001375326
yadya iti vAriniDim udvata BIma lola kallola Beda janita ulvaNa Pena hAsam	chu gter rlabs 'jigs 'phang mtho gyes pa las byung ba'i // dbu ba tsher ma lhag ge stug par song na yang // de yang 'di la bye tshan khu ba dmar rtsub pa'i // rlung dmar 'jebs pa 'tshub pa'i mya ngan nyid du 'gyur // 'di ni de gnas char sbrin ldang bar 'dod na yang //	65.3095788185547
saH pyasya tapta viza dAruNa sEkata aBra viBrAnta karkaSa marut marutAm prayAti	sbrin las lcags mda'i char pa dud 'thul mdag mar bcas //	69.93014919954511
tatra sTitasya jalada Agama SaMsinaH sya sa aFgAra DUma kuliSa upala visPuliFgam	tsha tsha rdo rje'i pha bang dmar 'phrog ser mdog lta bu yi //	70.88589172331352
vidyut latA kanaka rAji piSaFgam aFge nArAca varzam aBivarzati vArivahaH	glog phreng dmar ser 'gyu ba lus la char du 'bab // cha bas nyen la bu yug kyang ni tshar 'gyur la //	84.00594577750822
tApa arditasya dahanam tu hita anilaH pi SIta arditasya dahanaH pi karoti SItam	lhags pas nyam thag pa la me yang grang byed do // shin tu mi bzad las yongs smin pas rnam rmongs pa //	82.21607469203678
ati ugra karma pariNAma vimohitasya viSvam tadA asya viparItam idam viBAti	'di la sna tshogs 'di kun phyin ci log tu snang // khab mig tsam gyi kha la dpag tshad mad 'jigs pa'i //	70.27755997784128
SUcImuKasya bahu yojana BIma kukzeH Artasya vAri pibataH pi mahA samudre	lto can nyam thag rgya mtsho chen po'i chu 'thung kyang // mgul phugs yangs pa nyid du phyin par ma gyur par //	83.81083457045074
aprAptaH eva pRTu kaNWa darI prapAta Slezma UzmaNA jala lavaH pariSozam eti	kha yi dugs kyis chu yi thigs pa skam par 'gyur // ral pa'i tshogs mang spungs pas bsgyings pa'i khyi dag gis // mche ba gtsong rings rdo rje'i rtse mos lus dbad cing // chu bo rab med thal skyo me lces gang ba'i dogs // rdo bzur rnon mi bzad rtse rnon can du bdas //	71.7058345338304
caQcat SawAnika x pIvara sArameya daMzwrA aFkura agra kuliSa kzata cUrNita aFgaH	sbu gri rnos gtams lcug chal lo ma ral gri yi // nang du thang chad rgyugs na lus smas skyabs med pa //	74.8219318510515
kzAra ambu pUrNatara vEtaraNI tawezu nizkRzyate vizama kowi Sita upalezu	rtse gsum mdung thung dang ni ral gri rnos gar ba'i //	69.41596178978754
DAvan javena niSita kzura saMstarezu vicCinna mUrtiH asi pattra latA vanezu	khron pa gshin rje'i kha bas thu ba'i nang du lhung //	70.52675560972277
kUpe patati aSaraNaH Sita SUla Sakti prAsa asi hAsa nijita antaka vaktra ranDe	nyi tshan gyis gdung bzod dka' rlag par dga' ba'i lus //	70.1806026016929
tIvra Atapa kvazita duHsaha aKinna dehaH vRkzAn nirIkzya Gana nIla dalAn upEti tad pattra Sastra Sata pAta viBinna mUrtiH tatra eva tizWati ciram viruta eka banDuH	ljon shing lo ma sngo stug mthong nas song ba dang // de yi lo ma mtshon brgya lhung bas lus dbad cing / de na yun ring dud mo las shes brlag par gnas // bud med kun nas me lce brgya phrag 'thon pa'i mi //	80.04841869930776
paryanta nirgata SiKA Sata visPuliFga mAlA Akula jvalita maNxana maNxitABiH	me stag phreng ba 'khrigs pa'i rgyan gyis @49a * // gzhag gyur cing //	72.06606209359381
prema antara praNaya nirdayam aFganABiH AliFgyate krakaca karkaSa vigrahABiH SEla ABa BIzaNa visaMkawa meza yUTa saMGawwa cUrNita viSIrNa samasta gAtraH	sog le lta bu'i rtsub pa'i lus kyi zon med pa / shin tu sdug pa'i tshul du bcum nas 'khyud par byed // ri dang mnyam du lug ru 'jigs su rung ba gnyis // 'dus pa'i phrag tu lus kun phye mar rlog cing 'joms //	77.7196993049153
ApAta vAta lava SEtya samarpita AsuH saMcUrNyate punar asO SataSas taTA eva	cung zad bsil ba'i rlung zheg langs pas brtas nas de // de bzhin phyir yang lan brgyar kun nas phye mar rlog /	84.5320326950316
uttrAsitaH muKara Kaxga SivA sahasrEH Arohati druta padam punar eva rOdrAn	bse khyi bong bu ce sbyang stong phrag gis bred nas // shal ma ri mtho mi bzad de la myur 'dzegs na //	84.81951120403122
tAm kUwa SAlmalim aDomuKa kaNWaka oGa nirBidya mAna vapuH arpita gAXa SalyaH	tsher ma'i tshogs kha thur du bltas pas thal 'byin cing // zug rdu tshabs bo che dag khong rlag nub par 'gyur //	86.28248437336417
mRtyoH kara anta galitEH iva kAla pASEH ASIvizEH DRta PaNEH dRXa saMyatasya	gshin rje'i lag na thogs pa dus kyi zhags pa lta'i // sbrul sdug mgo 'phang bstod pas dam gzhag gzhungs nas ni /	83.43770030794154
utpAwayanti nayane sPurataH prasahya tatra sTitasya baka vAyasa kaFka gRDrAH	gson por kha dang bya gar kang ka bya rgod kyis // de na gnas pa'i mig dag tsham tshom med par 'dru //	83.7395792083657
tezAm muKEH kuliSa kowi niBEH prasahya nidrAyamAna vapuH eza kRta Arta nAdaH	de lus de dag gi mchu rdo rje rtse mo ltas ; / brtsam pa med dbang nyam thag nga ro 'byin byed cing // thur du babs na lcags tsher gyen du kha bltas pa //	83.8500403491923
loha unmuKa pracura pIvara tIkzNa SaFku nirBinna mUrtiH avarohati nazwa cetAH	sbom ba rno ba mang pos lus phug dran pa nyams //	72.03699857313235
AdIpta SUla Sita Salya viBinna dehAH tatra eva kecid avaroXum aSaknuvantaH	de bas kha cig mdung rtse gsum pa 'bar ba dang // zug rdu rnon pos lus dbang thur du 'bab mi nus //	86.32583968690913
GorEH yadA niSita Sastra muKEH ayoBiH AkRzyamANa visarat galita antra sUtrAH	de tshe mtshon cha bdar ba'i mchu can khva rnams kyis // kun du drangs pas rgyu lto brang breng nar zhang 'thor // kha cig ri bo'i g-yang sa ya ngar g-yang du lhung //	76.73581783341493
kecid patanti vizamezU gireH tawezu kecid parikvazita tEla kawAha kukzO	kha cig 'bru mar skol ba'i zangs chen nang du ltung // gzhan dag phye ma sreg pa me stag 'phro ba yi // sa gzhi rkang pa gzhag pa'i gnas mi thod par lhung // kha cig 'bu sbrang phra mo lcig lcig 'dug pa yi // tshogs kyis lus rmugs bam zhing rnam par 'drul // las kyi rang bzhin snyi la 'tsho ba thogs pa rnams // bskyod pa tsam yang bya bar mi nus bzhin du gson //	58.03999886581299
uttapta vAluka Buvam visRta sPuliFgAmenya viSanti pada saFgam anApnuvantaH	lhags pa dpe med rus ba la yang thim pa yis ; / lus sbrebs 'dar zhing bskur nas gum gum por 'dug pa //	81.3045537760527
eke punar simisi mAyita m Ukzma jantu saMGAta jarjarita sUna vipUtikAyAH saMcAla mAtram api hartum aSaknuvantaH jIvanti karma maya pASa nibadDa jIvAH	chu bur brgya byung rdol ba las skyes srog chags kyi //	32.54405399510372
asTIni api praNayatA rahita upamena SItena jarjarita vepita piNxita aFgAH utpanna Binna piwakA Sata jAta jantu jagDa kzata Sruta samajja vaSA la SIkAH	ral gris dbad nas zhag dang chu ser rkang bcas 'dzag /	31.044677277637646
saMdazwa lagna daSana aH tanu loma keSAH saMGawwita vyaDita locana karNa kaNWAH	dkos thag so 'thams skra dang spu rnams g-yengs gyur pa // mig dang rna ba lkog ma gnod @49b pas kun gzhir zhing // lus dang sems kyi bar dag rab tu klong gyur nas //	73.42090244534654
A cetasaH jaxatara tvam upetakAyAH tizWanti SIta narakezu BRSam nadantaH	grang ba'i dmyal bar gnas shing shin tu 'o dod 'bod // dmyal me du ba mched dku mnam pa 'thul bas gnam mdog 'gyur //	87.12983521871034
vikIrNa bahala ugra ganDa kawu DUma DUmra antaram vijRmBita SiKA kara prakara rudra diS maNxalam	me lce'i lag mang rnam par 'phros nas phyogs kyi dkyil 'khor khebs ; / rus god dkar dum phreng ba'i rgyan gyis spud pa skyi g-ya' ba //	83.48789120912701
sita asTi sakalAwalI racita BUzaNam BIzaNam pravRttam iva BEravam sa suja carma hAhA ravam	glang chen pags gyon bsdigs thabs kye ma kyi hud zer ba bzhin //	68.7167515423657
cawat SaXat iti kvacid sPura duru sPuliFga Akulam Camat Samat iti kzaNa sTagita jRmBitam medasi	la lar me stag che 'phro 'khrug pa 'ur sgra tog yar la //	53.5790065751917
kawat kawat iti kvaNantam urasaH sTiranDra antare patanti naraka analam vijita kalpa kAla analam	zhag gis bab na skad ngan bod pa'i rtse zhil chil chil 'bar // brang gi rus pa'i khong du thal la lhag lhag sgra grags pa // bskal pa'i dus kyi me yis bskyod du med pa'i nang du lhung //	81.4943923606475
purANa tRNa jarjara jvalita parSukA x x x x x x x x latAlavaH Dak iti vAnta dIpta arcizaH	glo nas rtsva skam rnying las sbar ba lta bur me tshogs 'bar //	64.04835571004828
sPuwat jaWara niHsRta prasara dantra saMtrAsitAH vimukta guru GarGara Dvanita mAtra Seza kriyAH	mgrin dang kha nas me lce 'bar ba dud bcas bstud mar 'byung // khong lto gas pa nas lug nang khrol nar bas kun bred cing // brda mi phrad pa'i skad chen tsam zhig 'don par byed par zad //	77.16074194957685
nirIkzya vivara antaram muhur apAvRtam dUratas prayAnti kaTam api amI pramata duHKa mokza ASrayAH	sdug bsngal che las thar par 'dod pas de dag yang dang yang // sgo bye gseb gzhan mthong nas thag ring ci zhig ltar te 'byer //	83.3806266512288
yadA tat api Gawwitam Bavati karma pawwEH dRXEH tadA viPala vAQCitAH kim api yAnti duHKa antaram	gang tshe las kyi sgo 'phar dam pos de de yang bcad 'gyur pa // de tshe yi mug bzod blag sdug bsngal gzhan yang 'byung bar 'gyur // mnga' chen rno tshogs 'bar ba char bzhin 'bab pa'i rjes la yang // dmyal ba'i srung mas dbyug pas btab cing mchi ma 'dzag bzhin du //	64.30715143885534
jvalat niSita tomara prakara varzaNa anantaram dravIkRta maya urasam dahana raSmi mAlA Akulam	lcags zhun khu ba ma stag 'bar ba'i phreng bas 'khrigs pa ldud // kha sna rna ba'i bug dag nas dud 'thul gyen du 'byung //	77.05966620131159
pibanti galat a sravaH nara kapAla daNxa AhatAH muKa SravaNa nAsikA vivara labDa DUma udgamAH	mig dang glad spris rdol gyi bar du kun sreg cing //	64.30990141584974
AdagDa visPuwita netra SiraH kapAla mastizka dIpita piSaFga SiKA kalApaH	glad pa'i rgyas la 'bar ba'i me lce smug nag tshogs // me de khros pa lta bur de yi lus phung la //	82.45768745399076
Suzka inDana prakara nirdaya tAm upEti Soka agni kozaH iva gAtra cayezu tezAm	bud shing skam po bcer la sbar ba bzhin du mched // skye bo de srog rig zar klung gi chu ltar g-yo //	78.47678209950448
te jantavaH giri nadI jala lola jIvAH OzWyam tat eva narakezu te eva ca agniH	dmyal ba'i me yang der zad tsha ba'ang der zad de //	68.01415983279362
karmANi tad Kalu taTA pariNAmayanti sarvam yaTA parama dAruNam AviBAti	las rnams ji ltar thams cad shin tu mi bzad pa // snang bar 'gyur ba de ltar yongs su sgyur par byed //	85.47556446121717
AtmIya karma vivaSa Akula vezwitasya muktasya pApa nilayAt nirayAm kaTaMcid	skye bo rang gi las kyis dbang med 'chal spyod pa // brgya la sdig nas dmyal ba dag nas thar na yang //	80.34302910958864
lokezu ananta gati Beda Baya Akulezu mAnuzyakam parama durlaBam eva jantoH	'jig rten 'gro ba mtha' dag bye @50a * // ba 'phyes rnams su // mi yi dngos po shin tu rnyed par dka' ba nyid // gal te kla klo dmyal ba'i srung dang spyod mtshungs sam //	81.79967763107827
mlecCezu vA nara kapAla sama vratezu tiryakzu vA kRta paraspara BakzaNezu	dud 'gro phan tshun za bar byed pa'i nang dag tu //	69.39387191235265
jAtim laBeta yadi tatra tat eva SIlam Asevate patati yena punar prapAtam	skye ba thob par 'gyur na gang gi phyir yang ni // g-yang du lhung bar 'gyur ba'i ngang tshul de nyid bsten // gang zhig thob nas skye ba'i rgya mtsho mthar 'byin cing //	79.37350890032853
yat prApya janma jalaDeH api yAnti pAramAropayanti Sivam uttama boDi bIjam	byang chub mchog gi sa bon dge ba'ang 'debs gyur pa // yid bzhin nor bu bas kyang yon tan lhag pa yi //	73.2963612619745
cintAmaNeH api samaByaDikam guNa oGEH mAnuzyakam kaH iha tad viPalIkaroti	mi nyid de ni su zhig 'bras bu med par byed // bde gshegs lam bsten 'gro ba 'dren par chas gyur cing // sems kyi stobs chen mi yis rnyed pa gang yin pa'i // lam de lha dang klu yis mi rnyed lha min dang // mkha' lding rig 'dzin mi'am ci ste lto 'phyes min // mi yi dngos po shin tu rnyed dka' rnyed gyur nas //	62.129252277012355
atyanta durlaBam upetya manuzya BAvam yat vAQCitam tat aBivAQCitam eva kuryAt	don du brnag pa gang yin de ni brtun te bsgrub // mar me'i me lce shugs drag rlung gis bskyod pa lta'i //	69.65810222652752
caNxa anila Akulita dIpa SiKA acalasya na hi AyuzaH kzaNam api sTiti niScaya usti	tshe ni skad cig gnas pa'i gdengs yang yod ma yin //	64.1792473754791
Svas kAryam etat idam adya param muhUrtAt etad kzaNAt iti janena vicintyamAne	'di ni sang bya 'di ni thang cig 'og tu bya // 'di ni de'u re bya zhes skye bo sems pa na //	74.01656228784094
tiryak niH IkzaNa piSaFgita kAla daNxaH SaFke hasati asahanaH kupitaH kRtAntaH	gshin rje be con nag thogs zur gyis lta ba yi ; / mig rtsa dmar khros ma rangs gad mos re snyam 'debs //	76.91902104646562
AyAti Pulla kusumaH kusuma AgamaH yam ezA SaSAFka tilakA Sarad AgatA iti	sos ka me tog rgyas pa'i dus 'de 'byung bar 'gyur // zla ba gsal bas mtshon pa'i ston dus 'di 'byung zhes //	75.8341890464774
sarvaH prahRzyati janaH na punar mama etat AyuH prahINam iti yAti param vizAdam	skye bo thams cad dga' 'gyur bdag gi tshe 'di ni // zad par 'gyur zhes shin tu mi dgar 'gyur ba med // zla ba'i dkyil 'khor rgyas pa nye bar brgyan byas shing //	66.03444829592155
Asanna pIna SaSi maNxala maNxanAsu viSrAnta vAri guru vArida meKalAsu	rked 'chings char chen sprin gyi 'khrigs pas 'khyud gyur pa // ri rtse'i nags kyi mthongs der chags pa med pa ni // rlung ltar g-yo ba'i rang bzhin tshe gtugs skal ba che // nags mthongs ri dags rgyu ba'i tshogs kyis bsten byas la // kun nas nyams dga' bzang po de ni skyid pa gang // de ci dga' ba'i nags tshal lha mo'i nyams bag tu // thel gyis 'bebs pa'i rdo leb can la yod 'gyur snyam //	52.90599148290545
niHsaFgamAsu giri SRFga vana sTalIzu DanyAH nayanti anila caQcala SIlam AyuH	nags klung chu gtsang dogs kyi dben pa skyid pa gang //	72.37679631824238
kim sA ratiH Bavati nandana BUmikAsu divya aFganA jaGana pRzWa SilA talAsu yAH mugDa mugDa haraNI gaNa sevitAsu niHsaFga cAru suBagAsu vana sTalIzu	@50b de ci lha yi bu mo dri zhim byugs pa yi // lan bu'i rgyan du thogs pa'i rgyu ldan me tog tshogs // mdzes pa'i zil gnon lha yi chu la'ang yod 'gyur ram // rtsa ba 'bras bu shun pa lo ma phun sum tshogs pa'i ljon shing ldan // nags tshal ltos med ri bo'i chu rgyun bsil 'bab chags pa med pa'i gnas //	78.45126977590397
divya aFganA parimalA vilaye niBinna saMtAnaka stavaka hAsa vitaNvanIzu	chu klung yangs pa'i mtha' ru 'bras bu me tog lhung bas brgyan pa yi // nyams dga' bas mthar ci zhig med de dmyal sdong khyim gyis bslus te sdod //	75.03221469037832
kim sA ratiH surasaritsu vivikta ramya tIrAsu yA Suci jalAsu vane nadIzu	ri sul yangs par skye bo bun long med pas rab bde ba //	67.9355971867092
viSAlAH SElAnAm virata jana saMpAta suBagAH guhAH gAXa ABogAH haritavana leKA parikarAH	nyer spyod rgya chen nags tshal sdo 'khrungs phreng bas sbrengs //	70.46319626885553
sarit tIra AsannA suraja maDurEH nirjana ravEH na gamyAH kleSa agneH ayam iti vadanti iva paTikAn	chu dogs snyan pa phu chu'i rgyun 'dra rnga ltar snyan pa yis // bdag cag nyon mongs yul ma yin zhes 'don la sgrogs pa bzhin //	79.06131050247086
mAyA marIci daka candra taraMga kalpAH kAmAH jinena gaditAH viBavAH striyaH ca	'dod pa rnams dang 'byor dang srid gsum rgyal ba yis // sgyu ma smig rgyu chu zla dpa' rlabs 'dra bar gsungs //	78.31099740492768
svapna anta durlaBita viBrama vipralabDAH bAlAH patanti nirayezu api yezu saktAH	rmi lam lta bu'i ngan spyod 'khrul bas bslus pa yi // byis pa gang dag de la chags pa dmyal bar ltung // yul dang dug mtshungs dang po myod ba tsam na bde //	85.36227626010216
ApAta mAtra maDurAH vizayAH vizaH ca GorAH vizAka kawukAH vizayAH vizaH ca	yul dang dug mtshungs rnam smin rtsub pas mi bzad pa // yul dang dug mchungs gti mug mun pas thibs por byed //	74.4094681097147
moha anDakAra gahanAH vizayAH vizaH ca durvAra vega capalAH vizayAH vizaH ca	yul dang dug mtshungs shugs bzlog dka' zhing g-yo ba yin // dug dang yul rnams blo yis nges par brtags byas na //	84.2602601280563
kAmAH vizaH ca vizayAH ca nirUpyamAnAH SreyaH vizam na vizayAH vizama svaBAvAH	nyis na dug bla mi bzad rang bzhin yul rnams min // dug ni skye ba gcig la dug tu 'gyur bar zad //	75.74952710290414
ekatra janmani vizam viza tAm prayAti janma antare pi vizayAH viza tAm prayAnti vizasya vizayANAm ca dUram atyanta gocaram upayuktam vizam hanti vizayAH smaraNAt api	yul ni tshe rabs gzhan la'ang dug tu 'gyur bar byed // dug ni dug dang bsres nas rab tu zhi bar 'gyur //	54.31326332480382
saMsRzwam vrajati vizam vizeNa SAntim sat mantrEH agada DarEH ca sADyamAnam	gsang sngags mchog dang dug sel sman gyis gso bar rung // dug ni thabs ldan spyad na mi la phan 'gyur gyi //	78.29811378106004
yuktam vA Bavati vizam hitAya nLNAm na tu evam vizaya mahA vizam kadAcid	dug chen yul ni nam yang de lta ma yin no // ji ltar glang bu khron zab kha nas 'khrungs pa yi //	69.73806203068642
yadvat vRzaH vizama kUpa tawa antatrUXaH dUrvA pravAla lava lAla samAnasaH san	rtsva lo kham 'ga' tsam la yid ni chags gyur pa // rnyed pa grub pa med par g-yang du ltung ba ltar //	77.24766006307951
SvaBre patati aTa ca na astu te eva lABaH tadvat suKa anvita matiH Kalu jIva lokaH	'tsho ba'i 'jig rten bde ldan 'dod pa'ang de dang 'dra //	65.1629306974016
mandAkinI jala raya Akulita alakABiH krIxA vihAram anuBUya saha apsaroBiH BUyas Bramanti Kara vEtaraNe taraMga saMparka jarjarita dAruNa duHKa BAjaH	lha yi bu mo dal gyis 'bab pa'i chu rgyun gyis // 'phral thabs klong pa rnams dang lhan cig rtse myong @51a * // nas ; / phyer yang chu bo rab med rba drag 'bogs pa yis // smas pa'i sdug bsngal mi bzad bstan par bya dgos so //	83.84777639278951
AstIrNa kalpa taru pallva saMstarezu kAntA saKAH sura vanezu maKam vihRtya	lha tshal dpag bsam shing lo'i gding ba kun bkram par // lha yi bu mo dang bsten bde bar gnas nas kyang // phyir yang mtshon rnon mang po 'bab pas lus dbang pa // lo ma ral gri lta bu'i nags tshal bgrod dgos so // rkang bzhag nems dang 'phar byed reg na bde ba yi // ri rab spo yi dkyil du yun ring gnas nas kyang //	66.56860977671153
BUyas Bramanti niSita Akula Sastra pAta vicCinna gAtram asipattra vana sTalIzu sparSe suKAsu pada pAtanatA unnatAsu meroH nitamba padavIzu ciram vihRtya uttapta sEkata kukUla kRSa anurASim saMsIryamANa caraNa Uru BujaH Bramanti	phyir yang bye ma bsregs pa'i me ma mur gyi tshogs // brla dang rkang lag kun du zhig par 'khyam par 'gyur //	24.70953061502328
gatvA divam muKaraBAsura kiFka nIka hAra AvalI nikara danturitEH vimAnEH	dril bu mdzes khrol mu tig phreng tshogs lhag ge ba // gzhal med khang du zhugs te lha yul bgrod nas kyang //	73.84184155739923
Goram sTira ASrayam ameyam ananta pAram anDam tamaH punar aDaHSirasA patanti	mi bzad skyabs med mun nag thibs po dpag med pa // pha mtha' med pa'i nang du spyi tshugs ltung bar 'gyur //	81.65561618294785
SakraH pi yatra sura kiMnara nAga yakza mOli praBA prakara piQjara pAda pIWaH	gang du lha klu mi'am ci yi mgo rgyan gyi ; /'od kyi tshogs kyis rkang rten dmar ba'i brgya byin yang //	80.99180592953113
karma anila Akula gatiH kugatiH prayAti kaH nAma tatra puruzaH na Bayam Bajeta	las kyi rlung 'khrugs 'gro ba ngan par 'gro 'gyur ba // de la skyes bu su zhig 'jigs pa bstan mi byed //	76.56430188447831
pramlAyamAna kusumAH Sru x x x digDAH mlAna ambarAH karuNa dIkzita banDu vargAH	me tog rab tu rnyings shing lus rdul thon pa dang // gos rnying smre zhing nye du rnams la lta ba yis //	80.18671405951544
duHKam param yat amarAH maraNe vrajanti tat mAnavAH na jala budbuda lola jIvAH	lha rnams 'chi ba'i rab tu sdug bsngal gang yin de // 'tsho ba chu bur lta bur g-yo ba'i mi la med //	77.00847805553819
duHKa agni prakara niroDa BErave sminya loke vahati janaH suKa aBimAnam tad matyoH vadanam apAvRtam viSAlam tat bIjam punar api janma pAdapasya tam tRzNA maya dRXa dIrGa tantu badDam paryasta praNihita BIma kAla daNxam	sdug bsngal me tshogs 'phung bas 'jigs pa'i 'jig rten 'dir // skye bo bde snyam mngon pa'i nga rgyal byed pa dang // de ni gshin rje'i kha yangs 'byed par byed pa ste // de ni skye ba phyi ma'i ljon shing sa bon yin // de ni gshin rjes srid mtshor rgyu ba'i sems can la // log par smon pa'i 'jigs pa dbyig pa nag po'i rtser // sred pa'i tha gu ring pos dam bzhag btags pa yi //	86.19802438595886
sattvAnAm Bava jalaDO pariplutAnAm matsyanAm baxiSam iva antakena dattam	mchil pas nya la bya ba bzhin du btab pa yin //	70.31207228316696
kumBIpAka kvaTita kalilAt uzNa saMramBa vegAt kRtvA udgrIvam kzaNam api suKam labDa niSvAsa mokzAH	dmyal rnams zangs chen lhag lhag skol ba tsha ba'i shugs drag nas // skad cig tsam zhig mgo stod dbugs 'byin 'gyur ba rnams //	83.54972127663977
kroDa ApUrNEH su bahuBiH ayaH mudgarEH tAxyamAnA manyate tam param iva suKam nArakAH yadvat eva	lcags kyi tho ba rab tu mang po khros te gzas pa yis // brgyab na de nyid mchog tu bde ba yin par sems pa ltar // de bzhin sdug bsngal mi bzad pa yis dbang med rtag @51b gzir cing // re zhig tsam zhig ji zhig ltar te skye shi'i 'khrugs med nas //	74.14692373330524
tadvat duHKEH aniSam avaSaH dAruNEH pIxyamAnaH tAvat kAlam jaraNa maNara kzoBa muktaH kaTaMcid	skad cig sdug bsngal gnyug mar bzod dka' me lce zhil gyur na //	59.84295838778131
mandIBUte kzaNam api nije duHsahe duHKa vahnO sarvaH lokaH tanu suKa lava grAma tRzNAm karoti	'jig rten thams cad bde ba kham 'ga' la yang sred par byed //	67.61800584976164
yAvat yAvat jagati sakale jAyate sOKya saMjQA tAvat tAvat bahutara SiKaH jAyate rAga bahniH	ji lta ji ltar 'gro ba kun la bde ba'i 'du shes bskyed // de lta de ltar gti mug mun pa shin tu stug por 'gyur // ji lta ji ltar 'gro ba kun la sdug bsngal 'du shes bskyed // de lta de ltar gti mug mun pa shin tu srab mor 'gyur //	68.27848743030549
yAvat yAvat visarati SuBA BAvanA BAvyamAnA tAvat tAvat bahalatara tAm eti moha anDakAram	ji lta ji ltar sdug pa bsgom pa shin tu rnam 'phel ba // de lta de ltar 'dod chags me lce shin tu 'phro bar 'gyur //	69.49182275568499
yAvat yAvat niyatam aSuBA BAvanA yAti vRdDim tAvat tAvat taralataratam iti moha anDakAram	ji lta ji ltar mi sdug bsgom pa shin tu 'phel 'gyur ba // de lta de ltar 'dod chags me lce shin tu rtse zhil 'gyur //	70.17442732155835
durganDi pUti vikRtEH aravindam indum indIvaram ca tulayanti yadA aFgana aFgEH	bud med yan lag dring rul pa mi sdug dang // pad ma'i 'dab ma autpal dag tu snyam byed pa // snyan dngags mkhan gyi brdzun de'i 'bras bu mi bzad pa //	75.24907501995538
tasya anRtasya Palam ugram idam kavInAm tAsu eva garBa nilayam padamI viSanti	de dag de yi mngal gnas 'jug pa de yin no //	56.766006468685084
kA sOgatiH jagati yA SataSas na yAtA kim tat suKam yat aSakRt na purA anuBUtam	'gro bar lan brgyar ma son 'gro de gang zhig yod // sngon chad lan mang ma myong bde ba de gang zhig /	78.31813564138761
kAH tAH SriyaH capala cAmara cAru hAsAH prAptAH na yAH tat api varDate eva rAgaH	rnga yab dkar mdzes lta bu'i dpal gang ma thob pa // de yang gang zhig yod na 'on kyang 'dod chags 'phel // gang gi gling bar ma gnas chu bo de yong min //	80.00618105267132
nadyaH na tAH na vihRtam pulinezu yAsAm sTAnam na tat jagati yatra kRtaH na vAsaH	yul phyogs gang du gnas ma bcas pa'i gnas de med //	66.76089062623906
vyomnA api tat na padam asti na yatra yAtam duzpUraNaH tat api varDate eva rAgaH	gang du ma song nam mkha'i phyogs de'ang yod min na // 'on kyang 'dod chags dgang dka' 'phel bar 'gyur ba nyid //	85.7610829666625
duHKam na tat yat asakRt na purA anuBUtam kAmAH na te jagati yEH iha tRptiH AsIt	sngon chad lan mang ma myong sdug bsngal de yod min // 'gro bar gang gis tshim gyur 'dod pa de dag med /	79.50933734904942
sattvaH na saH sti jaWare Sayitam na yasya saMsAriNaH tat api na asti kaTam virAgaH	gang gi ltor mnyal ba'i sems can de med na // 'on kyang ji ltar 'khor ba can la chags bral med //	82.4470218138239
atyAyate jagati janma parigrahe smin duHKe suKe ca bahuSas parivartamAnaH	skye ba yongs su 'dzin pa 'gro ba rgya chen 'dir // bde dang sdug bsngal dag tu lan mang 'gre ldog pa //	85.29144748108487
na asO janaH jagati yaH na baBUva banDuH dveza uragaH tat api tizWati BIma BogaH	'gro ba gnyen ma gyur pa'i skye bo de gang med // 'on kyang zhe sdang sprul gyi rang bzhin 'jigs par gnas //	85.79909587737919
yEH sArDam etya hasitam lalitam pragItam ekatra pItam aSitam ca kRtAH ca gozWyaH kAla krameNa gamitAH kati ke pi ramyAH nItAH samAH ca vizamAH ca daSAH kaTaMcid tAn Arjavam java vivartana dRzwa nazwa anAvarta maDya patitAn iva vIkzyamANaH	gang dang lhan cig 'dus nas bgad cing rtses pa dang // glu blangs dga' 'dun byas shing gcig tu zos 'thungs dang // dus kyi rim pas me tog rna rgyan dengs byas dang // gnas skabs ci zhig @52a * // ltar mnyam mi mnyam byas pa yi //	53.56925957631162
saMsAra sAgara gatAn apahAya banDUn ekaH prayAti yadi na asti tatas kRtaGnaH	nye du 'khor ba'i rgya mtsho'i khongs su chud gyur pa // klong gi nang du lhung ba lta bu snang bzhin du // skye shis 'phos pas ngo ma shes pa de bor nas // gal te gcig thar byed na de las khrel bor med // byis pa bang na btsa' ba ci yang mi nus par //	68.76883609831665
aFka sTitena SiSunA vivaSena yAsAm pItaH payoDara rasam praNaya anuyAtaH	gang gi nu zho byams pa'i shugs kyis gzags 'thungs pa // ngal ba mang bsten byams pa bsten pa de dag 'dir //	69.8369306217185
tad nizPala pracura durlalita eka BAjaH kaH nAma dasyuH api hAtum iha utsaheta yA saMsTitaH yam udare pi kRta avakASaH yAH sneha viklava DiyaH SlaTam enam UhuH	shin tu ma rabs zhig na'ang spong bar su zhig spro // gang gi khong na 'di skabs rnyed nas gnas bcas shing // gang gi rtse bag sems kyis zon bcas 'di blangs pa //	71.13059907877938
tAH duHKitAH aSaraNAH kRpaNA vihAya kaH nAma SatruH api gantum iha utsaheta	nyon mongs de dag sdug bsngal skyabs med der bor nas // 'gro ba ma rabs tha shal zhig na'ang su zhig spro //	83.61429973229295
vikIrNe duHKa oGEH jagati vivaSe sminna SaraNe para arTe yat duHKam tat iha suKam AhuH su puruzAH	'gro ba sdug bsngal mi bzad mang pos dbang med skyabs med 'dir // gzhan gyi don du sdug bsngal gang de bde zhes skyes mchog gsungs ; / skad cig gzhan bkres skom dang tsha ngal bral bas rangs byas pa // des dga' gang yin de dang 'dra ba 'di na'ang gang zhig yod // gzhan phan bde ba skyed par brtson pas dga' ba rnyed pa gang //	66.1370958350616
kzaNam kzut tRzNA uzNa Srama vigamaramyAn arucaH param kRtvA tezAm api yat iha kaH iva asya pratisamaH	de ni yul bde'i longs spyod lhur len rnams kyis ji ltar yang //	54.16981345755223
na sAramyEH yAH na eva ca nRpati lakzmI parikarEH na dArEH na apatyEH na sura Bavane na asura gatO kaTaMcid saMprApyam x vizaya suKam Boga paramEH laBante yA prItim para hita suKa ADAna niratAH	gzhon bdes mi thob mi dbang 'byor pa'i yo byad rnams kyis min // chung mas ma yin gzhan min lha gnas lha min 'gro bas min // shin tu rnyed sla rtsva kham 'ga' lta phyugs kyang rang nyid za //	69.09470714393787
svayam GAsa grAsam paSuH api karoti eva sulaBam yadRcCA labDam vA pibati salilam gAXa tRzitaH	shin tu skom pas gdungs pa'ang chu zhig rnyed na dga' mgur 'thung // 'di na skyes bu gzhan don byed par brtson pa gang yin ba //	81.29239004460963
parasya arTa kartum yat iha puruzaH yam prayatate tat asya svam tejaH suKam idam aho pOruzam idam	de 'di'i brjid bag yin te de bde skyes bu'i rtsal de 'phags //	60.72883666325977
yadAlokam kuvan Bramati raviH aSrAnta turagaH sat Alokam Datte yat agaNita BArA vasumatI	nyi ma rlabs chan rta zhon rgyu pa snang byed gang yin dang // khur la mi rtsegs sa yis 'jig rten 'degs pa gang yin de //	80.78352223787381
na sa sva arTaH kaScid prakRtiH iyam eva mahatAm yat ete lokAnAm hita suKa rasa ekAnta rasikAH	rang don 'ga' med chen po rnams kyi rang bzhin de 'dra ste // de dag 'jig rten phan dang bde ba'i rol gcig tu gzhol // 'jig rten ma rig dud sprin 'khrigs pas 'gro ba 'khrugs gyur ba //	78.94597862039298
avidyA DUmra anDa Brama parigata vyAkula gati pradIpte duHKa agnO patitam avaSam vIkzya Buvanam	sdug bsngal me rab 'bar ba'i nang du dbang med ltung mthong nas //	69.29208619170961
sPurat vahni jvAlA pramaTita SiraH vezwana niBAH yAtante ye tra adButaH iha puruzAH te sukRtinaH	thong la me lce 'bar ba lta bur yid brel brtson pa gang // 'di na de dag skyes @52b bu yin te mkhas pa'ang de dag yin // gzhan gyi don du me lces gang ba'i mnar med dmyal bar yang //	87.4583968513038
avIcim gAhante hutavaha SiKA pUritam api prasarpat romAQcAH hima nikara candra aMSu SiSiram	gangs dang zla 'od bsil ba lta bur rab tu dga' bzhin 'jug / nyid kyi don du pad ma kha bye lhag ger 'dug pa yi //	76.21260130157866
para arTe x x x sPuwa nalina hAsA api nalinI karoti ezAm tApam hutavaha SiKA saMhatiH iva	mtsho yang de la me lce'i tshogs bzhin rab tu gdungs bar byed ; / gzhan la phan bar byed par chas pa'i mkhas pa rnams //	80.6810909230757
para hita karaNAya badDa kakzAH suKam asipattravane vasanti santaH	lo ma ral gri tshal na'ang bde blag gnas byed kyis // skad cig tsam yang lha yi bu mo dang 'grogs nas //	79.37007458948582
na punar amara sundarI sahAyAH kzaNam api nandana kAnane ramante	dga' ba'i tshal gyi nang du skyid par byed mi 'gyur //	67.4242778937689
aSaraNa jana tAraNAya tIrNAH punar api vEtaraNIm taranti DIrAH na tu gagana sarit taraMga BaFga vyatikara saFga suKam svayam Bajante	rgal bar gyur pa skyabs med skye bo bsgral ba'i phyir // phyir yang chu bo rab med nang du 'jug byed kyis // lha yi chu bo dba' rlabs chil chil 'dug pa yis // reg pa'i bde ba bdag nyid sten par byed ma yin //	82.67941567070632
iti su carita ratnam BUzaNam BUzaNAnAm Sivam amRtam udAram BAsuram BAsurANAm	de ltar rgyan gyis brgyan gyur legs spyad rin po che // gsal ba'i nang na gsal ba zhi ba'i bdud rtsi yangs ; / dga' ba'i dga' ba byas pa mi gzo rnyed dka' ba //	70.09048736318016
asulaBam akRtajQEH nandanam nandanAnAm Baja sama suKa hetum maFgalam maFgalAnAm	bkra shis rnams kyi bkra shis zhi ba'i bde rgyun te // bde bar gshegs pa'i gsung gi me tog rtag bsten bya //	58.830673836795036
sugata vacana puzpam sarvadA sevanIyam Palati Palam udAram puzpam eva drumANAm	ljon shing me tog de las 'bras bu rgya chen 'byung // bde gshegs me tog gsung las don tshogs bsten bya ste //	77.82271903058314
sugata vacana puzpAt arTa rASiH nizevyaH maDuni muDa karANAm yasya vAQCA prakarzam	sbrang ma sbrang rtsi la mchog dga' bar byed la ltos //	65.2384478534628
visRja vizayAn ni iti AkIrNAm kzaNa vyaya saFginaH Baja sama suKam sa AkAFkzam kRtAnta Baya ujJitam	skad cig gcig la zad cing rtag tu 'khrug pa'i yul rnams spong // zhi ba'i bde 'bras 'chi ba'i 'tsher med gcig bu dben pa sten //	79.40874789196647
vikara timiram moha vyAjam vimokza yaTa argalam na Kalu su ciram nidrAyante sat aSva kiSorakAH	rnam thar sgo yi gtan pas gti mug 'khrugs pa'i rab rib sol // rta mchog rte'u ni shin tu yun ring gnyid log 'gyur ma yin // khyod gcig gdung bas nyam thag rnams la srid pa'i mya ngam du //	80.83922593896968
vinaya visaraH vIrya skanDaH kzamA dama pallavaH SamaTa kusumaH prajQA SAKaH pradAna GanacCadaH	shing chen sdang brtan rgya chen kun gel bzod dang dul ba'i lo ma can // zhig nas me tog shes rab yal ga rab smin lo bran stug /	81.70524150838074
praNiDi SiKaraH SIla= CAyaH praSAnti Pala pradaH Bava Bava marO tApa ArtAnAm tvam eka mahA drumaH	smon lam rtse mo tshul khrims dri ma rab zhi 'bras bcas kyis // khyod gcig gdung bas nyam thag rnams la srid pa'i mya ngam du //	82.5137351172244
bahu jana hitaH mABEH vAda pradAna mahA svanaH pRTutaraSoDArA sAraH kRpA anila coditaH praSamita rajaH SIla= CAyA viBUzita BUtalaH Bava Bava marO tApa ArtAnAm tvam eka mahA GanaH	mtsho chen yangs gsal byin gzhol gting zab bsam pa rab tu dangs //	25.158492416247856
prakawa vipulam paFka aga aDas prasannatara ASrayaH satata SiSiraH jAla vyAla pramAda vivarjitaH	rtag bsil sprul gdug rnyi yis bag med 'jigs spangs rang bzhin gyis // rab tu @53a * // gtsang zhing sred ba gcod byed rtul ba'i khur bzod kyis //	79.49527681877092
prakRti suBagaH tRzNA AcCeda avimarda Bara kzamaH Bava Bava marO tApa ArtAnAm tvam eka mahA hradaH	khyod gcig gdung bas nyam thag rnams la srid pa'i mya ngam du // sprin chen skye bo mang phan mi 'jigs smra ba'i sgra chen sgrogs // drag pa rgya chen char gyi shugs drag snying rje'i rlung gis bskyod // rdul bral zhi bas tshul khrims dri mas sa steng brgyan par gyis //	72.92458578400391
iti nigadatA yat upArjitam puNyam mayA kiyat su gata carite kRtvA SradDAmanena janaH KilaH	bdag gis de skad brjod pas bsod nams cung zad bsgrubs pa gang // de yis skye bo ma lus bde gshegs spyod la dang byed cing //	72.68600716200872
satata suKitaH ramya ABogaH samRdDa manoraTaH para hita rataH sarvajQa tvam prayAtu tatas SanEs	rtag bde longs spyod bzang ldan yid la re ba 'byor ba dang // gzhan la phan dga' de nas rim gyis kun mkhyen bgrod par shog /	81.18129814623589
kara tala samAH spazwa AlokAH praSAnta kRSAnavaH sTala kamalinI pattra= CannAH bisa aFkura danturAH	dmyal ba lag mthil ltar mnyam rnam bsal me rab zhi ba dang // skam 'khrungs padma'i lo mas khebs shing rtsa ba'i khye'u so 'thon //	82.81478620766305
Suci suraBayaH sPulla amBojEH viBUzita BUmayaH daDatu narakAH sPItAm SoBAm sa SIkara vAyavaH	gtsang zhing dri zhim padma kha byes sa rnams brgyan pa dang // rgyas shing bzang la ser bu'i ngad bcas char zim 'bab pa par shog / bdud dpung pham pa cho nges 'debs pas mi bsnyengs sgrogs pa po //	79.7176749973769
vijitaMviruta mArAnIkAH kRta aBaya GozaNAH gagana salila krIxA ramyA sameta nara amarAH	lha chu'i rtse mo bas kyang dga' mdzad lha dang mi 'dul ba //	69.85416237866468
janana maraNa kleSa AyAsa prabanDa viGAtinaH diSi diSi sadA budDa utpAdAH Bavantu samIhitAH	skye shi nyon mongs sdug bsngal rgyun rnams 'joms pa'i sangs rgyas dag / phyogs dang phyogs su brang pa bzhin du nam zhar 'byung bar shog /'gro ba chos	88.97171871864657
Bavatu jagatAm Darma AmodaH prabanDa mahA utsavaH su cira guNitAH mRtyoH banDyAH Bavantu manoraTAH	kyi kun dga' 'phel ba'i dga' ston che bar shog /'chi bdag re ba shin tu yun ring goms pa don med shog /	73.19085369780518
muni jana kaTA gozWI banDEH samAvRta varziBiH satata SiSiraH suBaga candrAlokaH prayAtu kRtArTa tAm	thub pa'i skye bo gtam tshogs 'phel bas zhe ba bdud rtsi yi // char gyi zla ba'i snang ba rab bzang bsil bas don byas shog /	77.86328150307165
iti Sizya leKa nAma Darma kAvyam samAptam	slob ma la springs pa'i phrin yig slob dpon chen po tsan dra go mis mdzad pa rdzogs so /	77.86328150307165

